id,user_id,first_name,last_name,email,prefix,specialization,college,department,emp_type,emp_no,image,employment_status,hired_at,resigned_at,created_at,updated_at,deleted_at
1,,Joan,Awingan,joanawingan@adamson.edu.ph,Ms.,General Biology,College of Science,Biology Department,Professor,202012381,profile.woman1.png,Permanent Full-time,2020-1-1,,2/23/2018 7:07:00,6/1/2023 7:36,
2,,Zorablel Maria,Delos Reyes,zorablelmariadelosreyes@adamson.edu.ph,Ms.,General Biology,College of Science,Biology Department,Professor,202012382,profile.woman2.png,Permanent Full-time,2020-1-1,,7/23/2018 20:37:00,6/5/2023 7:37,
3,,Renz Marion,Gamido,renzmariongamido@adamson.edu.ph,Mr.,General Biology,College of Science,Biology Department,Professor,202012383,profile.man1.png,Contractual Part-time,2020-1-1,,8/1/2018 20:16:00,6/27/2023 7:40,
4,,Jellie Anne,Hagunoy,jellieannehagunoy@adamson.edu.ph,Ms.,General Biology,College of Science,Biology Department,Professor,202012384,profile.woman3.png,Contractual Full-time,2020-1-2,,8/13/2018 20:08:00,6/28/2023 7:43,
5,,Maria Brenda,Hernandez,mariabrendahernandez@adamson.edu.ph,Ms.,General Biology,College of Science,Biology Department,Professor,202012385,profile.woman4.png,Contractual Full-time,2020-1-3,,4/26/2019 7:14:00,7/4/2023 8:11,
6,,Wilhelm,Javier,wilhelmjavier@adamson.edu.ph,Mr.,Micro Biology,College of Science,Biology Department,Chairperson,202012386,profile.man2.png,Permanent Full-time,2020-1-3,,9/23/2019 7:22:00,7/6/2023 10:07,
7,,Richard,Lagrimas,richardlagrimas@adamson.edu.ph,Mr.,Micro Biology,College of Science,Biology Department,Professor,202012387,profile.man3.png,Contractual Full-time,2020-1-4,,3/4/2020 7:24:00,7/7/2023 13:01,
8,,Jorshua Mark,Nombre,jorshuamarknombre@adamson.edu.ph,Mr.,Micro Biology,College of Science,Biology Department,Coordinator,202012388,profile.man4.png,Contractual Part-time,2020-1-6,,4/13/2020 7:33:00,7/12/2023 14:51,
9,,Lyn,Paraguison,lynparaguison@adamson.edu.ph,Ms.,Micro Biology,College of Science,Biology Department,Professor,202012389,profile.woman5.png,Permanent Part-time,2020-1-7,,7/10/2020 7:35:00,7/21/2023 15:22,
10,,Mikhail,Sai,mikhailsai@adamson.edu.ph,Mr.,Ecology,College of Science,Biology Department,Professor,202012390,profile.man5.png,Contractual Part-time,2020-1-8,,7/17/2020 7:36:00,7/26/2023 16:17,
11,,Julius John,Salamanes,juliusjohnsalamanes@adamson.edu.ph,Mr.,Ecology,College of Science,Biology Department,Professor,202012391,profile.man6.png,Permanent Full-time,2020-1-9,,12/23/2020 8:26:00,8/3/2023 16:32,
12,,Sigfredo,Solano,sigfredosolano@adamson.edu.ph,Dr.,Ecology,College of Science,Biology Department,Professor,202012392,profile.man7.png,Guest Lecturer,2020-1-10,,1/1/2021 10:01:00,8/22/2023 16:46,
13,,Hannah Shane,Soriano,hannahshanesoriano@adamson.edu.ph,Ms.,Ecology,College of Science,Biology Department,Professor,202012393,profile.woman6.png,Contractual Full-time,2020-1-11,,1/6/2021 15:21:00,8/23/2023 16:53,
14,,Liam,Santos,liamsantos@adamson.edu.ph,Mr.,General Biology,College of Science,Biology Department,Professor,202110000,profile.man2.png,Contractual Part-time,2020-1-11,,1/11/2021 20:41:00,8/24/2023 17:00,
15,,Emma,Reyes,emmareyes@adamson.edu.ph,Ms.,General Biology,College of Science,Biology Department,Professor,202110001,profile.woman1.png,Permanent Full-time,2020-1-13,,1/17/2021 2:01:00,8/25/2023 17:07,
16,,Olivia,Garcia,oliviagarcia@adamson.edu.ph,Ms.,General Biology,College of Science,Biology Department,Professor,202110002,profile.woman4.png,Contractual Full-time,2020-1-13,,1/22/2021 7:21:00,8/26/2023 17:14,
17,,Noah,Cruz,noahcruz@adamson.edu.ph,Mr.,General Biology,College of Science,Biology Department,Professor,202110003,profile.man4.png,Contractual Part-time,2020-1-15,,1/27/2021 12:41:00,8/27/2023 17:21,
18,,Ava,Fernandez,avafernandez@adamson.edu.ph,Ms.,General Biology,College of Science,Biology Department,Professor,202110004,profile.woman5.png,Permanent Full-time,2020-1-16,,2/1/2021 18:01:00,8/28/2023 17:28,
19,,Sophia,Lopez,sophialopez@adamson.edu.ph,Ms.,General Biology,College of Science,Biology Department,Professor,202110005,profile.woman6.png,Contractual Full-time,2020-1-19,,2/6/2021 23:21:00,8/29/2023 17:35,
20,,Jackson,Torres,jacksontorres@adamson.edu.ph,Mr.,General Biology,College of Science,Biology Department,Professor,202110006,profile.man7.png,Contractual Part-time,2020-1-21,,2/12/2021 4:41:00,8/30/2023 17:42,
21,,Aiden,Ramirez,aidenramirez@adamson.edu.ph,Mr.,General Biology,College of Science,Biology Department,Professor,202110007,profile.man8.png,Permanent Full-time,2020-1-21,,2/17/2021 10:01:00,8/31/2023 17:49,
22,,Lucas,Gonzales,lucasgonzales@adamson.edu.ph,Mr.,General Biology,College of Science,Biology Department,Professor,202110008,profile.man9.png,Contractual Full-time,2020-1-22,,2/22/2021 15:21:00,9/1/2023 17:56,
23,,Mia,Martinez,miamartinez@adamson.edu.ph,Ms.,General Biology,College of Science,Biology Department,Professor,202110009,profile.woman10.png,Contractual Part-time,2020-1-23,,2/27/2021 20:41:00,9/2/2023 18:03,
24,,Amelia,Morales,ameliamorales@adamson.edu.ph,Ms.,General Biology,College of Science,Biology Department,Professor,202110010,profile.woman11.png,Permanent Full-time,2020-1-26,,3/5/2021 2:01:00,9/3/2023 18:10,
25,,Harper,Perez,harperperez@adamson.edu.ph,Ms.,General Biology,College of Science,Biology Department,Professor,202110011,profile.woman12.png,Permanent Full-time,2020-1-28,,3/10/2021 7:21:00,9/4/2023 18:17,
26,,Ethan,Estrada,ethanestrada@adamson.edu.ph,Mr.,General Biology,College of Science,Biology Department,Professor,202110012,profile.man13.png,Contractual Full-time,2020-1-29,,3/15/2021 12:41:00,9/5/2023 18:24,
27,,Oliver,Villanueva,olivervillanueva@adamson.edu.ph,Mr.,General Biology,College of Science,Biology Department,Professor,202110013,profile.man14.png,Contractual Part-time,2020-1-31,,3/20/2021 18:01:00,9/6/2023 18:31,
28,,Charlotte,Castro,charlottecastro@adamson.edu.ph,Ms.,General Biology,College of Science,Biology Department,Professor,202110014,profile.woman15.png,Contractual Full-time,2020-1-31,,3/25/2021 23:21:00,9/7/2023 18:38,
29,,Isabella,Dela Cruz,isabelladelacruz@adamson.edu.ph,Ms.,General Biology,College of Science,Biology Department,Professor,202110015,profile.woman16.png,Contractual Part-time,2020-2-1,,3/31/2021 4:41:00,9/8/2023 18:45,
30,,Henry,Ramos,henryramos@adamson.edu.ph,Mr.,General Biology,College of Science,Biology Department,Professor,202110016,profile.man16.png,Contractual Full-time,2020-2-2,,4/5/2021 10:01:00,9/9/2023 18:52,
31,,Samuel,Pascual,samuelpascual@adamson.edu.ph,Mr.,General Biology,College of Science,Biology Department,Professor,202110017,profile.man17.png,Contractual Part-time,2020-2-4,,4/10/2021 15:21:00,9/10/2023 18:59,
32,,Benjamin,Herrera,benjaminherrera@adamson.edu.ph,Mr.,General Biology,College of Science,Biology Department,Professor,202110018,profile.man18.png,Contractual Full-time,2020-2-5,,4/15/2021 20:41:00,9/11/2023 19:06,
33,,Franklin,Amandy,franklinamandy@adamson.edu.ph,Mr.,General Chemistry,College of Science,Chemistry Department,Professor,202012394,profile.man8.png,Permanent Full-time,2020-2-5,,2/16/2021 15:40:00,8/30/2023 17:08,
34,,Carlo,Andres,carloandres@adamson.edu.ph,Mr.,General Chemistry,College of Science,Chemistry Department,Professor,202012395,profile.man9.png,Permanent Full-time,2020-2-9,,5/11/2021 17:26:00,9/5/2023 17:25,
35,,Edison Phillip,Apilo,edisonphillipapilo@adamson.edu.ph,Mr.,General Chemistry,College of Science,Chemistry Department,Professor,202012396,profile.man10.png,Contractual Part-time,2020-2-10,,8/4/2021 16:43:00,9/8/2023 17:36,
36,,Mariah Issabella Grace,Barba,mariahissabellagracebarba@adamson.edu.ph,Ms.,General Chemistry,College of Science,Chemistry Department,Professor,202012397,profile.woman7.png,Contractual Part-time,2020-2-11,,8/26/2021 17:41:00,9/11/2023 18:38,
37,,Keith Limuel,Bejasa,keithlimuelbejasa@adamson.edu.ph,Mr.,General Chemistry,College of Science,Chemistry Department,Professor,202012398,profile.man11.png,Contractual Full-time,2020-2-11,,9/20/2021 19:23:00,9/19/2023 19:51,
38,,Maria Katrina,De Paz,mariakatrinadepaz@adamson.edu.ph,Ms.,Biochemistry,College of Science,Chemistry Department,Chairperson,202012399,profile.woman8.png,Permanent Full-time,2020-2-11,,12/16/2021 13:20:00,10/12/2023 20:00,
39,,Arturo,Gaitano,arturogaitano@adamson.edu.ph,Mr.,Biochemistry,College of Science,Chemistry Department,Professor,202012400,profile.man12.png,Permanent Full-time,2020-2-14,,3/2/2022 13:24:00,10/20/2023 20:54,
40,,Jonyl,Garcia,jonylgarcia@adamson.edu.ph,Mr.,Biochemistry,College of Science,Chemistry Department,Professor,202012401,profile.man13.png,Permanent Full-time,2020-2-17,,3/22/2022 14:22:00,10/27/2023 16:53,
41,,Adrian,Go,adriango@adamson.edu.ph,Mr.,Biochemistry,College of Science,Chemistry Department,Professor,202012402,profile.man14.png,Contractual Part-time,2020-2-18,,5/9/2022 14:56:00,11/27/2023 16:17,
42,,Mervin,Hinampas,mervinhinampas@adamson.edu.ph,Mr.,Biochemistry,College of Science,Chemistry Department,Professor,202012403,profile.man15.png,Contractual Full-time,2020-2-20,,6/13/2022 10:55:00,12/4/2023 15:16,
43,,Kristoffer Lanze Andrew,Molina,kristofferlanzeandrewmolina@adamson.edu.ph,Mr.,Biochemistry,College of Science,Chemistry Department,Professor,202012404,profile.man16.png,Contractual Full-time,2020-2-20,,9/13/2022 11:09:00,12/7/2023 13:08,
44,,Ken Scymon,Montalba,kenscymonmontalba@adamson.edu.ph,Mr.,Therymodynamics,College of Science,Chemistry Department,Professor,202012405,profile.man17.png,Contractual Part-time,2020-2-21,,4/11/2023 12:26:00,12/20/2023 11:47,
45,,Frederique,Moralejo,frederiquemoralejo@adamson.edu.ph,Mr.,Therymodynamics,College of Science,Chemistry Department,Professor,202012406,profile.man18.png,Contractual Full-time,2020-2-21,,2/5/2018 13:03:00,6/6/2023 10:14,
46,,Ronald Jefferson,Narceda,ronaldjeffersonnarceda@adamson.edu.ph,Mr.,Therymodynamics,College of Science,Chemistry Department,Professor,202012407,profile.man19.png,Special Lecturer,2020-2-22,,2/19/2018 13:20:00,6/13/2023 10:47,
47,,Vanesa,Segun-Serafines,vanesasegun-serafines@adamson.edu.ph,Ms.,Therymodynamics,College of Science,Chemistry Department,Professor,202012408,profile.woman9.png,Contractual Part-time,2020-2-23,,2/26/2018 8:26:00,6/15/2023 10:57,
48,,Runir Antonio,Timones,runirantoniotimones@adamson.edu.ph,Mr.,Therymodynamics,College of Science,Chemistry Department,Professor,202012409,profile.man20.png,Contractual Part-time,2020-2-23,,6/5/2018 9:25:00,6/21/2023 14:51,
49,,Jay,Abaleta,jayabaleta@adamson.edu.ph,Mr.,Computer Science,College of Science,Computer Science Department,Professor,202012410,profile.man1.png,Contractual Full-time,2020-2-24,,2/4/2019 10:33:00,7/28/2023 16:17,
50,,Jessie,Alamil,jessiealamil@adamson.edu.ph,Mr.,Computer Science,College of Science,Computer Science Department,Professor,202012411,profile.man2.png,Contractual Part-time,2020-2-25,,2/8/2019 12:41:00,7/31/2023 16:46,
51,,Jerome,Alvez,jeromealvez@adamson.edu.ph,Mr.,Computer Science,College of Science,Computer Science Department,Professor,202012412,profile.man3.png,Permanent Full-time,2020-2-25,,4/1/2019 12:42:00,8/17/2023 18:33,
52,,Billy Jay,Angeles,billyjayangeles@adamson.edu.ph,Mr.,Computer Science,College of Science,Computer Science Department,Professor,202012413,profile.man4.png,Special Lecturer,2020-2-27,,8/26/2019 13:44:00,8/31/2023 11:39,
53,,Renato,Baisa,renatobaisa@adamson.edu.ph,Mr.,Computer Science,College of Science,Computer Science Department,Professor,202012414,profile.man5.png,Contractual Part-time,2020-2-27,,10/23/2019 14:11:00,9/1/2023 13:01,
54,,Carmelita,Benito,carmelitabenito@adamson.edu.ph,Dr.,Computer Science,College of Science,Computer Science Department,Professor,202012415,profile.woman10.png,Permanent Full-time,2020-2-27,,11/20/2019 14:41:00,9/4/2023 14:20,
55,,Joel,Hernandez,joelhernandez@adamson.edu.ph,Mr.,Computer Science,College of Science,Computer Science Department,Professor,202012416,profile.man6.png,Contractual Part-time,2020-2-28,,12/10/2019 17:25:00,9/5/2023 15:32,
56,,Joey Miller,Minguillan,joeymillerminguillan@adamson.edu.ph,Mr.,Computer Science,College of Science,Computer Science Department,Professor,202012417,profile.man7.png,Contractual Full-time,2020-2-29,,9/22/2020 20:37:00,9/20/2023 7:37,
57,,Alexis,Morales,alexismorales@adamson.edu.ph,Mr.,Computer Science,College of Science,Computer Science Department,Professor,202012418,profile.man8.png,Special Lecturer,2020-2-29,,2/4/2021 7:14:00,10/3/2023 9:46,
58,,Ma. Christina,Navarro,ma.christinanavarro@adamson.edu.ph,Ms.,Computer Science,College of Science,Computer Science Department,Chairperson,202012419,profile.woman11.png,Permanent Full-time,2020-3-2,,2/5/2021 8:05:00,10/10/2023 10:01,
59,,Jesus,Paguigan,jesuspaguigan@adamson.edu.ph,Mr.,Computer Science,College of Science,Computer Science Department,Professor,202012420,profile.man9.png,Contractual Part-time,2020-3-4,,7/23/2021 8:59:00,10/20/2023 16:32,
60,,Carlo Felipe,Poblete,carlofelipepoblete@adamson.edu.ph,Mr.,Computer Science,College of Science,Computer Science Department,Professor,202012421,profile.man10.png,Special Lecturer,2020-3-4,,11/25/2021 9:46:00,11/2/2023 17:16,
61,,Davood,Pour Yousefian Barfeh,davoodpouryousefianbarfeh@adamson.edu.ph,Mr.,Computer Science,College of Science,Computer Science Department,Professor,202012422,profile.man11.png,Special Lecturer,2020-3-5,,12/17/2021 10:27:00,11/7/2023 20:00,
62,,Archie ,Santiago,archiesantiago@adamson.edu.ph,Mr.,Computer Science,College of Science,Computer Science Department,Professor,202012423,profile.man12.png,Permanent Full-time,2020-3-6,,5/10/2022 10:58:00,11/9/2023 20:41,
63,,Charlene,Vergara,charlenevergara@adamson.edu.ph,Mrs.,Computer Science,College of Science,Computer Science Department,Professor,202012424,profile.woman12.png,Permanent Full-time,2020-3-6,,7/25/2022 11:01:00,11/10/2023 13:37,
64,,Marco,De Leon,marcodeleon@adamson.edu.ph,Mr.,Applied Mathematics,Graduate School,Cos-Graduate School,Professor,202012425,profile.man14.png,Contractual Part-time,2020-3-6,,7/26/2022 11:45:00,11/20/2023 9:50,
65,,Paulino,Galvez,paulinogalvez@adamson.edu.ph,Mr.,Molecular Biology,Graduate School,Cos-Graduate School,Professor,202012426,profile.man15.png,Guest Lecturer,2020-3-7,,8/3/2022 13:20:00,12/7/2023 10:49,
66,,Teresita,Malabuyo,teresitamalabuyo@adamson.edu.ph,Mr.,Geology,Graduate School,Cos-Graduate School,Professor,202012427,profile.man16.png,Guest Lecturer,2020-3-8,,8/29/2022 14:10:00,12/12/2023 11:30,
67,,Clara,Mingala,claramingala@adamson.edu.ph,Mr.,Environmental Science,Graduate School,Cos-Graduate School,Professor,202012428,profile.man17.png,Contractual Part-time,2020-3-9,,3/27/2023 14:41:00,12/20/2023 13:09,
68,,Ma. Galdiola,Santos,ma.galdiolasantos@adamson.edu.ph,Mr.,Applied Mathematics,Graduate School,Cos-Graduate School,Professor,202012429,profile.man18.png,Guest Lecturer,2020-3-10,,4/5/2023 15:12:00,12/21/2023 15:25,
69,,Gil Gabriel,Villancio,gilgabrielvillancio@adamson.edu.ph,Mr.,Molecular Biology,Graduate School,Cos-Graduate School,Professor,202012430,profile.man19.png,Contractual Part-time,2020-3-10,,5/1/2023 16:43:00,12/26/2023 17:00,
70,,Eleanor,Austria,eleanoraustria@adamson.edu.ph,Dr.,"BSIT, MIT",College of Science,"Dean, College of Science",Dean,202012431,profile.woman13.png,Permanent Full-time,2020-3-12,,2/15/2018 13:44:00,6/19/2023 15:13,
71,,Leonard Luis,Alejandro,leonardluisalejandro@adamson.edu.ph,Dr.,"BSIT, MIT",College of Science,Information Technology and Information System Department,Professor,202012432,profile.man20.png,Permanent Full-time,2020-3-12,,7/4/2018 13:44:00,7/10/2023 7:46,
72,,Marvi,Bayrante,marvibayrante@adamson.edu.ph,Mrs. ,"BSIT, MIT",College of Science,Information Technology and Information System Department,Chairperson,202012433,profile.woman14.png,Permanent Full-time,2020-3-15,,8/9/2018 14:50:00,7/12/2023 8:14,
73,,Anette,Daligcon,anettedaligcon@adamson.edu.ph,Dr.,"BSIT, MIT",College of Science,Information Technology and Information System Department,Professor,202012434,profile.woman15.png,Contractual Full-time,2020-3-16,,9/3/2018 10:53:00,7/17/2023 8:14,
74,,Gloria,Dela Cruz,gloriadelacruz@adamson.edu.ph,Mrs.,"BSIT, MIT",College of Science,Information Technology and Information System Department,Professor,202012435,profile.woman16.png,Permanent Full-time,2020-3-16,,10/29/2018 7:50:00,7/20/2023 9:29,
75,,Gene Justin,Rosales,genejustinrosales@adamson.edu.ph,Mr.,"BSIT, MIT",College of Science,Information Technology and Information System Department,Professor,202012436,profile.man1.png,Permanent Full-time,2020-3-20,,12/12/2018 8:35:00,7/26/2023 9:06,
76,,Nina Ana Marie Jocelyn,Sales,ninaanamariejocelynsales@adamson.edu.ph,Ms.,"BSIT, MIT",College of Science,Information Technology and Information System Department,Professor,202012437,profile.woman17.png,Permanent Part-time,2020-3-20,,1/4/2019 9:34:00,7/27/2023 9:46,
77,,Felnita,Tan,felnitatan@adamson.edu.ph,Dr.,"BSIT, MIT",College of Science,Information Technology and Information System Department,Professor,202012438,profile.woman18.png,Permanent Full-time,2020-3-20,,2/22/2019 9:34:00,8/10/2023 9:29,
78,,Rizalina,Valencia,rizalinavalencia@adamson.edu.ph,Dr.,"BSIT, MIT",College of Science,Information Technology and Information System Department,Professor,202012439,profile.woman19.png,Permanent Full-time,2020-3-22,,4/16/2019 10:48:00,8/29/2023 7:38,
79,,Quintina,Verceles,quintinaverceles@adamson.edu.ph,Mrs.,"BSIT, MIT",College of Science,Information Technology and Information System Department,Professor,202012440,profile.woman20.png,Permanent Full-time,2020-3-22,,5/6/2019 10:58:00,9/8/2023 10:10,
80,,Maria Jasmin,Villanueva,mariajasminvillanueva@adamson.edu.ph,Ms. ,"BSIT, MIT",College of Science,Information Technology and Information System Department,Professor,202012441,profile.woman1.png,Permanent Full-time,2020-3-23,,9/3/2019 12:36:00,9/12/2023 10:43,
81,,Joshua ,Toledo ,joshuatoledo@adamson.edu.ph,Mr.,"BSIT, MIT",College of Science,Information Technology and Information System Department,Researcher,201810154,profile.man9.png,Permanent Part-time,2020-3-23,,9/1/2019 3:12:28,12/06/2023 4:06:39,
82,,Mark Anthony,Belen ,markanthonybelen@adamson.edu.ph,Mr.,"BSIT, MIT",College of Science,Information Technology and Information System Department,Coordinator,201810155,profile.man8.png,Permanent Full-time,2020-3-24,,6/1/2018 12:45:47,11/03/2023 23:50:18,
83,,Bernhard ,Cordova,bernhardcordova@adamson.edu.ph,Mr.,"BSIT, MIT",College of Science,Information Technology and Information System Department,Professor,201810156,profile.man7.png,Contractual Full-time,2020-3-24,,1/8/2019 21:43:30,03/06/2023 5:41:00,
84,,Harvey,Corpuz,harveycorpuz@adamson.edu.ph,Mr.,"BSIT, MIT",College of Science,Information Technology and Information System Department,Professor,201810157,profile.man6.png,Contractual Part-time,2020-3-25,,2/6/2019 2:54:19,28/05/2023 17:52:47,
85,,Galeno,Umali,galenoumali@adamson.edu.ph,Mr.,"BSIT, MIT",College of Science,Information Technology and Information System Department,Professor,201810158,profile.man5.png,Contractual Part-time,2020-3-25,,16/03/2019 12:07:03,05/02/2023 18:13:43,
86,,Jovy,Alfonso,jovyalfonso@adamson.edu.ph,Mrs.,Applied Mathematics,College of Science,Math and Physics Department,Professor,202012442,profile.woman2.png,Permanent Full-time,2020-3-26,,9/5/2019 13:24:00,9/18/2023 10:42,
87,,Dustin,Buenaventura,dustinbuenaventura@adamson.edu.ph,Mr.,Applied Mathematics,College of Science,Math and Physics Department,Professor,202012443,profile.man2.png,Contractual Part-time,2020-3-26,,12/10/2019 14:26:00,9/20/2023 11:00,
88,,Jinky,Cabrela,jinkycabrela@adamson.edu.ph,Mrs.,Applied Mathematics,College of Science,Math and Physics Department,Professor,202012444,profile.woman3.png,Contractual Full-time,2020-3-27,,1/13/2020 15:21:00,10/5/2023 11:12,
89,,Cristine Joi,Cabrera,cristinejoicabrera@adamson.edu.ph,Ms.,Applied Mathematics,College of Science,Math and Physics Department,Professor,202012445,profile.woman4.png,Contractual Full-time,2020-3-29,,4/8/2020 10:22:00,10/6/2023 11:46,
90,,Alan,Canares,alancanares@adamson.edu.ph,Mr.,Applied Mathematics,College of Science,Math and Physics Department,Professor,202012446,profile.man3.png,Permanent Part-time,2020-3-29,,6/24/2020 11:22:00,10/16/2023 11:44,
91,,Elisa,Casquejo,elisacasquejo@adamson.edu.ph,Mr.,Applied Mathematics,College of Science,Math and Physics Department,Professor,202012447,profile.man4.png,Permanent Full-time,2020-3-29,,9/14/2020 12:41:00,10/25/2023 10:43,
92,,Marlon,Castillo,marloncastillo@adamson.edu.ph,Mr.,Modern Physics,College of Science,Math and Physics Department,Professor,202012448,profile.man5.png,Permanent Full-time,2020-3-30,,8/13/2021 14:46:00,11/13/2023 13:19,
93,,Mary Christine,Ching,marychristineching@adamson.edu.ph,Ms.,Modern Physics,College of Science,Math and Physics Department,Professor,202012449,profile.woman5.png,Permanent Full-time,2020-3-30,,2/4/2022 16:43:00,11/23/2023 14:49,
94,,Russel Archival,Escasenas,russelarchivalescasenas@adamson.edu.ph,Dr.,Modern Physics,College of Science,Math and Physics Department,Professor,202012450,profile.man6.png,Contractual Full-time,2020-3-31,,4/20/2022 7:42:00,11/27/2023 14:10,
95,,Rodil,Fadri,rodilfadri@adamson.edu.ph,Dr.,Modern Physics,College of Science,Math and Physics Department,Professor,202012451,profile.man7.png,Permanent Full-time,2020-3-31,,4/27/2022 20:08:00,12/1/2023 17:33,
96,,Aurora,Fernando,aurorafernando@adamson.edu.ph,Mrs.,Modern Physics,College of Science,Math and Physics Department,Professor,202012452,profile.woman6.png,Permanent Full-time,2020-4-2,,11/9/2022 18:07:00,12/4/2023 16:41,
97,,Ireneo,Ignacio,ireneoignacio@adamson.edu.ph,Mr.,Modern Physics,College of Science,Math and Physics Department,Professor,202012453,profile.man8.png,Permanent Full-time,2020-4-3,,11/29/2022 13:15:00,12/5/2023 17:09,
98,,Jonathan,Joaquin,jonathanjoaquin@adamson.edu.ph,Mr.,Modern Physics,College of Science,Math and Physics Department,Professor,202012454,profile.man9.png,Contractual Full-time,2020-4-4,,2/24/2023 12:36:00,12/26/2023 18:26,
99,,Robertson,Laban,robertsonlaban@adamson.edu.ph,Mr.,Statistics,College of Science,Math and Physics Department,Chairperson,202012455,profile.man10.png,Permanent Full-time,2020-4-5,,3/14/2023 12:36:00,12/28/2023 18:39,
100,,Kristan,Liza,kristanliza@adamson.edu.ph,Mr.,Statistics,College of Science,Math and Physics Department,Professor,202012456,profile.man11.png,Contractual Full-time,2020-4-6,,1/26/2018 9:55:00,6/5/2023 20:40,
101,,Cesar Jr,Macaspag,cesarjrmacaspag@adamson.edu.ph,Ms.,Statistics,College of Science,Math and Physics Department,Professor,202012457,profile.woman7.png,Contractual Full-time,2020-4-7,,4/30/2018 8:59:00,6/7/2023 12:45,
102,,Leah,Martin-Lundag,leahmartin-lundag@adamson.edu.ph,Dr.,Statistics,College of Science,Math and Physics Department,Professor,202012458,profile.man12.png,Permanent Full-time,2020-4-8,,5/1/2018 7:33:00,6/16/2023 10:10,
103,,Maria Theresa,Mendoza,mariatheresamendoza@adamson.edu.ph,Ms.,Statistics,College of Science,Math and Physics Department,Professor,202012459,profile.woman8.png,Permanent Full-time,2020-4-11,,6/6/2018 15:08:00,7/13/2023 11:01,
104,,Mark Anthony,Merciales,markanthonymerciales@adamson.edu.ph,Mr.,Statistics,College of Science,Math and Physics Department,Professor,202012460,profile.man13.png,Permanent Full-time,2020-4-12,,8/13/2018 7:42:00,7/31/2023 12:02,
105,,Sunshine Cassandra,Merciales,sunshinecassandramerciales@adamson.edu.ph,Mrs.,Applied Mathematics,College of Science,Math and Physics Department,Professor,202012461,profile.woman9.png,Permanent Full-time,2020-4-16,,9/21/2018 11:03:00,8/3/2023 13:42,
106,,Camille,Molabola,camillemolabola@adamson.edu.ph,Ms.,Applied Mathematics,College of Science,Math and Physics Department,Professor,202012462,profile.woman10.png,Permanent Full-time,2020-4-17,,10/15/2018 11:35:00,8/10/2023 16:09,
107,,Mariela,Necesito,marielanecesito@adamson.edu.ph,Mrs.,Applied Mathematics,College of Science,Math and Physics Department,Professor,202012463,profile.woman11.png,Permanent Full-time,2020-4-17,,4/22/2019 12:37:00,8/11/2023 18:24,
108,,Felicia Katerina,Pasno,feliciakaterinapasno@adamson.edu.ph,Mrs.,Applied Mathematics,College of Science,Math and Physics Department,Professor,202012464,profile.woman12.png,Contractual Full-time,2020-4-20,,12/17/2019 15:13:00,8/15/2023 19:42,
109,,Ronaly Rey,Ranay,ronalyreyranay@adamson.edu.ph,Mr.,Applied Mathematics,College of Science,Math and Physics Department,Professor,202012465,profile.man14.png,Permanent Full-time,2020-4-20,,12/18/2019 16:23:00,8/22/2023 20:55,
110,,Hernanie,Salazar Jr,hernaniesalazarjr@adamson.edu.ph,Mr.,Applied Mathematics,College of Science,Math and Physics Department,Professor,202012466,profile.man15.png,Permanent Full-time,2020-4-21,,3/10/2020 18:50:00,8/25/2023 10:44,
111,,Ma. Nelia,Soriano,ma.neliasoriano@adamson.edu.ph,Ms.,Applied Mathematics,College of Science,Math and Physics Department,Professor,202012467,profile.woman13.png,Permanent Full-time,2020-4-23,,3/13/2020 19:14:00,9/7/2023 8:11,
112,,Renato Alberto,Victoria Jr,renatoalbertovictoriajr@adamson.edu.ph,Mr.,Applied Mathematics,College of Science,Math and Physics Department,Professor,202012468,profile.man16.png,Contractual Full-time,2020-4-24,,6/11/2020 19:45:00,9/15/2023 8:40,
113,,Liezel Moises,Abrea,liezelmoisesabrea@adamson.edu.ph,Ms.,Clinical Psychology,College of Science,Psychology Department,Professor,202012469,profile.woman14.png,Permanent Full-time,2020-4-24,,6/12/2020 20:56:00,9/19/2023 9:23,
114,,Michelle Mavel Lea,Delos Santos,michellemavelleadelossantos@adamson.edu.ph,Mrs.,Clinical Psychology,College of Science,Psychology Department,Professor,202012470,profile.woman15.png,Permanent Full-time,2020-4-25,,12/16/2020 11:30:00,10/16/2023 10:15,
115,,Roxanne Erica,Ejoc,roxanneericaejoc@adamson.edu.ph,Mrs.,Clinical Psychology,College of Science,Psychology Department,Professor,202012471,profile.woman16.png,Contractual Full-time,2020-4-25,,2/22/2021 12:37:00,10/24/2023 12:12,
116,,Joseph Terell,Malabuyo,josephterellmalabuyo@adamson.edu.ph,Mr.,Developmental Pyschology,College of Science,Psychology Department,Professor,202012472,profile.man17.png,Permanent Full-time,2020-4-26,,3/11/2021 13:41:00,11/6/2023 12:45,
117,,Hazel Joy,Mendoza,hazeljoymendoza@adamson.edu.ph,Mr.,Developmental Pyschology,College of Science,Psychology Department,Professor,202012473,profile.man18.png,Permanent Full-time,2020-4-27,,5/4/2021 15:09:00,11/7/2023 13:26,
118,,Mary Louise,Miranda,marylouisemiranda@adamson.edu.ph,Ms.,Developmental Pyschology,College of Science,Psychology Department,Professor,202012474,profile.woman17.png,Contractual Full-time,2020-4-28,,8/18/2021 16:23:00,11/9/2023 14:07,
119,,Iris Zoe,Oreta,iriszoeoreta@adamson.edu.ph,Mrs.,Developmental Pyschology,College of Science,Psychology Department,Professor,202012475,profile.woman18.png,Contractual Full-time,2020-4-28,,11/12/2021 19:12:00,11/14/2023 14:54,
120,,Charles Vince,Saniel,charlesvincesaniel@adamson.edu.ph,Mr.,Counselling Psychology,College of Science,Psychology Department,Professor,202012476,profile.man19.png,Permanent Full-time,2020-4-29,,1/12/2022 8:18:00,11/21/2023 15:25,
121,,Donna,Sombrea,donnasombrea@adamson.edu.ph,Ms.,Counselling Psychology,College of Science,Psychology Department,Professor,202012477,profile.woman19.png,Permanent Full-time,2020-4-29,,2/3/2022 8:40:00,11/22/2023 16:41,
122,,Keno Alvir,Suni,kenoalvirsuni@adamson.edu.ph,Mr.,Counselling Psychology,College of Science,Psychology Department,Professor,202012478,profile.man20.png,Contractual Full-time,2020-4-29,,5/18/2022 9:39:00,11/27/2023 17:55,
123,,Reynold,Varela,reynoldvarela@adamson.edu.ph,Mr.,Counselling Psychology,College of Science,Psychology Department,Professor,202012479,profile.man1.png,Permanent Full-time,2020-4-30,,12/23/2022 16:01:00,12/25/2023 18:25,
124,,Ivy Marie,Zarraga,ivymariezarraga@adamson.edu.ph,Mrs.,Counselling Psychology,College of Science,Psychology Department,Professor,202012480,profile.woman20.png,Permanent Full-time,2020-5-1,,4/5/2023 19:03:00,12/28/2023 18:39,
125,,Christopher,Duncan,christopherduncan@adamson.edu.ph,Mr.,Accounting,College of Business Administration,Accountancy Department,Professor,202012481,profile.man2.png,Contractual Part-time,2020-5-2,,1/17/2018 9:50:00,6/7/2023 19:45,
126,,Jennifer,Harris,jenniferharris@adamson.edu.ph,Mrs.,Accounting,College of Business Administration,Accountancy Department,Professor,202012482,profile.woman1.png,Contractual Full-time,2020-5-3,,2/19/2018 12:17:00,6/9/2023 8:54,
127,,Matthew,King,matthewking@adamson.edu.ph,Mr.,Accounting,College of Business Administration,Accountancy Department,Professor,202012483,profile.man3.png,Permanent Full-time,2020-5-4,,3/28/2018 14:35:00,6/16/2023 9:46,
128,,Amanda,Lewis,amandalewis@adamson.edu.ph,Mrs.,Accounting,College of Business Administration,Accountancy Department,Professor,202012484,profile.woman2.png,Permanent Full-time,2020-5-4,,8/9/2018 15:33:00,6/22/2023 10:42,
129,,Andrew,Moore,andrewmoore@adamson.edu.ph,Mr.,Accounting,College of Business Administration,Accountancy Department,Researcher,202012485,profile.man4.png,Contractual Full-time,2020-5-6,,8/28/2018 17:33:00,6/30/2023 11:09,
130,,Jessica,Murphy,jessicamurphy@adamson.edu.ph,Ms.,Accounting,College of Business Administration,Accountancy Department,Professor,202012486,profile.man5.png,Contractual Full-time,2020-5-6,,10/1/2018 19:40:00,7/5/2023 12:02,
131,,Justine,Scott,justinescott@adamson.edu.ph,Mr.,Accounting,College of Business Administration,Accountancy Department,Professor,202012487,profile.man6.png,Permanent Part-time,2020-5-8,,12/10/2018 9:39:00,7/18/2023 13:42,
132,,Melissa,Turner,melissaturner@adamson.edu.ph,Mr.,Accounting,College of Business Administration,Accountancy Department,Professor,202012488,profile.man7.png,Guest Lecturer,2020-5-8,,2/7/2019 7:42:00,7/27/2023 13:26,
133,,Olivia,Walker,oliviawalker@adamson.edu.ph,Mrs.,Accounting,College of Business Administration,Accountancy Department,Professor,202012489,profile.woman3.png,Permanent Part-time,2020-5-10,,5/8/2019 11:22:00,7/31/2023 14:19,
134,,Michael,Young,michaelyoung@adamson.edu.ph,Mr.,Accounting,College of Business Administration,Accountancy Department,Coordinator,202012490,profile.man8.png,Permanent Full-time,2020-5-11,,8/14/2019 13:00:00,8/11/2023 15:37,
135,,Harold ,Canatras,haroldcanatras@adamson.edu.ph,Mr.,Customs Administration,College of Business Administration,Customs Administration Department ,Professor,202012491,profile.man9.png,Contractual Part-time,2020-5-13,,9/30/2019 15:19:00,9/29/2023 15:20,
136,,Emily,Carlos,emilycarlos@adamson.edu.ph,Mrs.,Customs Administration,College of Business Administration,Customs Administration Department ,Professor,202012492,profile.woman4.png,Contractual Full-time,2020-5-13,,10/28/2019 16:57:00,10/20/2023 17:06,
137,,Jessica ,Corazon,jessicacorazon@adamson.edu.ph,Mrs.,Customs Administration,College of Business Administration,Customs Administration Department ,Coordinator,202012493,profile.woman5.png,Permanent Full-time,2020-5-14,,2/28/2020 11:13:00,10/23/2023 17:55,
138,,Daniel,Corpuz,danielcorpuz@adamson.edu.ph,Mr.,Customs Administration,College of Business Administration,Customs Administration Department ,Professor,202012494,profile.man10.png,Contractual Part-time,2020-5-17,,1/22/2021 16:21:00,10/24/2023 18:25,
139,,Jennelyn,De Leon,jennelyndeleon@adamson.edu.ph,Ms.,Customs Administration,College of Business Administration,Customs Administration Department ,Researcher,202012495,profile.woman6.png,Contractual Part-time,2020-5-17,,6/3/2021 17:48:00,10/27/2023 19:22,
140,,Christopher,Gabriel ,christophergabriel@adamson.edu.ph,Mr.,Customs Administration,College of Business Administration,Customs Administration Department ,Professor,202012496,profile.man11.png,Special Lecturer,2020-5-22,,6/9/2021 8:18:00,10/30/2023 8:45,
141,,Samuel,Morugay,samuelmorugay@adamson.edu.ph,Mr.,Customs Administration,College of Business Administration,Customs Administration Department ,Professor,202012497,profile.man12.png,Permanent Full-time,2020-5-23,,7/13/2021 18:00:00,10/31/2023 8:32,
142,,Therese,Panatos,theresepanatos@adamson.edu.ph,Mrs.,Customs Administration,College of Business Administration,Customs Administration Department ,Instructor,202012498,profile.woman7.png,Permanent Full-time,2020-5-23,,8/19/2021 11:16:00,11/2/2023 7:46,
143,,Jonathan,Parungay,jonathanparungay@adamson.edu.ph,Mr.,Customs Administration,College of Business Administration,Customs Administration Department ,Professor,202012499,profile.man13.png,Permanent Full-time,2020-5-23,,9/17/2021 9:38:00,11/6/2023 20:59,
144,,Michelle Andrea,Rivera,michelleandrearivera@adamson.edu.ph,Ms.,Customs Administration,College of Business Administration,Customs Administration Department ,Professor,202012500,profile.woman.8.png,Guest Lecturer,2020-5-25,,11/8/2021 12:25:00,11/16/2023 19:22,
145,,Patrick,Rodriguez,patrickrodriguez@adamson.edu.ph,Mr.,Customs Administration,College of Business Administration,Customs Administration Department ,Professor,202012501,profile.man14.png,Contractual Full-time,2020-5-26,,11/26/2021 13:19:00,11/23/2023 17:55,
146,,Sophia,Sepuntos,sophiasepuntos@adamson.edu.ph,Ms.,Customs Administration,College of Business Administration,Customs Administration Department ,Professor,202012502,profile.woman9.png,Contractual Full-time,2020-5-27,,3/22/2022 16:11:00,11/28/2023 18:39,
147,,Michael,Valdez,michaelvaldez@adamson.edu.ph,Mr.,Customs Administration,College of Business Administration,Customs Administration Department ,Chairperson,202012503,profile.man15.png,Permanent Full-time,2020-5-28,,5/12/2022 19:07:00,12/5/2023 19:30,
148,,Emily,Baluyot,emilybaluyot@adamson.edu.ph,Ms.,Finance and Economics,College of Business Administration,Finance and Economics Department,Chairperson,202012504,profile.woman10.png,Permanent Full-time,2020-5-28,,9/5/2022 19:45:00,12/19/2023 20:46,
149,,Elise,Caddarao,elisecaddarao@adamson.edu.ph,Mrs.,Finance and Economics,College of Business Administration,Finance and Economics Department,Professor,202012505,profile.woman11.png,Permanent Full-time,2020-5-30,,9/27/2022 9:30:00,12/21/2023 9:06,
150,,Amiya,Carinas,amiyacarinas@adamson.edu.ph,Ms.,Finance and Economics,College of Business Administration,Finance and Economics Department,Professor,202012506,profile.woman12.png,Contractual Full-time,2020-5-30,,5/24/2018 10:07:00,6/1/2023 8:40,
151,,Mayumi,Fernandez,mayumifernandez@adamson.edu.ph,Ms.,Finance and Economics,College of Business Administration,Finance and Economics Department,Guest Lecturer,202012507,profile.woman13.png,Contractual Part-time,2020-5-30,,9/13/2018 10:07:00,6/7/2023 10:10,
152,,Isabella ,Garcia ,isabellagarcia@adamson.edu.ph,Mrs.,Finance and Economics,College of Business Administration,Finance and Economics Department,Professor,202012508,profile.woman14.png,Contractual Full-time,2020-5-31,,11/26/2018 11:35:00,6/14/2023 11:46,
153,,Jose ,Gonzales,josegonzales@adamson.edu.ph,Mr.,Finance and Economics,College of Business Administration,Finance and Economics Department,Lecturer,202012509,profile.man16.png,Contractual Part-time,2020-6-2,,12/7/2018 15:11:00,7/4/2023 13:19,
154,,Ana ,Gonzales,anagonzales@adamson.edu.ph,Ms.,Finance and Economics,College of Business Administration,Finance and Economics Department,Instructor,202012510,profile.woman15.png,Permanent Full-time,2020-6-3,,2/5/2019 18:36:00,7/13/2023 14:07,
155,,Carlo ,Martinez,carlomartinez@adamson.edu.ph,Mr.,Finance and Economics,College of Business Administration,Finance and Economics Department,Assistant Professor,202012511,profile.man17.png,Contractual Full-time,2020-6-4,,4/18/2019 19:20:00,7/17/2023 14:57,
156,,Miguel ,Paredes,miguelparedes@adamson.edu.ph,Mr.,Finance and Economics,College of Business Administration,Finance and Economics Department,Professor,202012512,profile.man18.png,Permanent Full-time,2020-6-4,,11/13/2019 18:52:00,7/18/2023 15:25,
157,,Isabella ,Reyes,isabellareyes@adamson.edu.ph,Mrs.,Finance and Economics,College of Business Administration,Finance and Economics Department,Professor,202012513,profile.woman16.png,Permanent Full-time,2020-6-5,,12/26/2019 20:17:00,7/21/2023 18:06,
158,,Julia ,Reyes,juliareyes@adamson.edu.ph,Ms.,Finance and Economics,College of Business Administration,Finance and Economics Department,Professor,202012514,profile.woman17.png,Permanent Full-time,2020-6-6,,1/16/2020 19:27:00,7/25/2023 18:35,
159,,Mateo ,Torres,mateotorres@adamson.edu.ph,Mr.,Finance and Economics,College of Business Administration,Finance and Economics Department,Professor,202012515,profile.man19.png,Contractual Full-time,2020-6-8,,1/27/2020 11:35:00,7/27/2023 18:49,
160,,Bianca,Velasquez,biancavelasquez@adamson.edu.ph,Mrs.,Finance and Economics,College of Business Administration,Finance and Economics Department,Professor,202012516,profile.woman18.png,Contractual Full-time,2020-6-8,,2/26/2020 9:50:00,8/3/2023 17:01,
161,,Viego,Zulueta,viegozulueta@adamson.edu.ph,Mr.,Finance and Economics,College of Business Administration,Finance and Economics Department,Researcher,202012517,profile.man20.png,Contractual Full-time,2020-6-9,,9/1/2020 8:40:00,8/11/2023 17:33,
162,,Zhester,Bonifacio,zhesterbonifacio@adamson.edu.ph,Mr.,Culinary Arts,College of Business Administration,Hospitality Management Department,Chairperson,202012518,profile.man1.png,Permanent Full-time,2020-6-9,,12/14/2020 16:40:00,8/29/2023 19:45,
163,,Enrico ,Dalisay,enricodalisay@adamson.edu.ph,Mr.,Culinary Arts,College of Business Administration,Hospitality Management Department,Associate Professor,202012519,profile.man2.png,Permanent Full-time,2020-6-9,,2/17/2021 16:15:00,9/18/2023 10:10,
164,,Agustin,Delaganar,agustindelaganar@adamson.edu.ph,Mr.,Culinary Arts,College of Business Administration,Hospitality Management Department,Professor,202012520,profile.man3.png,Permanent Full-time,2020-6-10,,5/6/2021 16:33:00,10/12/2023 11:29,
165,,Elenna,Garcia ,elennagarcia@adamson.edu.ph,Ms.,Culinary Arts,College of Business Administration,Hospitality Management Department,Professor,202012521,profile.woman19.png,Contractual Full-time,2020-6-13,,7/27/2021 18:44:00,10/20/2023 13:37,
166,,Lucas,Isidro,lucasisidro@adamson.edu.ph,Mr.,Culinary Arts,College of Business Administration,Hospitality Management Department,Professor,202012522,profile.man4.png,Contractual Part-time,2020-6-14,,10/5/2021 19:12:00,10/23/2023 15:37,
167,,Nestor,Ligaya,nestorligaya@adamson.edu.ph,Mr.,Entreprenuership,College of Business Administration,Hospitality Management Department,Professor,202012523,profile.man5.png,Contractual Part-time,2020-6-15,,6/15/2022 18:22:00,10/24/2023 16:41,
168,,Ruben,Nayve,rubennayve@adamson.edu.ph,Mr.,Entreprenuership,College of Business Administration,"Dean, College of Business",Dean,202012524,profile.man6.png,Permanent Full-time,2020-6-15,,6/22/2022 11:03:00,11/1/2023 8:14,
169,,Madeline,Purificacion,madelinepurificacion@adamson.edu.ph,Mrs.,Entreprenuership,College of Business Administration,Hospitality Management Department,Professor,202012525,profile.woman20.png,Special Lecturer,2020-6-16,,7/25/2022 19:59:00,11/20/2023 9:06,
170,,Adrain,Raymundo,adrainraymundo@adamson.edu.ph,Mr.,Business Planning,College of Business Administration,Hospitality Management Department,Professor,202012526,profile.man7.png,Contractual Full-time,2020-6-18,,1/11/2023 20:32:00,11/24/2023 9:49,
171,,Julius,Reyes,juliusreyes@adamson.edu.ph,Mr.,Business Planning,College of Business Administration,Hospitality Management Department,Instructor,202012527,profile.man8.png,Permanent Full-time,2020-6-20,,4/5/2023 19:48:00,12/8/2023 10:39,
172,,Rodeldo,Salburo,rodeldosalburo@adamson.edu.ph,Ms.,Business Planning,College of Business Administration,Hospitality Management Department,Professor,202012528,profile.woman1.png,Contractual Full-time,2020-6-24,,4/6/2023 17:27:00,12/12/2023 11:09,
173,,Josefina,Severino,josefinaseverino@adamson.edu.ph,Ms.,Business Planning,College of Business Administration,Hospitality Management Department,Professor,202012529,profile.woman2.png,Contractual Full-time,2020-6-24,,5/25/2023 17:48:00,12/14/2023 11:12,
174,,Melody,Sicam,melodysicam@adamson.edu.ph,Mrs.,Business Planning,College of Business Administration,Hospitality Management Department,Professor,202012530,profile.woman3.png,Contractual Full-time,2020-6-25,,5/26/2023 13:00:00,12/25/2023 13:19,
175,,Maria Victoria,Sto. Tomas,mariavictoriasto.tomas@adamson.edu.ph,Mrs.,Business Planning,College of Business Administration,Hospitality Management Department,Guest Lecturer,202012531,profile.woman4.png,Permanent Full-time,2020-6-26,,7/25/2018 13:00:00,6/13/2023 14:19,
176,,John,Anderson,johnanderson@adamson.edu.ph,Mr.,Marketing Management,College of Business Administration,Management and Marketing Department,Professor,202012532,profile.man9.png,Permanent Part-time,2020-6-27,,10/16/2018 13:00:00,6/27/2023 15:25,
177,,Emily,Brown,emilybrown@adamson.edu.ph,Mrs.,Marketing Management,College of Business Administration,Management and Marketing Department,Professor,202012533,profile.woman5.png,Permanent Part-time,2020-6-27,,3/5/2019 9:15:00,7/3/2023 15:52,
178,,Sarah,Davis,sarahdavis@adamson.edu.ph,Ms.,Marketing Management,College of Business Administration,Management and Marketing Department,Professor,202012534,profile.woman6.png,Permanent Full-time,2020-6-28,,3/25/2019 9:38:00,7/14/2023 16:18,
179,,Michael,Hall,michaelhall@adamson.edu.ph,Mr.,Marketing Management,College of Business Administration,Management and Marketing Department,Researcher,202012535,profile.man10.png,Permanent Full-time,2020-6-29,,3/29/2019 9:30:00,7/27/2023 10:42,
180,,Jessica,Johnson,jessicajohnson@adamson.edu.ph,Ms.,Marketing Management,College of Business Administration,Management and Marketing Department,Professor,202012536,profile.woman7.png,Permanent Full-time,2020-6-29,,8/15/2019 8:06:00,8/9/2023 11:00,
181,,David,Johnson,davidjohnson@adamson.edu.ph,Mr.,Marketing Management,College of Business Administration,Management and Marketing Department,Professor,202012537,profile.man11.png,Contractual Part-time,2020-7-2,,10/4/2019 7:11:00,8/10/2023 11:29,
182,,Lisa,Martinez,lisamartinez@adamson.edu.ph,Ms.,Marketing Management,College of Business Administration,Management and Marketing Department,Professor,202012538,profile.woman8.png,Contractual Full-time,2020-7-4,,2/21/2020 7:56:00,8/18/2023 11:46,
183,,Kevin,Miller,kevinmiller@adamson.edu.ph,Mr.,Marketing Management,College of Business Administration,Management and Marketing Department,Professor,202012539,profile.man12.png,Contractual Part-time,2020-7-5,,5/15/2020 8:00:00,8/25/2023 15:20,
184,,Laura,Smith,laurasmith@adamson.edu.ph,Ms.,Marketing Management,College of Business Administration,Management and Marketing Department,Professor,202012540,profle.woman9.png,Guest Lecturer,2020-7-5,,7/1/2020 7:05:00,9/7/2023 17:01,
185,,Brian,Taylor,briantaylor@adamson.edu.ph,Mr.,Marketing Management,College of Business Administration,Management and Marketing Department,Researcher,202012541,profile.man13.png,Permanent Full-time,2020-7-6,,8/24/2020 8:26:00,9/8/2023 18:24,
186,,Ashley,Williams,ashleywilliams@adamson.edu.ph,Ms.,Marketing Management,College of Business Administration,Management and Marketing Department,Professor,202012542,profile.woman10.png,Special Lecturer,2020-7-6,,9/1/2020 9:05:00,9/13/2023 18:49,
187,,Grace,Arcenio,gracearcenio@adamson.edu.ph,Ms.,Mass Communication,College of Education and Liberal Arts,Communication Department ,Professor,202012543,profile.woman11.png,Permanent Full-time,2020-7-7,,10/5/2020 10:00:00,9/19/2023 19:38,
188,,Ailene,Ayson,aileneayson@adamson.edu.ph,Mrs.,Mass Communication,College of Education and Liberal Arts,Communication Department ,Chairperson,202012544,profile.woman12.png,Permanent Full-time,2020-7-8,,10/7/2020 10:27:00,10/10/2023 20:22,
189,,Ariel,Blancaflor,arielblancaflor@adamson.edu.ph,Mrs.,Mass Communication,College of Education and Liberal Arts,Communication Department ,Professor,202012545,profile.woman13.png,Contractual Full-time,2020-7-9,,1/19/2021 11:38:00,10/11/2023 9:29,
190,,Estrella,Consolidad,estrellaconsolidad@adamson.edu.ph,Mr.,Development Communication,College of Education and Liberal Arts,Communication Department ,Professor,202012546,profile.man14.png,Contractual Full-time,2020-7-11,,3/11/2021 12:22:00,10/12/2023 10:15,
191,,Angelica Marie,Jacinto,angelicamariejacinto@adamson.edu.ph,Ms.,Development Communication,College of Education and Liberal Arts,Communication Department ,Professor,202012547,profile.woman14.png,Contractual Full-time,2020-7-12,,3/29/2021 13:00:00,10/20/2023 10:52,
192,,Richard Andree,Leonardo,richardandreeleonardo@adamson.edu.ph,Mr.,Development Communication,College of Education and Liberal Arts,Communication Department ,Instructor,202012548,profile.man15.png,Contractual Part-time,2020-7-13,,5/11/2021 8:39:00,10/24/2023 11:12,
193,,Bernard,Mayuga,bernardmayuga@adamson.edu.ph,Mr.,Development Communication,College of Education and Liberal Arts,Communication Department ,Associate Professor,202012549,profile.man16.png,Contractual Full-time,2020-7-14,,7/12/2021 7:54:00,11/3/2023 13:19,
194,,Lorenzo,Pascual,lorenzopascual@adamson.edu.ph,Mr.,Technical Communication,College of Education and Liberal Arts,Communication Department ,Professor,202012550,profile.man17.png,Contractual Full-time,2020-7-15,,11/3/2021 9:05:00,11/20/2023 15:25,
195,,Gabriel ,Puringan,gabrielpuringan@adamson.edu.ph,Mr.,Technical Communication,College of Education and Liberal Arts,Communication Department ,Professor,202012551,profile.man18.png,Contractual Full-time,2020-7-16,,12/21/2021 10:23:00,12/1/2023 18:06,
196,,Brandon,San Andres,brandonsanandres@adamson.edu.ph,Mr.,Technical Communication,College of Education and Liberal Arts,Communication Department ,Guest Lecturer,202012552,profile.man19.png,Contractual Part-time,2020-7-16,,10/4/2022 13:04:00,12/4/2023 18:30,
197,,Margarette,Yumang,margaretteyumang@adamson.edu.ph,Mrs.,Technical Communication,College of Education and Liberal Arts,Communication Department ,Professor,202012553,profile.woman15.png,Contractual Part-time,2020-7-17,,11/25/2022 15:48:00,12/8/2023 18:25,
198,,Jaimie,Decepida,jaimiedecepida@adamson.edu.ph,Mr.,Elementary Education,College of Education and Liberal Arts,Education Department ,Professor,202012554,profile.man20.png,Contractual Full-time,2020-7-17,,12/15/2022 18:07:00,12/11/2023 18:53,
199,,Roberto ,Dela Cruz,robertodelacruz@adamson.edu.ph,Mr.,Elementary Education,College of Education and Liberal Arts,Education Department ,Professor,202012555,profile.man1.png,Contractual Full-time,2020-7-17,,2/2/2023 7:52:00,12/27/2023 19:38,
200,,Greg,Espinoza,gregespinoza@adamson.edu.ph,Mr.,Elementary Education,College of Education and Liberal Arts,Education Department ,Professor,202012556,profile.man2.png,Contractual Full-time,2020-7-19,,4/18/2018 8:26:00,6/6/2023 14:06,
201,,Jan Felix,Legarda,janfelixlegarda@adamson.edu.ph,Mr.,Elementary Education,College of Education and Liberal Arts,Education Department ,Professor,202012557,profile.man3.png,Contractual Full-time,2020-7-19,,9/6/2018 10:24:00,6/8/2023 15:24,
202,,Manuel ,Lovendino,manuellovendino@adamson.edu.ph,Mr.,Elementary Education,College of Education and Liberal Arts,Education Department ,Professor,202012558,profile.man4.png,Permanent Full-time,2020-7-21,,9/12/2018 13:00:00,6/12/2023 8:45,
203,,Gloria,Marquez,gloriamarquez@adamson.edu.ph,Mrs.,Elementary Education,College of Education and Liberal Arts,Education Department ,Professor,202012559,profile.woman16.png,Contractual Full-time,2020-7-22,,10/12/2018 20:45:00,6/22/2023 9:06,
204,,Rafael,Medrano,rafaelmedrano@adamson.edu.ph,Mr.,Secondary Education,College of Education and Liberal Arts,Education Department ,Professor,202012560,profile.man5.png,Contractual Full-time,2020-7-23,,11/30/2018 18:50:00,6/30/2023 7:00,
205,,Roaslie,Meriales,roasliemeriales@adamson.edu.ph,Ms.,Secondary Education,College of Education and Liberal Arts,Education Department ,Chairperson,202012561,profile.woman17.png,Permanent Full-time,2020-7-23,,1/14/2019 19:33:00,7/3/2023 8:22,
206,,Amalia Luisa,Navallasca,amalialuisanavallasca@adamson.edu.ph,Ms.,Secondary Education,College of Education and Liberal Arts,Education Department ,Professor,202012562,profile.woman18.png,Contractual Full-time,2020-7-24,,2/20/2019 16:00:00,7/20/2023 10:30,
207,,Kyla Lynnea,Piojo,kylalynneapiojo@adamson.edu.ph,Mrs.,Secondary Education,College of Education and Liberal Arts,Education Department ,Researcher,202012563,profile.woman19.png,Contractual Part-time,2020-7-24,,7/24/2019 13:40:00,8/7/2023 12:02,
208,,Emmanuel,Ronquillo,emmanuelronquillo@adamson.edu.ph,Mr.,Secondary Education,College of Education and Liberal Arts,Education Department ,Professor,202012564,profile.man6.png,Permanent Full-time,2020-7-25,,10/24/2019 14:00:00,8/21/2023 12:47,
209,,Allan Logan,Tabios,allanlogantabios@adamson.edu.ph,Mr.,Secondary Education,College of Education and Liberal Arts,Education Department ,Professor,202012565,profile.man7.png,Special Lecturer,2020-7-27,,3/10/2020 15:15:00,9/6/2023 14:35,
210,,Maricar,Tatlonghari,maricartatlonghari@adamson.edu.ph,Mrs.,Secondary Education,College of Education and Liberal Arts,Education Department ,Professor,202012566,profile.woman20.png,Permanent Full-time,2020-7-28,,5/18/2020 18:08:00,9/8/2023 15:29,
211,,Frederico,Trinidad,fredericotrinidad@adamson.edu.ph,Mr.,Secondary Education,College of Education and Liberal Arts,Education Department ,Professor,202012567,profile.man8.png,Contractual Part-time,2020-7-29,,5/21/2020 19:16:00,9/13/2023 16:49,
212,,Clarissa,Viray,clarissaviray@adamson.edu.ph,Ms.,Secondary Education,College of Education and Liberal Arts,Education Department ,Professor,202012568,profile.woman1.png,Contractual Part-time,2020-7-31,,8/7/2020 13:40:00,9/19/2023 17:55,
213,,Rosalinda,Abdon,rosalindaabdon@adamson.edu.ph,Mrs.,Linguistics,College of Education and Liberal Arts,Languages Department,Professor,202012569,profile.woman2.png,Contractual Full-time,2020-7-31,,4/20/2021 12:12:00,9/20/2023 18:35,
214,,Karlos,Castillo,karloscastillo@adamson.edu.ph,Mr.,Linguistics,College of Education and Liberal Arts,Languages Department,Professor,202012570,profile.man9.png,Contractual Full-time,2020-8-1,,5/7/2021 18:07:00,10/10/2023 20:30,
215,,Rizal,Dapat,rizaldapat@adamson.edu.ph,Mr.,Linguistics,College of Education and Liberal Arts,Languages Department,Chairperson,202012571,profile.man10.png,Permanent Full-time,2020-8-1,,5/21/2021 20:08:00,10/12/2023 18:26,
216,,Augustus,Diestro,augustusdiestro@adamson.edu.ph,Mr.,Linguistics,College of Education and Liberal Arts,Languages Department,Professor,202012572,profile.man11.png,Contractual Full-time,2020-8-2,,9/8/2021 7:56:00,10/23/2023 13:45,
217,,Armetheus,Felipe,armetheusfelipe@adamson.edu.ph,Mr.,Linguistic Anthropology,College of Education and Liberal Arts,Languages Department,Instructor,202012573,profile.man12.png,Contractual Full-time,2020-8-3,,10/28/2021 11:11:00,10/25/2023 14:33,
218,,Gerald,Fernando,geraldfernando@adamson.edu.ph,Mr.,Linguistic Anthropology,College of Education and Liberal Arts,Languages Department,Professor,202012574,profile.man13.png,Contractual Full-time,2020-8-3,,11/10/2021 11:11:00,11/14/2023 14:58,
219,,Brian Dale,Flores,briandaleflores@adamson.edu.ph,Mr.,Linguistic Anthropology,College of Education and Liberal Arts,Languages Department,Professor,202012575,profile.man14.png,Contractual Part-time,2020-8-3,,6/20/2022 11:11:00,11/23/2023 15:29,
220,,Richard Andree,Labajo,richardandreelabajo@adamson.edu.ph,Mr.,Linguistic Anthropology,College of Education and Liberal Arts,Languages Department,Professor,202012576,profile.man15.png,Permanent Full-time,2020-8-5,,7/22/2022 11:36:00,12/8/2023 16:03,
221,,Ailene Mae,Pador,ailenemaepador@adamson.edu.ph,Ms.,TEFL,College of Education and Liberal Arts,Languages Department,Professor,202012577,profile.woman3.png,Contractual Full-time,2020-8-5,,8/26/2022 12:06:00,12/11/2023 16:28,
222,,Warren,Perez,warrenperez@adamson.edu.ph,Mr.,TEFL,College of Education and Liberal Arts,Languages Department,Professor,202012578,profile.man16.png,Contractual Part-time,2020-8-5,,9/15/2022 12:46:00,12/12/2023 13:58,
223,,Terrence,Riego De Dios,terrenceriegodedios@adamson.edu.ph,Mr.,TEFL,College of Education and Liberal Arts,Languages Department,Associate Professor,202012579,profile.man17.png,Permanent Full-time,2020-8-6,,3/16/2023 15:29:00,12/15/2023 17:30,
224,,Darren,Sanchez,darrensanchez@adamson.edu.ph,Mr.,TEFL,College of Education and Liberal Arts,Languages Department,Instructor,202012580,profile.man18.png,Permanent Full-time,2020-8-7,,5/2/2023 17:19:00,12/18/2023 17:42,
225,,Mark Christian,Siwa,markchristiansiwa@adamson.edu.ph,Mr.,Elementary Education,College of Education and Liberal Arts,Physical Education Department   ,Chairperson,202012581,profile.man19.png,Permanent Full-time,2020-8-8,,3/23/2018 18:07:00,6/2/2023 18:26,
226,,Rodel,Teofilo,rodelteofilo@adamson.edu.ph,Mr.,Elementary Education,College of Education and Liberal Arts,Physical Education Department   ,Professor,202012582,profile.man20.png,Permanent Full-time,2020-8-9,,11/19/2018 20:36:00,6/9/2023 19:27,
227,,Rose Anne,Gesmundo,roseannegesmundo@adamson.edu.ph,Ms.,Elementary Education,College of Education and Liberal Arts,Physical Education Department   ,Associate Professor,202012583,profile.woman4.png,Permanent Full-time,2020-8-9,,8/12/2019 12:32:00,6/19/2023 20:14,
228,,Carmina,Balonia,carminabalonia@adamson.edu.ph,Ms.,Elementary Education,College of Education and Liberal Arts,Physical Education Department   ,Professor,202012584,profile.woman5.png,Contractual Full-time,2020-8-10,,1/17/2020 15:29:00,6/20/2023 12:42,
229,,Blessie Lee,Trinidad,blessieleetrinidad@adamson.edu.ph,Ms.,Elementary Education,College of Education and Liberal Arts,Physical Education Department   ,Professor,202012585,profile.woman6.png,Contractual Full-time,2020-8-11,,2/11/2020 18:40:00,6/23/2023 13:45,
230,,Marcel,Natividad,marcelnatividad@adamson.edu.ph,Mrs.,Secondary Education,College of Education and Liberal Arts,Physical Education Department   ,Professor,202012586,profile.woman7.png,Contractual Full-time,2020-8-11,,3/6/2020 19:53:00,6/26/2023 13:58,
231,,Justine ,Esguerra,justineesguerra@adamson.edu.ph,Mr.,Secondary Education,College of Education and Liberal Arts,Physical Education Department   ,Professor,202012587,profile.man1.png,Contractual Full-time,2020-8-12,,6/11/2020 9:37:00,6/27/2023 14:35,
232,,Carter,Casihan,cartercasihan@adamson.edu.ph,Mr.,Secondary Education,College of Education and Liberal Arts,Physical Education Department   ,Professor,202012588,profile.man2.png,Contractual Full-time,2020-8-13,,8/3/2020 10:27:00,7/4/2023 15:27,
233,,Gladys,Avicii,gladysavicii@adamson.edu.ph,Mrs.,Political Science,College of Education and Liberal Arts,Social Science Department,Professor,202012589,profile.woman8.png,Contractual Full-time,2020-8-14,,12/16/2020 10:45:00,8/15/2023 15:46,
234,,Amelia,Barabas,ameliabarabas@adamson.edu.ph,Ms.,Political Science,College of Education and Liberal Arts,Social Science Department,Professor,202012590,profile.woman9.png,Contractual Full-time,2020-8-15,,12/21/2020 13:14:00,9/4/2023 14:46,
235,,Louisa ,Delos Reyes,louisadelosreyes@adamson.edu.ph,Ms.,Political Science,College of Education and Liberal Arts,Social Science Department,Professor,202012591,profile.woman10.png,Contractual Full-time,2020-8-17,,2/26/2021 13:35:00,9/7/2023 12:22,
236,,Rosalie,Dumandan,rosaliedumandan@adamson.edu.ph,Mrs.,Political Science,College of Education and Liberal Arts,Social Science Department,Professor,202012592,profile.woman11.png,Contractual Full-time,2020-8-17,,5/20/2021 14:07:00,9/11/2023 10:56,
237,,Tracie,Figuera,traciefiguera@adamson.edu.ph,Ms.,Political Science,College of Education and Liberal Arts,Social Science Department,Professor,202012593,profile.woman12.png,Contractual Full-time,2020-8-18,,6/21/2021 10:27:00,9/20/2023 9:02,
238,,Gliceria,Lunag,glicerialunag@adamson.edu.ph,Mrs.,Political Science,College of Education and Liberal Arts,"Dean, College of Education and Liberal Arts",Dean,202012594,profile.woman13.png,Permanent Full-time,2020-8-18,,6/24/2021 9:05:00,10/16/2023 16:21,
239,,Edward Don,Padrilanan,edwarddonpadrilanan@adamson.edu.ph,Mr.,Political Science,College of Education and Liberal Arts,Social Science Department,Professor,202012595,profile.man3.png,Contractual Full-time,2020-8-19,,9/8/2021 10:03:00,10/20/2023 18:22,
240,,Patrick,Patino,patrickpatino@adamson.edu.ph,Mr.,Political Science,College of Education and Liberal Arts,Social Science Department,Professor,202012596,profile.man4.png,Contractual Full-time,2020-8-21,,10/6/2021 13:22:00,10/25/2023 19:27,
241,,Adrian,Zulueta,adrianzulueta@adamson.edu.ph,Mr.,Political Science,College of Education and Liberal Arts,Social Science Department,Chairperson,202012597,profile.man5.png,Permanent Full-time,2020-8-23,,11/18/2021 13:51:00,11/24/2023 15:42,
242,,Gavyn,Astillo,gavynastillo@adamson.edu.ph,Engr.,Civil Engineering,College of Engineering ,Civil Engineering Department,Professor,202012598,profile.man6.png,Contractual Full-time,2020-8-23,,12/17/2021 15:15:00,11/27/2023 14:33,
243,,Natal Roman,Carandang,natalromancarandang@adamson.edu.ph,Engr.,Civil Engineering,College of Engineering ,Civil Engineering Department,Professor,202012599,profile.man7.png,Contractual Full-time,2020-8-23,,12/23/2021 18:08:00,11/30/2023 12:29,
244,,William,Celiz,williamceliz@adamson.edu.ph,Engr.,Civil Engineering,College of Engineering ,Civil Engineering Department,Professor,202012600,profile.man8.png,Contractual Full-time,2020-8-24,,1/7/2022 18:50:00,12/7/2023 15:46,
245,,Damon Glenn,Esquivias,damonglennesquivias@adamson.edu.ph,Engr.,Civil Engineering,College of Engineering ,Civil Engineering Department,Professor,202012601,profile.man9.png,Contractual Part-time,2020-8-24,,3/18/2022 19:46:00,12/8/2023 16:28,
246,,Jerome Jordan,Famadico,jeromejordanfamadico@adamson.edu.ph,Engr.,Civil Engineering,College of Engineering ,Civil Engineering Department,Chairperson,202012602,profile.man10.png,Permanent Full-time,2020-8-25,,3/31/2022 19:19:00,12/13/2023 17:41,
247,,Bartolo Jayson,Galindez,bartolojaysongalindez@adamson.edu.ph,Engr.,Civil Engineering,College of Engineering ,Civil Engineering Department,Coordinator,202012603,profile.man11.png,Permanent Full-time,2020-8-29,,4/13/2022 20:42:00,12/14/2023 18:40,
248,,Sullivan,Manjon,sullivanmanjon@adamson.edu.ph,Engr.,Civil Engineering,College of Engineering ,Civil Engineering Department,Professor,202012604,profile.man12.png,Contractual Part-time,2020-8-30,,5/6/2022 15:10:00,12/15/2023 9:56,
249,,Amado Jamel,Mipa,amadojamelmipa@adamson.edu.ph,Engr.,Civil Engineering,College of Engineering ,Civil Engineering Department,Researcher,202012605,profile.man13.png,Contractual Part-time,2020-8-31,,3/30/2023 12:01:00,12/20/2023 9:34,
250,,Tristin,Puno,tristinpuno@adamson.edu.ph,Engr.,Civil Engineering,College of Engineering ,Civil Engineering Department,Instructor,202012606,profile.man14.png,Contractual Full-time,2020-9-1,,2/6/2018 12:22:00,6/1/2023 10:35,
251,,Gina Javiera,Umali,ginajavieraumali@adamson.edu.ph,Engr.,Civil Engineering,College of Engineering ,Civil Engineering Department,Professor,202012607,profile.woman14.png,Contractual Full-time,2020-9-2,,3/6/2018 13:04:00,6/8/2023 11:10,
252,,Alyson,Valencia,alysonvalencia@adamson.edu.ph,Engr.,Civil Engineering,College of Engineering ,Civil Engineering Department,Professor,202012608,profile.woman15.png,Special Lecturer,2020-9-3,,6/4/2018 11:32:00,6/12/2023 12:00,
253,,Andres,Alicos,andresalicos@adamson.edu.ph,Engr.,Chemical Engineering,College of Engineering ,Chemical Engineering Department,Professor,202012609,profile.man15.png,Contractual Full-time,2020-9-4,,8/23/2018 13:40:00,6/19/2023 12:29,
254,,Angelica ,Castro,angelicacastro@adamson.edu.ph,Engr.,Chemical Engineering,College of Engineering ,Chemical Engineering Department,Associate Professor,202012610,profile.woman16.png,Contractual Full-time,2020-9-4,,1/23/2019 15:35:00,6/21/2023 13:12,
255,,Diego ,Domingo,diegodomingo@adamson.edu.ph,Engr.,Chemical Engineering,College of Engineering ,Chemical Engineering Department,Instructor,202012611,profile.man16.png,Contractual Part-time,2020-9-6,,4/19/2019 19:16:00,6/22/2023 7:25,
256,,Isabella ,Garcia,isabellagarcia@adamson.edu.ph,Engr.,Chemical Engineering,College of Engineering ,Chemical Engineering Department,Professor,202012612,profile.woman17.png,Contractual Part-time,2020-9-7,,9/12/2019 12:22:00,6/26/2023 9:07,
257,,Rafael ,Graciano,rafaelgraciano@adamson.edu.ph,Engr.,Chemical Engineering,College of Engineering ,Chemical Engineering Department,Professor,202012613,profile.man17.png,Permanent Full-time,2020-9-7,,7/9/2020 14:00:00,6/29/2023 9:07,
258,,Tyrese,Mercado,tyresemercado@adamson.edu.ph,Engr.,Chemical Engineering,College of Engineering ,Chemical Engineering Department,Professor,202012614,profile.man18.png,Permanent Full-time,2020-9-8,,5/3/2021 17:19:00,7/6/2023 11:59,
259,,Erison,Roque,erisonroque@adamson.edu.ph,Engr.,Chemical Engineering,College of Engineering ,Chemical Engineering Department,Chairperson,202012615,profile.man19.png,Permanent Full-time,2020-9-8,,5/6/2021 19:33:00,7/14/2023 12:28,
260,,Julian,Quejada,julianquejada@adamson.edu.ph,Engr.,Chemical Engineering,College of Engineering ,Chemical Engineering Department,Instructor,202012616,profile.man20.png,Contractual Part-time,2020-9-9,,6/2/2021 10:55:00,7/27/2023 12:55,
261,,Ezekiel ,Quinsaat,ezekielquinsaat@adamson.edu.ph,Engr.,Chemical Engineering,College of Engineering ,Chemical Engineering Department,Professor,202012617,profile.man1.png,Special Lecturer,2020-9-10,,6/29/2021 17:22:00,8/23/2023 14:46,
262,,Janine ,Soledaridad,janinesoledaridad@adamson.edu.ph,Engr.,Chemical Engineering,College of Engineering ,Chemical Engineering Department,Professor,202012618,profile.woman18.png,Contractual Part-time,2020-9-11,,10/4/2021 19:19:00,8/31/2023 17:30,
263,,Valerie,Torralba,valerietorralba@adamson.edu.ph,Engr.,Chemical Engineering,College of Engineering ,Chemical Engineering Department,Professor,202012619,profile.woman19.png,Contractual Part-time,2020-9-15,,12/7/2021 20:42:00,9/6/2023 18:16,
264,,Clifford Jacoby,Vicente,cliffordjacobyvicente@adamson.edu.ph,Engr.,Chemical Engineering,College of Engineering ,Chemical Engineering Department,Professor,202012620,profile.man2.png,Contractual Part-time,2020-9-15,,12/9/2021 7:03:00,9/8/2023 18:53,
265,,Yolanda,Austria,yolandaaustria@adamson.edu.ph,Engr.,Computer Engineering,College of Engineering ,Computer Engineering Department,Chairperson,202012621,profile.man3.png,Permanent Full-time,2020-9-16,,12/14/2021 7:17:00,9/13/2023 19:27,
266,,Dion Teo,Cayabyab,dionteocayabyab@adamson.edu.ph,Engr.,Computer Engineering,College of Engineering ,Computer Engineering Department,Professor,202012622,profile.man4.png,Contractual Full-time,2020-9-17,,3/21/2022 7:29:00,9/20/2023 20:30,
267,,Arturo,Hernandez,arturohernandez@adamson.edu.ph,Engr.,Computer Engineering,College of Engineering ,Computer Engineering Department,Professor,202012623,profile.man5.png,Contractual Full-time,2020-9-17,,5/6/2022 7:37:00,10/5/2023 11:49,
268,,Ileanna,Magbanua,ileannamagbanua@adamson.edu.ph,Engr.,Computer Engineering,College of Engineering ,Computer Engineering Department,Professor,202012624,profile.woman20.png,Contractual Full-time,2020-9-20,,6/13/2022 7:54:00,10/19/2023 9:07,
269,,Elvis,Malano,elvismalano@adamson.edu.ph,Engr.,Computer Engineering,College of Engineering ,Computer Engineering Department,Professor,202012625,profile.man6.png,Contractual Full-time,2020-9-20,,8/11/2022 8:24:00,11/3/2023 9:56,
270,,Derick,Manaloto,derickmanaloto@adamson.edu.ph,Engr.,Computer Engineering,College of Engineering ,Computer Engineering Department,Professor,202012626,profile.man7.png,Contractual Full-time,2020-9-21,,9/12/2022 13:13:00,11/6/2023 10:32,
271,,Deven,Ocampo,devenocampo@adamson.edu.ph,Engr.,Computer Engineering,College of Engineering ,Computer Engineering Department,Professor,202012627,profile.man8.png,Contractual Part-time,2020-9-22,,9/28/2022 13:55:00,11/23/2023 12:16,
272,,Brayden,Pelayo,braydenpelayo@adamson.edu.ph,Engr.,Computer Engineering,College of Engineering ,Computer Engineering Department,Professor,202012628,profile.man9.png,Contractual Part-time,2020-9-23,,4/3/2023 15:32:00,11/30/2023 12:35,
273,,Guido,Vicente,guidovicente@adamson.edu.ph,Engr.,Computer Engineering,College of Engineering ,Computer Engineering Department,Coordinator,202012629,profile.man10.png,Permanent Part-time,2020-9-23,,4/17/2023 14:59:00,12/1/2023 13:43,
274,,Renaldo Honor,Villosillo,renaldohonorvillosillo@adamson.edu.ph,Engr.,Computer Engineering,College of Engineering ,Computer Engineering Department,Professor,202012630,profile.man11.png,Permanent Part-time,2020-9-24,,5/16/2023 13:39:00,12/21/2023 14:35,
275,,Edward Joseph,Castro,edwardjosephcastro@adamson.edu.ph,Engr.,Electrical Engineering,College of Engineering ,Electrical Engineering Department,Chairperson,202012631,profile.man12.png,Permanent Full-time,2020-9-27,,2/6/2018 15:59:00,11/3/2023 15:19,
276,,Hailey Andrea ,Cereza,haileyandreacereza@adamson.edu.ph,Engr.,Electrical Engineering,College of Engineering ,Electrical Engineering Department,Professor,202012632,profile.woman1.png,Permanent Part-time,2020-9-28,,3/8/2018 15:35:00,11/10/2023 15:57,
277,,Sally,Guitierrez,sallyguitierrez@adamson.edu.ph,Engr.,Electrical Engineering,College of Engineering ,Electrical Engineering Department,Professor,202012633,profile.woman2.png,Contractual Full-time,2020-9-28,,5/31/2018 16:51:00,11/13/2023 9:34,
278,,Cali,Masancay,calimasancay@adamson.edu.ph,Engr.,Electrical Engineering,College of Engineering ,Electrical Engineering Department,Professor,202012634,profile.man13.png,Contractual Full-time,2020-9-28,,7/27/2018 17:32:00,11/20/2023 10:30,
279,,Anasatasia,Ramirez,anasatasiaramirez@adamson.edu.ph,Engr.,Electrical Engineering,College of Engineering ,Electrical Engineering Department,Professor,202012635,profile.woman3.png,Contractual Full-time,2020-9-29,,10/2/2018 17:44:00,6/20/2023 10:49,
280,,Amaya ,Rana,amayarana@adamson.edu.ph,Engr.,Electrical Engineering,College of Engineering ,Electrical Engineering Department,Professor,202012636,profile.woman4.png,Contractual Full-time,2020-9-29,,5/20/2019 18:09:00,7/12/2023 11:26,
281,,Greyson,Rojas,greysonrojas@adamson.edu.ph,Engr.,Electrical Engineering,College of Engineering ,Electrical Engineering Department,Professor,202012637,profile.man14.png,Contractual Part-time,2020-9-29,,8/6/2019 18:21:00,7/20/2023 12:17,
282,,Leah,Sarte,leahsarte@adamson.edu.ph,Engr.,Electrical Engineering,College of Engineering ,Electrical Engineering Department,Researcher,202012638,profile.woman5.png,Contractual Part-time,2020-9-29,,9/5/2019 18:58:00,7/26/2023 16:21,
283,,Catalina Mariah,Tanyag,catalinamariahtanyag@adamson.edu.ph,Engr.,Electrical Engineering,College of Engineering ,Electrical Engineering Department,Instructor,202012639,profile.woman6.png,Contractual Part-time,2020-9-29,,10/1/2019 19:28:00,7/31/2023 17:17,
284,,Nick ,Velasco,nickvelasco@adamson.edu.ph,Engr.,Electrical Engineering,College of Engineering ,Electrical Engineering Department,Professor,202012640,profile.man15.png,Contractual Full-time,2020-10-3,,11/12/2019 16:16:00,8/10/2023 17:41,
285,,Gregory ,Veterano,gregoryveterano@adamson.edu.ph,Engr.,Electrical Engineering,College of Engineering ,Electrical Engineering Department,Professor,202012641,profile.man16.png,Contractual Part-time,2020-10-4,,12/12/2019 16:51:00,8/15/2023 13:46,
286,,Cade,Vilela,cadevilela@adamson.edu.ph,Engr.,Electrical Engineering,College of Engineering ,Electrical Engineering Department,Coordinator,202012642,profile.man17.png,Permanent Full-time,2020-10-5,,12/20/2019 8:45:00,9/4/2023 14:35,
287,,Pascual,Yllana,pascualyllana@adamson.edu.ph,Engr.,Electrical Engineering,College of Engineering ,Electrical Engineering Department,Professor,202012643,profile.man18.png,Contractual Full-time,2020-10-5,,3/3/2020 9:18:00,9/8/2023 15:29,
288,,Jasper Meynard,Arana,jaspermeynardarana@adamson.edu.ph,Engr.,Electronics Engineering,College of Engineering ,Electronics Engineering Department,Chairperson,202012644,profile.man19.png,Permanent Full-time,2020-10-6,,11/13/2020 10:04:00,9/12/2023 16:00,
289,,Dennis Brenden,Azegre,dennisbrendenazegre@adamson.edu.ph,Engr.,Electronics Engineering,College of Engineering ,Electronics Engineering Department,Professor,202012645,profile.man20.png,Permanent Full-time,2020-10-6,,12/30/2020 11:49:00,7/4/2023 20:30,
290,,Kenyon,Domingo,kenyondomingo@adamson.edu.ph,Engr.,Electronics Engineering,College of Engineering ,Electronics Engineering Department,Professor,202012646,profile.man1.png,Contractual Full-time,2020-10-7,,3/9/2021 12:45:00,7/6/2023 19:40,
291,,Quinten,Estolas,quintenestolas@adamson.edu.ph,Engr.,Electronics Engineering,College of Engineering ,Electronics Engineering Department,Associate Professor,202012647,profile.man2.png,Permanent Full-time,2020-10-8,,3/10/2021 13:39:00,7/10/2023 18:22,
292,,Lane,Goyena,lanegoyena@adamson.edu.ph,Engr.,Electronics Engineering,College of Engineering ,Electronics Engineering Department,Instructor,202012648,profile.man3.png,Contractual Full-time,2020-10-8,,9/3/2021 13:55:00,7/14/2023 18:35,
293,,Luis Herbert,Katigbak,luisherbertkatigbak@adamson.edu.ph,Engr.,Electronics Engineering,College of Engineering ,Electronics Engineering Department,Professor,202012649,profile.man4.png,Contractual Full-time,2020-10-8,,2/3/2022 15:59:00,7/21/2023 13:58,
294,,Graham Jerold,Liwag,grahamjeroldliwag@adamson.edu.ph,Engr.,Electronics Engineering,College of Engineering ,Electronics Engineering Department,Researcher,202012650,profile.man5.png,Contractual Part-time,2020-10-9,,3/9/2022 16:53:00,7/25/2023 14:46,
295,,Rolando,Malaluan,rolandomalaluan@adamson.edu.ph,Engr.,Electronics Engineering,College of Engineering ,Electronics Engineering Department,Professor,202012651,profile.man6.png,Guest Lecturer,2020-10-10,,12/1/2022 17:32:00,7/28/2023 12:28,
296,,Xavier Felippe,Manlangit,xavierfelippemanlangit@adamson.edu.ph,Engr.,Electronics Engineering,College of Engineering ,Electronics Engineering Department,Professor,202012652,profile.man7.png,Contractual Part-time,2020-10-11,,1/3/2023 19:27:00,8/11/2023 12:47,
297,,Payton Forrest,Mendez,paytonforrestmendez@adamson.edu.ph,Engr.,Electronics Engineering,College of Engineering ,Electronics Engineering Department,Professor,202012653,profile.man8.png,Permanent Part-time,2020-10-12,,1/25/2023 18:58:00,8/31/2023 13:51,
298,,Alvin Jaxson,Veluz,alvinjaxsonveluz@adamson.edu.ph,Engr.,Electronics Engineering,College of Engineering ,Electronics Engineering Department,Professor,202012654,profile.man9.png,Permanent Part-time,2020-10-13,,2/23/2023 13:49:00,9/1/2023 14:46,
299,,Noel,Ventura,noelventura@adamson.edu.ph,Engr.,Electronics Engineering,College of Engineering ,Electronics Engineering Department,Coordinator,202012655,profile.man10.png,Permanent Part-time,2020-10-13,,4/11/2023 14:54:00,9/14/2023 15:42,
300,,Tyrone,Alba,tyronealba@adamson.edu.ph,Engr.,Industrial Engineering,College of Engineering ,Industrial Engineering Department,Coordinator,202012656,profile.man11.png,Permanent Part-time,2020-10-14,,7/2/2018 15:32:00,9/27/2023 16:00,
301,,Larry,Ancheta,larryancheta@adamson.edu.ph,Engr.,Industrial Engineering,College of Engineering ,Industrial Engineering Department,Professor,202012657,profile.man12.png,Permanent Part-time,2020-10-15,,11/22/2018 16:02:00,10/2/2023 11:49,
302,,Adelio Jadyn,Buendia,adeliojadynbuendia@adamson.edu.ph,Engr.,Industrial Engineering,College of Engineering ,Industrial Engineering Department,Professor,202012658,profile.man13.png,Contractual Full-time,2020-10-17,,12/11/2018 15:18:00,10/10/2023 11:59,
303,,Pangco,Cabungcal,pangcocabungcal@adamson.edu.ph,Engr.,Industrial Engineering,College of Engineering ,Industrial Engineering Department,Professor,202012659,profile.man14.png,Contractual Full-time,2020-10-17,,5/21/2019 19:23:00,11/22/2023 12:16,
304,,Mary Christine,Ching,marychristineching@adamson.edu.ph,Engr.,Industrial Engineering,College of Engineering ,Industrial Engineering Department,Chairperson,202012660,profile.woman7.png,Permanent Full-time,2020-10-19,,5/23/2019 19:28:00,11/23/2023 12:29,
305,,Sebastian Bartolome,Custodio,sebastianbartolomecustodio@adamson.edu.ph,Engr.,Industrial Engineering,College of Engineering ,Industrial Engineering Department,Professor,202012661,profile.man15.png,Permanent Full-time,2020-10-23,,6/6/2019 20:42:00,11/24/2023 12:42,
306,,Patricio,Fermin,patriciofermin@adamson.edu.ph,Engr.,Industrial Engineering,College of Engineering ,Industrial Engineering Department,Professor,202012662,profile.man16.png,Contractual Full-time,2020-10-23,,7/31/2019 10:18:00,12/5/2023 17:22,
307,,Jonas Chico,Galura,jonaschicogalura@adamson.edu.ph,Engr.,Industrial Engineering,College of Engineering ,Industrial Engineering Department,Professor,202012663,profile.man17.png,Contractual Full-time,2020-10-24,,10/21/2019 8:52:00,12/15/2023 18:22,
308,,Tyrese Salvadore,Mindoro,tyresesalvadoremindoro@adamson.edu.ph,Engr.,Industrial Engineering,College of Engineering ,Industrial Engineering Department,Professor,202012664,profile.man18.png,Contractual Part-time,2020-10-24,,11/22/2019 7:03:00,6/5/2023 8:00,
309,,Bibiana,Rioja,bibianarioja@adamson.edu.ph,Engr.,Industrial Engineering,College of Engineering ,Industrial Engineering Department,Professor,202012665,profile.woman8.png,Permanent Part-time,2020-10-25,,11/29/2019 12:48:00,6/6/2023 9:34,
310,,Alexa Aniyah ,Tanag,alexaaniyahtanag@adamson.edu.ph,Engr.,Industrial Engineering,College of Engineering ,Industrial Engineering Department,Professor,202012666,profile.woman9.png,Permanent Part-time,2020-10-25,,12/11/2019 13:30:00,6/20/2023 10:48,
311,,Dante Erik,Valle,danteerikvalle@adamson.edu.ph,Engr.,Industrial Engineering,College of Engineering ,Industrial Engineering Department,Researcher,202012667,profile.man19.png,Contractual Part-time,2020-10-28,,1/22/2020 13:46:00,7/5/2023 11:10,
312,,Iago Aquila,Zarate,iagoaquilazarate@adamson.edu.ph,Engr.,Industrial Engineering,College of Engineering ,Industrial Engineering Department,Professor,202012668,profile.man20.png,Contractual Full-time,2020-10-30,,5/8/2020 14:11:00,7/13/2023 18:10,
313,,Rita Nalda,Mercado,ritanaldamercado@adamson.edu.ph,Engr.,Mechanical Engineering,College of Engineering ,Mechanical Engineering Department,Professor,202012669,profile.woman10.png,Permanent Full-time,2020-10-31,,8/12/2020 11:17:00,7/28/2023 18:40,
314,,Jesenia Kaliyah,Arancel,jeseniakaliyaharancel@adamson.edu.ph,Engr.,Mechanical Engineering,College of Engineering ,Mechanical Engineering Department,Professor,202012670,profile.woman11.png,Permanent Part-time,2020-11-1,,10/1/2020 12:40:00,8/11/2023 19:27,
315,,Gianina,Belisario,gianinabelisario@adamson.edu.ph,Engr.,Mechanical Engineering,College of Engineering ,Mechanical Engineering Department,Coordinator,202012671,profile.woman12.png,Permanent Full-time,2020-11-2,,3/26/2021 13:39:00,8/17/2023 19:40,
316,,Noime,Fernandez,noimefernandez@adamson.edu.ph,Engr.,Mechanical Engineering,College of Engineering ,Mechanical Engineering Department,Chairperson,202012672,profile.woman13.png,Permanent Full-time,2020-11-2,,6/7/2021 13:49:00,8/18/2023 20:35,
317,,Maegan Astrid,Hinojosa,maeganastridhinojosa@adamson.edu.ph,Engr.,Mechanical Engineering,College of Engineering ,Mechanical Engineering Department,Professor,202012673,profile.woman14.png,Contractual Full-time,2020-11-4,,1/20/2022 20:07:00,8/22/2023 18:16,
318,,Ariela Carmita,Jimenez,arielacarmitajimenez@adamson.edu.ph,Engr.,Mechanical Engineering,College of Engineering ,Mechanical Engineering Department,Professor,202012674,profile.woman15.png,Contractual Full-time,2020-11-4,,2/23/2022 20:51:00,8/28/2023 15:42,
319,,Daunte,Roxas,daunteroxas@adamson.edu.ph,Engr.,Mechanical Engineering,College of Engineering ,Mechanical Engineering Department,Professor,202012675,profile.man1.png,Contractual Full-time,2020-11-5,,8/11/2022 19:29:00,9/5/2023 16:18,
320,,Jude Philip,Tayag,judephiliptayag@adamson.edu.ph,Engr.,Mechanical Engineering,College of Engineering ,Mechanical Engineering Department,Professor,202012676,profile.man2.png,Contractual Part-time,2020-11-6,,12/19/2022 18:58:00,9/8/2023 17:41,
321,,Layne Collin,Tibayan,laynecollintibayan@adamson.edu.ph,Engr.,Mechanical Engineering,College of Engineering ,Mechanical Engineering Department,Professor,202012677,profile.man3.png,Contractual Part-time,2020-11-7,,3/29/2023 15:59:00,10/16/2023 9:02,
322,,Arnaldo Micah,Ylagan,arnaldomicahylagan@adamson.edu.ph,Engr.,Mechanical Engineering,College of Engineering ,Mechanical Engineering Department,Professor,202012678,profile.man4.png,Contractual Full-time,2020-11-9,,5/5/2023 16:53:00,10/17/2023 9:56,
323,,Luis Collin ,Dungog,luiscollindungog@adamson.edu.ph,Engr.,Petroleum Engineering,College of Engineering ,Petroleum Engineering Department,Coordinator,202012679,profile.man5.png,Permanent Full-time,2020-11-9,,5/11/2023 18:34:00,11/6/2023 10:30,
324,,Neron,Escribano,neronescribano@adamson.edu.ph,Engr.,Petroleum Engineering,College of Engineering ,Petroleum Engineering Department,Professor,202012680,profile.man6.png,Permanent Full-time,2020-11-10,,5/29/2023 19:27:00,11/29/2023 10:49,
325,,Lucila,Elefante,lucilaelefante@adamson.edu.ph,Engr.,Petroleum Engineering,College of Engineering ,Petroleum Engineering Department,Professor,202012681,profile.woman16.png,Permanent Full-time,2020-11-10,,7/30/2018 11:17:00,12/22/2023 11:26,
326,,Fidle Antoine,Guitereez,fidleantoineguitereez@adamson.edu.ph,Engr.,Petroleum Engineering,College of Engineering ,Petroleum Engineering Department,Professor,202012682,profile.man7.png,Contractual Full-time,2020-11-10,,8/28/2018 8:12:00,12/25/2023 12:16,
327,,Nash,Infanta,nashinfanta@adamson.edu.ph,Engr.,Petroleum Engineering,College of Engineering ,Petroleum Engineering Department,Professor,202012683,profile.man8.png,Contractual Full-time,2020-11-12,,9/28/2018 9:08:00,8/2/2023 12:42,
328,,Ramon Estefan ,Manabat,ramonestefanmanabat@adamson.edu.ph,Engr.,Petroleum Engineering,College of Engineering ,Petroleum Engineering Department,Professor,202012684,profile.man9.png,Contractual Part-time,2020-11-12,,12/17/2018 13:55:00,8/3/2023 16:16,
329,,Giancarlo Eric,Manalastas,giancarloericmanalastas@adamson.edu.ph,Engr.,Petroleum Engineering,College of Engineering ,Petroleum Engineering Department,Professor,202012685,profile.man10.png,Contractual Part-time,2020-11-13,,2/4/2019 17:51:00,8/9/2023 10:56,
330,,Caiden,Manalili,caidenmanalili@adamson.edu.ph,Engr.,Petroleum Engineering,College of Engineering ,Petroleum Engineering Department,Professor,202012686,profile.man11.png,Permanent Part-time,2020-11-14,,4/22/2019 20:18:00,8/17/2023 9:43,
331,,Lester Alfred,Olasiman,lesteralfredolasiman@adamson.edu.ph,Engr.,Petroleum Engineering,College of Engineering ,Petroleum Engineering Department,Chairperson,202012687,profile.man12.png,Permanent Part-time,2020-11-15,,4/26/2019 20:35:00,8/30/2023 10:30,
332,,Merlinda,Palencia,merlindapalencia@adamson.edu.ph,Engr.,Petroleum Engineering,College of Engineering ,"Dean, College of Engineering",Dean,202012688,profile.woman17.png,Permanent Full-time,2020-11-17,,6/4/2019 20:51:00,9/5/2023 11:49,
333,,Anna Maria,Abad ,annamariaabad@adamson.edu.ph,Engr.,Political Science,College of Law ,"Dean, College of Law",Dean,202012689,profile.woman18.png,Permanent Full-time,2020-11-18,,3/13/2020 14:12:00,9/6/2023 12:23,
334,,Vincente,Blanco,vincenteblanco@adamson.edu.ph,Mr.,Political Science,College of Law ,Law Department,Coordinator,202012690,profile.man13.png,Permanent Full-time,2020-11-18,,7/17/2020 15:59:00,9/11/2023 13:12,
335,,Lukas,Cadiz,lukascadiz@adamson.edu.ph,Mr.,Political Science,College of Law ,Law Department,Professor,202012691,profile.man14.png,Permanent Full-time,2020-11-19,,12/1/2020 16:22:00,9/19/2023 16:03,
336,,Shea Fabian ,Escalante,sheafabianescalante@adamson.edu.ph,Ms.,Economics,College of Law ,Law Department,Professor,202012692,profile.woman19.png,Permanent Full-time,2020-11-21,,2/25/2021 18:58:00,9/29/2023 18:53,
337,,Franklin ,Estrada,franklinestrada@adamson.edu.ph,Mr.,Economics,College of Law ,Law Department,Professor,202012693,profile.man15.png,Permanent Full-time,2020-11-21,,8/17/2021 19:23:00,10/20/2023 7:24,
338,,Stefan,Isidro,stefanisidro@adamson.edu.ph,Mr.,Philosophy,College of Law ,Law Department,Professor,202012694,profile.man16.png,Permanent Part-time,2020-11-22,,10/26/2021 19:32:00,10/25/2023 8:25,
339,,Barto Conrado,Medina,bartoconradomedina@adamson.edu.ph,Engr.,Philosophy,College of Law ,Law Department,Professor,202012695,profile.man17.png,Permanent Part-time,2020-11-23,,11/11/2021 13:39:00,11/6/2023 9:07,
340,,Georgia Alia,Abaya,georgiaaliaabaya@adamson.edu.ph,Dr.,Nursing,College of Nursing ,Nursing Department,Coordinator,202012696,profile.man18.png,Permanent Full-time,2020-11-24,,1/21/2022 13:55:00,6/2/2023 10:04,
341,,Elyse Verdad,Abayan,elyseverdadabayan@adamson.edu.ph,Dr.,Nursing,College of Nursing ,Nursing Department,Professor,202012697,profile.woman20.png,Permanent Part-time,2020-11-25,,2/25/2022 15:12:00,6/9/2023 10:44,
342,,Rocio Maritza,Alicante,rociomaritzaalicante@adamson.edu.ph,Mr.,Nursing,College of Nursing ,Nursing Department,Professor,202012698,profile.man19.png,Permanent Full-time,2020-11-25,,3/30/2022 16:11:00,6/20/2023 11:55,
343,,Alina Miranda,Guerra,alinamirandaguerra@adamson.edu.ph,Dr.,Nursing,College of Nursing ,Nursing Department,Professor,202012699,profile.woman1.png,Contractual Full-time,2020-11-26,,5/11/2022 15:59:00,7/7/2023 12:21,
344,,Mikayla ,Gonzales,mikaylagonzales@adamson.edu.ph,Mrs.,Nursing,College of Nursing ,Nursing Department,Professor,202012700,profile.woman2.png,Contractual Full-time,2020-11-27,,9/1/2022 13:49:00,7/10/2023 13:13,
345,,Ashton Carli,Magpantay,ashtoncarlimagpantay@adamson.edu.ph,Mr.,Nursing,College of Nursing ,Nursing Department,Professor,202012701,profile.man20.png,Permanent Full-time,2020-11-27,,9/13/2022 10:27:00,7/25/2023 13:41,
346,,Maribel Ella ,Malabanan,maribelellamalabanan@adamson.edu.ph,Mrs.,Nursing,College of Nursing ,Nursing Department,Professor,202012702,profile.man1.png,Contractual Part-time,2020-11-27,,12/16/2022 8:24:00,10/13/2023 15:17,
347,,Eva Yolanda,Pizarro,evayolandapizarro@adamson.edu.ph,Ms.,Nursing,College of Nursing ,Nursing Department,Professor,202012703,profile.woman3.png,Contractual Part-time,2020-11-28,,12/27/2022 16:18:00,10/17/2023 15:39,
348,,Leilani Mikaela,Silva,leilanimikaelasilva@adamson.edu.ph,Ms.,Nursing,College of Nursing ,Nursing Department,Researcher,202012704,profile.woman4.png,Contractual Part-time,2020-11-28,,2/22/2023 17:55:00,10/27/2023 17:03,
349,,Almira,Tenorio,almiratenorio@adamson.edu.ph,Dr.,Nursing,College of Nursing ,"Dean, College of Nursing",Dean,202012705,profile.woman5.png,Permanent Full-time,2020-11-30,,4/3/2023 18:21:00,10/31/2023 17:38,
350,,Mike Bello,Alcaraz,mikebelloalcaraz@adamson.edu.ph,Mr.,Physiology and Pathophysiology,College of Pharmacy ,Pharmacy Department ,Coordinator,202012706,profile.man2.png,Permanent Full-time,2020-12-2,,2/16/2018 19:23:00,11/9/2023 13:31,
351,,Aryan Finn,Buendia,aryanfinnbuendia@adamson.edu.ph,Mr.,Physiology and Pathophysiology,College of Pharmacy ,Pharmacy Department ,Professor,202012707,profile.man3.png,Permanent Full-time,2020-12-3,,9/10/2018 20:07:00,11/22/2023 14:32,
352,,Perlita,Crucis,perlitacrucis@adamson.edu.ph,Mrs.,Physiology and Pathophysiology,College of Pharmacy ,"Dean, College of Pharmacy",Dean,202012708,profile.woman6.png,Permanent Full-time,2020-12-5,,12/17/2018 14:59:00,11/27/2023 10:03,
353,,Oscar,Despujol,oscardespujol@adamson.edu.ph,Mr.,Physiology and Pathophysiology,College of Pharmacy ,Pharmacy Department ,Professor,202012709,profile.man4.png,Contractual Full-time,2020-12-7,,2/22/2019 16:02:00,11/29/2023 10:56,
354,,Chica Bailey,Dimalanta,chicabaileydimalanta@adamson.edu.ph,Ms.,Pharmaceutical Calculations,College of Pharmacy ,Pharmacy Department ,Professor,202012710,profile.woman7.png,Contractual Full-time,2020-12-8,,12/13/2019 17:15:00,11/30/2023 7:24,
355,,Marlina,Elizalde,marlinaelizalde@adamson.edu.ph,Ms.,Pharmaceutical Calculations,College of Pharmacy ,Pharmacy Department ,Professor,202012711,profile.woman8.png,Contractual Full-time,2020-12-11,,12/16/2019 18:07:00,12/12/2023 8:51,
356,,Nevada Rian,Manalili,nevadarianmanalili@adamson.edu.ph,Mr.,Pharmaceutical Calculations,College of Pharmacy ,Pharmacy Department ,Professor,202012712,profile.woman9.png,Contractual Part-time,2020-12-13,,3/5/2020 9:29:00,6/30/2023 16:06,
357,,Filipia ,Quema,filipiaquema@adamson.edu.ph,Ms.,Drug Delivery,College of Pharmacy ,Pharmacy Department ,Researcher,202012713,profile.woman10.png,Contractual Part-time,2020-12-14,,5/12/2020 8:45:00,7/17/2023 17:42,
358,,Mikayla Julieta ,Sicat,mikaylajulietasicat@adamson.edu.ph,Ms.,Drug Delivery,College of Pharmacy ,Pharmacy Department ,Professor,202012714,profile.woman11.png,Contractual Full-time,2020-12-15,,6/18/2020 8:12:00,7/18/2023 17:38,
359,,Sarai Autumn,Villarosa,saraiautumnvillarosa@adamson.edu.ph,Mrs.,Drug Delivery,College of Pharmacy ,Pharmacy Department ,Professor,202012715,profile.woman12.png,Permanent Part-time,2020-12-16,,9/28/2020 7:29:00,7/27/2023 18:04,
360,,Jhondle Dave,Veritas,jhondledaveveritas@adamson.edu.ph,Mr.,Drug Delivery,College of Pharmacy ,Pharmacy Department ,Professor,202012716,profile.man4.png,Permanent Part-time,2020-12-17,,1/28/2021 14:59:00,7/31/2023 18:20,
361,,Blanco Leo ,Balgos,blancoleobalgos@adamson.edu.ph,Mr.,Landscape Architecture,College of Architecture,Architecture Department,Professor,202012717,profile.man5.png,Permanent Full-time,2020-12-17,,3/9/2021 16:16:00,8/7/2023 10:18,
362,,Clodoveo Aurelius ,Cabungcal,clodoveoaureliuscabungcal@adamson.edu.ph,Mr.,Landscape Architecture,College of Architecture,Architecture Department,Professor,202012718,profile.man6.png,Contractual Part-time,2020-12-18,,4/6/2021 19:28:00,8/22/2023 12:03,
363,,Sylvester ,Seno,sylvesterseno@adamson.edu.ph,Arch.,,College of Architecture,Architecture Department,Dean,202012719,profile.woman4.png,Permanent Full-time,2020-12-21,,5/4/2021 22:40:00,9/6/2023 13:48,
364,,Terrance Noe ,Dungog,terrancenoedungog@adamson.edu.ph,Mr.,Landscape Architecture,College of Architecture,Architecture Department,Professor,202012719,profile.man7.png,Contractual Part-time,2020-12-21,,5/5/2021 20:37:00,8/28/2023 8:40,
365,,Rohan Juliano,Legazpi,rohanjulianolegazpi@adamson.edu.ph,Ms.,Landscape Architecture,College of Architecture,Architecture Department,Professor,202012720,profile.woman13.png,Contractual Part-time,2020-12-22,,9/8/2021 19:32:00,9/5/2023 10:04,
366,,Turi Mitchell ,Martinez,turimitchellmartinez@adamson.edu.ph,Ms.,Architectural Studies,College of Architecture,Architecture Department,Professor,202012721,profile.woman14.png,Permanent Full-time,2020-12-22,,10/12/2021 20:52:00,10/4/2023 13:41,
367,,Tylor Santo ,Parrilla,tylorsantoparrilla@adamson.edu.ph,Mr.,Architectural Studies,College of Architecture,Architecture Department,Professor,202012722,profile.man8.png,Permanent Full-time,2020-12-24,,11/29/2021 14:54:00,10/9/2023 15:10,
368,,Ian Terciero,Quezada,iantercieroquezada@adamson.edu.ph,Mr.,Architectural Studies,College of Architecture,Architecture Department,Professor,202012723,profile.man9.png,Permanent Full-time,2020-12-26,,3/30/2022 10:55:00,10/13/2023 17:38,
369,,Gaspar Orlin ,Roque,gasparorlinroque@adamson.edu.ph,Mr.,Architectural Studies,College of Architecture,Architecture Department,Professor,202012724,profile.man10.png,Permanent Full-time,2020-12-26,,7/13/2022 8:31:00,10/23/2023 17:59,
370,,Juana Benita ,Samonte,juanabenitasamonte@adamson.edu.ph,Ms.,Architectural Studies,College of Architecture,Architecture Department,Professor,202012725,profile.woman15.png,Contractual Full-time,2020-12-27,,9/2/2022 11:30:00,10/24/2023 18:17,
371,,Jarrod Che ,Umali,jarrodcheumali@adamson.edu.ph,Mr.,Architectural Design Technology,College of Architecture,Architecture Department,Researcher,202012726,profile.man11.png,Contractual Full-time,2020-12-28,,12/7/2022 12:45:00,10/25/2023 19:15,
372,,Angelina Reya ,Villaecija,angelinareyavillaecija@adamson.edu.ph,Ms.,Architectural Design Technology,College of Architecture,Architecture Department,Coordinator,202012727,profile.woman16.png,Contractual Full-time,2020-12-29,,1/3/2023 14:54:00,11/7/2023 19:38,
373,,Annabel Miranda ,Villamor,annabelmirandavillamor@adamson.edu.ph,Ms.,Architectural Design Technology,College of Architecture,Architecture Department,Professor,202012728,profile.woman17.png,Contractual Part-time,2020-12-29,,1/9/2023 16:02:00,11/9/2023 20:42,
374,,Maricar,Dagpin,maricardagpin@adamson.edu.ph,Ms.,,Academic Office ,Human Resource Management and Development Office ,Coordinator,202012740,profile.woman1.png,Permanent Full-time,2020-12-30,,2/23/2018 8:39:00,12/12/2023 10:43,
375,,Harlem,Lachica,harlemlachica@adamson.edu.ph,Engr.,Industrial Engineering,College of Engineering ,Industrial Engineering Department,Professor,201810011,profile.man3.png,Contractual Part-time,2018-1-1,2020-02-15,24/02/2018 18:00:05,03/05/2023 5:34:23,
376,,Nathan,Chua,nathanchua@adamson.edu.ph,Engr.,Industrial Engineering,College of Engineering ,Industrial Engineering Department,Professor,201810012,profile.man4.png,Contractual Full-time,2018-1-2,2020-09-21,21/02/2019 10:45:12,26/02/2023 04:14:11,
377,,Rodrigo,Galicia,rodrigogalicia@adamson.edu.ph,Engr.,Industrial Engineering,College of Engineering ,Industrial Engineering Department,Professor,201810013,profile.man5.png,Contractual Full-time,2018-1-3,2020-10-16,22/11/2018 05:52:35,23/01/2023 17:10:49,
378,,Murphy,Nicolas,murphynicolas@adamson.edu.ph,Engr.,Petroleum Engineering,College of Engineering ,Petroleum Engineering Department,Professor,201810014,profile.man6.png,Permanent Full-time,2018-1-4,2020-10-28,15/07/2019 23:44:42,10/01/2023 23:00:58,
379,,Albert,Junio,albertjunio@adamson.edu.ph,Engr.,Petroleum Engineering,College of Engineering ,Petroleum Engineering Department,Professor,201810015,profile.man7.png,Permanent Full-time,2018-1-4,2020-1-22,21/09/2019 09:20:35,13/02/2023 20:19:03,
380,,Jayson,Cano,jaysoncano@adamson.edu.ph,Engr.,Petroleum Engineering,College of Engineering ,Petroleum Engineering Department,Professor,201810016,profile.man8.png,Permanent Full-time,2018-1-5,2020-7-30,14/08/2019 18:10:35,29/03/2023 08:33:38,
381,,Marco,Panganiban,marcopanganiban@adamson.edu.ph,Mr.,Culinary Arts,College of Business Administration,Hospitality Management Department,Professor,201810017,profile.man9.png,Permanent Full-time,2018-1-6,2020-2-3,3/10/2018 7:23:58,21/02/2023 21:37:10,
382,,Dwyn,Atienza,dwynatienza@adamson.edu.ph,Mr.,Culinary Arts,College of Business Administration,Hospitality Management Department,Professor,201810018,profile.man10.png,Permanent Full-time,2018-1-6,2020-1-18,1/1/2019 20:24:43,15/04/2023 22:57:45,
383,,Adrian,Juan,adrianjuan@adamson.edu.ph,Mr.,Culinary Arts,College of Business Administration,Hospitality Management Department,Professor,201810019,profile.man11.png,Contractual Part-time,2018-1-7,2020-05-27,28/11/2019 23:08:22,02/03/2023 23:29:43,
384,,Theo,Austria,theoaustria@adamson.edu.ph,Mr.,Culinary Arts,College of Business Administration,Hospitality Management Department,Professor,201810020,profile.woman4.png,Contractual Full-time,2018-1-7,2020-9-8,29/04/2018 19:23:16,16/02/2023 20:37:51,
385,,Beverly,Jacinto,beverlyjacinto@adamson.edu.ph,Ms.,Culinary Arts,College of Business Administration,Hospitality Management Department,Professor,201810021,profile.woman5.png,Contractual Full-time,2018-1-8,2020-7-14,17/09/2018 03:02:39,18/05/2023 19:07:42,
386,,Gracelyn,Beltran,gracelynbeltran@adamson.edu.ph,Ms.,Culinary Arts,College of Business Administration,Hospitality Management Department,Professor,201810022,profile.woman6.png,Permanent Full-time,2018-1-8,2020-12-4,19/11/2019 06:50:03,25/02/2023 16:32:32,
387,,Vaiana,Trinidad,vaianatrinidad@adamson.edu.ph,Ms.,Culinary Arts,College of Business Administration,Hospitality Management Department,Professor,201810023,profile.woman7.png,Contractual Full-time,2018-1-9,2020-8-17,26/11/2019 01:28:35,27/02/2023 12:08:05,
388,,Joie,Pascual,joiepascual@adamson.edu.ph,Ms.,Culinary Arts,College of Business Administration,Hospitality Management Department,Professor,201810024,profile.woman8.png,Contractual Part-time,2018-1-10,2020-3-8,24/04/2019 20:50:02,28/06/2023 03:42:16,
389,,Sirena,Salcedo,sirenasalcedo@adamson.edu.ph,Ms.,Physiology and Pathophysiology,College of Pharmacy ,Pharmacy Department ,Professor,201810025,profile.woman9.png,Contractual Full-time,2018-1-11,2020-11-13,3/3/2019 11:35:02,03/06/2023 21:06:50,
390,,Jenny,Mallari,jennymallari@adamson.edu.ph,Ms.,Physiology and Pathophysiology,College of Pharmacy ,Pharmacy Department ,Professor,201810026,profile.woman10.png,Contractual Full-time,2018-1-11,2020-12-12,16/12/2018 03:14:42,11/02/2023 15:05:35,
391,,Samantha,Ignacio,samanthaignacio@adamson.edu.ph,Ms.,Physiology and Pathophysiology,College of Pharmacy ,Pharmacy Department ,Professor,201810027,profile.woman11.png,Permanent Full-time,2018-1-12,2020-7-11,18/05/2019 07:54:24,02/05/2023 8:19:00,
392,,Hailey,Castro,haileycastro@adamson.edu.ph,Ms.,Physiology and Pathophysiology,College of Pharmacy ,Pharmacy Department ,Professor,201810028,profile.woman12.png,Contractual Full-time,2018-1-13,2020-10-16,1/11/2019 4:16:18,30/05/2023 20:50:16,
393,,Caroline,Sagun,carolinesagun@adamson.edu.ph,Ms.,Physiology and Pathophysiology,College of Pharmacy ,Pharmacy Department ,Professor,201810029,profile.woman13.png,Contractual Part-time,2018-1-14,2020-10-15,7/7/2018 17:30:04,23/06/2023 02:17:29,
394,,Jovia,Conde,joviaconde@adamson.edu.ph,Ms.,"BSIT, MIT",College of Science,Information Technology and Information System Department,Professor,201810030,profile.man12.png,Contractual Full-time,2018-1-14,2020-10-3,12/5/2018 15:49:52,04/04/2023 22:23:41,
395,,Aiden,Quiambao,aidenquiambao@adamson.edu.ph,Mr.,"BSIT, MIT",College of Science,Information Technology and Information System Department,Professor,201810031,profile.man13.png,Contractual Part-time,2018-1-16,2020-7-24,23/11/2019 09:29:04,22/05/2023 20:58:45,
396,,Johnny,Aguirre,johnnyaguirre@adamson.edu.ph,Mr.,"BSIT, MIT",College of Science,Information Technology and Information System Department,Professor,201810032,profile.man14.png,Contractual Part-time,2018-1-17,2020-5-3,12/10/2018 5:03:02,13/03/2023 10:32:35,
397,,Riley,Sanchez,rileysanchez@adamson.edu.ph,Mr.,"BSIT, MIT",College of Science,Information Technology and Information System Department,Professor,201810033,profile.man15.png,Contractual Full-time,2018-1-18,2020-10-11,15/12/2019 04:17:03,12/06/2023 16:51:26,
398,,Cyril,Mendoza,cyrilmendoza@adamson.edu.ph,Mr.,"BSIT, MIT",College of Science,Information Technology and Information System Department,Professor,201810034,profile.man16.png,Contractual Full-time,2018-1-19,2020-4-25,28/06/2019 01:14:24,18/01/2023 03:41:38,
399,,Daniel,Pimentel,danielpimentel@adamson.edu.ph,Mr.,"BSIT, MIT",College of Science,Information Technology and Information System Department,Professor,201810035,profile.man17.png,Contractual Part-time,2018-1-23,2020-5-4,21/11/2019 03:23:52,13/01/2023 14:25:19,
400,,Juan,Baguio,juanbaguio@adamson.edu.ph,Mr.,"BSIT, MIT",College of Science,Information Technology and Information System Department,Professor,201810036,profile.man18.png,Contractual Part-time,2018-1-24,2020-10-19,17/02/2019 12:54:26,11/06/2023 20:42:15,
401,,Evan,Alcantara,evanalcantara@adamson.edu.ph,Mr.,Secondary Education,College of Education and Liberal Arts,Education Department,Professor,201810037,profile.man19.png,Contractual Full-time,2018-1-25,2020-1-29,15/08/2019 10:34:48,06/04/2023 10:40:05,
402,,Aidric,Martin,aidricmartin@adamson.edu.ph,Mr.,Secondary Education,College of Education and Liberal Arts,Education Department,Professor,201810038,profile.man20.png,Contractual Full-time,2018-1-25,2020-4-13,27/06/2018 22:32:15,27/05/2023 17:19:31,
403,,Aquinnah,Lara,aquinnahlara@adamson.edu.ph,Mr.,Secondary Education,College of Education and Liberal Arts,Education Department,Professor,201810039,profile.man1.png,Contractual Part-time,2018-1-25,2020-12-6,11/9/2018 14:25:40,15/03/2023 21:02:59,
404,,Jalen,Cerna,jalencerna@adamson.edu.ph,Mr.,Secondary Education,College of Education and Liberal Arts,Education Department,Professor,201810040,profile.woman14.png,Contractual Part-time,2018-1-26,2020-1-31,11/12/2019 9:29:04,20/02/2023 18:57:38,
405,,Beverly,Herrera,beverlyherrera@adamson.edu.ph,Ms.,Secondary Education,College of Education and Liberal Arts,Education Department,Professor,201810041,profile.woman15.png,Contractual Full-time,2018-1-27,2020-2-19,23/01/2019 14:33:45,05/05/2023 0:29:24,
406,,Phaedra,Patricio,phaedrapatricio@adamson.edu.ph,Ms.,Political Science,College of Education and Liberal Arts,Social Science Department,Professor,201810042,profile.woman16.png,Contractual Full-time,2018-1-27,2020-6-15,30/11/2018 12:33:04,17/01/2023 03:11:56,
407,,Angelou,Gutierrez,angelougutierrez@adamson.edu.ph,Ms.,Political Science,College of Education and Liberal Arts,Social Science Department,Professor,201810043,profile.woman17.png,Contractual Part-time,2018-1-28,2020-5-9,29/12/2018 10:15:34,22/01/2023 19:00:46,
408,,Lyka,Esteban,lykaesteban@adamson.edu.ph,Ms.,Political Science,College of Education and Liberal Arts,Social Science Department,Professor,201810044,profile.woman18.png,Permanent Full-time,2018-1-28,2020-8-23,30/07/2019 08:25:43,28/01/2023 13:28:43,
409,,Francesca,Pimentel,francescapimentel@adamson.edu.ph,Ms.,Political Science,College of Education and Liberal Arts,Social Science Department,Professor,201810045,profile.woman19.png,Contractual Full-time,2018-1-29,2020-12-11,6/11/2018 15:59:40,20/03/2023 14:10:11,
410,,Rosa,Raymundo,rosaraymundo@adamson.edu.ph,Ms.,Political Science,College of Education and Liberal Arts,Social Science Department,Professor,201810046,profile.woman20.png,Contractual Part-time,2018-1-30,2020-11-15,19/08/2018 06:39:41,12/04/2023 23:42:42,
411,,Kimberly,Aquino,kimberlyaquino@adamson.edu.ph,Ms.,Political Science,College of Education and Liberal Arts,Social Science Department,Professor,201810047,profile.woman1.png,Permanent Full-time,2018-2-1,2020-3-4,29/08/2018 06:34:28,01/05/2023 19:26:15,
412,,Nara,Go,narago@adamson.edu.ph,Ms.,Political Science,College of Education and Liberal Arts,Social Science Department,Professor,201810048,profile.woman2.png,Contractual Full-time,2018-2-2,2020-8-27,9/8/2018 10:29:13,17/03/2023 09:54:55,
413,,Bora,Flores,boraflores@adamson.edu.ph,Ms.,Political Science,College of Education and Liberal Arts,Social Science Department,Professor,201810049,profile.woman3.png,Contractual Part-time,2018-2-2,2020-11-27,21/03/2019 11:01:23,24/06/2023 06:34:14,
414,,Michelle,Sison,michellesison@adamson.edu.ph,Ms.,Architectural Studies,College of Architecture,Architecture Department,Professor,201810050,profile.woman4.png,Permanent Full-time,2018-2-5,2020-6-25,14/03/2018 08:42:00,22/04/2023 02:56:30,
415,,Zenaida,Alarcon,zenaidaalarcon@adamson.edu.ph,Ms.,Architectural Studies,College of Architecture,Architecture Department,Professor,201810051,profile.woman5.png,Contractual Full-time,2018-2-7,2020-11-16,19/12/2018 10:30:49,21/06/2023 04:20:07,
416,,Vivi,Aragon,viviaragon@adamson.edu.ph,Ms.,Architectural Studies,College of Architecture,Architecture Department,Professor,201810052,profile.woman6.png,Contractual Part-time,2018-2-7,2020-6-20,8/12/2019 8:48:16,12/05/2023 10:19:59,
417,,Nara,Panes,narapanes@adamson.edu.ph,Ms.,Architectural Studies,College of Architecture,Architecture Department,Professor,201810053,profile.woman7.png,Contractual Full-time,2018-2-7,2020-3-15,5/7/2018 17:31:21,08/04/2023 16:50:16,
418,,Quinn,Domingo,quinndomingo@adamson.edu.ph,Ms.,Architectural Studies,College of Architecture,Architecture Department,Professor,201810054,profile.woman8.png,Contractual Part-time,2018-2-9,2020-5-5,22/01/2019 01:21:05,27/01/2023 23:47:25,
419,,Bituin,Cortes,bituincortes@adamson.edu.ph,Ms.,Architectural Studies,College of Architecture,Architecture Department,Professor,201810055,profile.woman9.png,Contractual Full-time,2018-2-11,2020-8-29,24/02/2019 07:51:46,28/03/2023 10:09:10,
420,,Amelie,Yap,amelieyap@adamson.edu.ph,Ms.,Architectural Studies,College of Architecture,Architecture Department,Professor,201810056,profile.woman10.png,Contractual Part-time,2018-2-12,2020-4-11,29/03/2018 05:35:50,12/01/2023 21:41:23,
421,,Rosa,Cinco,rosacinco@adamson.edu.ph,Ms.,Architectural Studies,College of Architecture,Architecture Department,Professor,201810057,profile.woman11.png,Contractual Full-time,2018-2-13,2020-2-25,4/7/2019 14:12:12,07/01/2023 19:41:57,
422,,Ysanne,Reyes,ysannereyes@adamson.edu.ph,Ms.,Nursing,College of Nursing,Nursing Department,Professor,201810058,profile.man2.png,Contractual Part-time,2018-2-13,2020-5-20,14/12/2019 18:50:26,22/02/2023 00:57:30,
423,,Aries,Ferrer,ariesferrer@adamson.edu.ph,Mr.,Nursing,College of Nursing,Nursing Department,Professor,201810059,profile.man3.png,Contractual Full-time,2018-2-14,2020-1-3,3/11/2019 6:09:49,09/06/2023 14:18:06,
424,,Jorgie,Mercado,jorgiemercado@adamson.edu.ph,Dr.,Nursing,College of Nursing,Nursing Department,Professor,201810060,profile.man4.png,Contractual Part-time,2018-2-14,2020-9-2,13/12/2019 22:30:46,22/03/2023 07:49:55,
425,,Mueller,Tenorio,muellertenorio@adamson.edu.ph,Mr.,Nursing,College of Nursing,Nursing Department,Professor,201810061,profile.man5.png,Contractual Full-time,2018-2-16,2020-8-4,24/07/2019 16:30:59,25/03/2023 14:00:49,
426,,Ash,Tedaja,ashtedaja@adamson.edu.ph,Dr.,Nursing,College of Nursing,Nursing Department,Professor,201810062,profile.man6.png,Contractual Part-time,2018-2-16,2020-5-13,14/02/2018 03:12:14,09/03/2023 23:14:45,
427,,Harvey,Uy,harveyuy@adamson.edu.ph,Mr.,Nursing,College of Nursing,Nursing Department,Professor,201810063,profile.man7.png,Contractual Full-time,2018-2-18,2020-12-9,1/12/2018 1:11:09,19/03/2023 17:30:30,
428,,Dylan,Gallardo,dylangallardo@adamson.edu.ph,Mr.,Nursing,College of Nursing,Nursing Department,Professor,201810064,profile.man8.png,Contractual Part-time,2018-2-18,2020-6-14,6/6/2018 3:23:42,19/01/2023 14:15:58,
429,,Ernest,Patricio,ernestpatricio@adamson.edu.ph,Mr.,General Chemistry,College of Science,Chemistry Department,Professor,201810065,profile.man9.png,Contractual Full-time,2018-2-20,2020-6-22,31/05/2018 15:38:13,27/03/2023 03:02:10,
430,,Jonathan,Ybanez,jonathanybanez@adamson.edu.ph,Mr.,General Chemistry,College of Science,Chemistry Department,Professor,201810066,profile.man10.png,Contractual Part-time,2018-2-20,2020-9-16,25/10/2018 07:57:49,18/02/2023 13:25:24,
431,,Danilo,Sanchez,danilosanchez@adamson.edu.ph,Mr.,General Chemistry,College of Science,Chemistry Department,Professor,201810067,profile.man11.png,Contractual Full-time,2018-2-21,2020-11-29,18/04/2018 01:45:03,26/04/2023 20:52:15,
432,,Aaron,Villaruel,aaronvillaruel@adamson.edu.ph,Mr.,General Chemistry,College of Science,Chemistry Department,Professor,201810068,profile.man12.png,Contractual Part-time,2018-2-22,2020-1-2,25/02/2018 06:24:40,07/05/2023 22:23:29,
433,,Alistair,Pena,alistairpena@adamson.edu.ph,Mr.,General Chemistry,College of Science,Chemistry Department,Professor,201810069,profile.man13.png,Contractual Full-time,2018-2-23,2020-9-28,5/11/2018 23:45:44,29/01/2023 10:25:29,
434,,Galeno,Basco,galenobasco@adamson.edu.ph,Mr.,Modern Physics,College of Science,Math and Physics Department,Professor,201810070,profile.man14.png,Contractual Part-time,2018-2-23,2020-5-21,5/6/2018 6:28:49,09/04/2023 12:00:23,
435,,John Rez,Lazaro,johnrezlazaro@adamson.edu.ph,Mr.,Modern Physics,College of Science,Math and Physics Department,Professor,201810071,profile.man15.png,Contractual Full-time,2018-2-26,2020-2-17,3/5/2019 8:37:39,09/05/2023 14:18:30,
436,,Jon,Gasga,jongasga@adamson.edu.ph,Mr.,Modern Physics,College of Science,Math and Physics Department,Professor,201810072,profile.man16.png,Contractual Part-time,2018-2-26,2020-1-14,3/2/2018 21:36:53,30/03/2023 20:54:32,
437,,Zion,Laurente,zionlaurente@adamson.edu.ph,Mr.,Modern Physics,College of Science,Math and Physics Department,Professor,201810073,profile.man17.png,Contractual Full-time,2018-2-27,2020-4-28,20/06/2018 00:55:10,14/05/2023 13:51:45,
438,,Daniel,Bartolome,danielbartolome@adamson.edu.ph,Mr.,Modern Physics,College of Science,Math and Physics Department,Professor,201810074,profile.woman12.png,Contractual Part-time,2018-2-27,2020-3-28,12/7/2018 21:49:56,16/04/2023 01:48:49,
439,,Ysanne,Perez,ysanneperez@adamson.edu.ph,Ms.,General Biology,College of Science,Biology Department,Professor,201810075,profile.woman13.png,Contractual Full-time,2018-2-27,2020-9-25,13/06/2018 08:37:10,19/04/2023 01:27:00,
440,,Sasha,Meija,sashameija@adamson.edu.ph,Ms.,General Biology,College of Science,Biology Department,Professor,201810076,profile.woman14.png,Contractual Part-time,2018-2-28,2020-10-27,5/1/2019 22:45:38,29/05/2023 04:18:36,
441,,Nora,Ortega,noraortega@adamson.edu.ph,Ms.,General Biology,College of Science,Biology Department,Professor,201810077,profile.woman15.png,Contractual Full-time,2018-3-2,2020-10-5,28/04/2018 15:35:52,24/01/2023 22:26:24,
442,,Kyla,Calderon,kylacalderon@adamson.edu.ph,Ms.,General Biology,College of Science,Biology Department,Professor,201810078,profile.man14.png,Contractual Part-time,2018-3-2,2020-7-27,22/05/2019 22:42:07,23/04/2023 09:12:41,
443,,Rodrigo,Anonueva,rodrigoanonueva@adamson.edu.ph,Mr.,Architectural Design Technology,College of Architecture,Architecture Department,Professor,201810079,profile.man13.png,Contractual Full-time,2018-3-3,2020-10-31,3/3/2018 18:21:36,25/04/2023 08:55:48,
444,,Ryan ,Manzano,ryanmanzano@adamson.edu.ph,Mr.,Architectural Design Technology,College of Architecture,Architecture Department,Professor,201810080,profile.man12.png,Contractual Part-time,2018-3-3,2020-12-16,24/09/2019 18:47:24,24/05/2023 14:03:13,
445,,Axel ,Pangilinan ,axelpangilinan@adamson.edu.ph,Mr.,Architectural Design Technology,College of Architecture,Architecture Department,Professor,201810081,profile.man11.png,Contractual Full-time,2018-3-4,2020-12-3,17/11/2019 17:20:25,15/06/2023 21:26:28,
446,,Fraley,Cayabyab,fraleycayabyab@adamson.edu.ph,Mr.,Architectural Design Technology,College of Architecture,Architecture Department,Professor,201810082,profile.man10.png,Contractual Part-time,2018-3-5,2020-5-8,17/11/2018 06:56:06,27/04/2023 13:39:38,
447,,Nathaniel ,Palma,nathanielpalma@adamson.edu.ph,Mr.,Architectural Design Technology,College of Architecture,Architecture Department,Professor,201810083,profile.man9.png,Contractual Full-time,2018-3-7,2020-8-3,18/07/2018 23:17:34,02/06/2023 18:03:21,
448,,Ernie,Villar,ernievillar@adamson.edu.ph,Mr.,Architectural Design Technology,College of Architecture,Architecture Department,Professor,201810084,profile.man8.png,Contractual Part-time,2018-3-7,2020-7-2,7/5/2018 10:54:15,07/06/2023 14:12:57,
449,,Zedhryx,Alejo,zedhryxalejo@adamson.edu.ph,Mr.,Architectural Design Technology,College of Architecture,Architecture Department,Professor,201810085,profile.man7.png,Contractual Full-time,2018-3-8,2020-7-18,16/01/2019 02:46:53,01/04/2023 1:20:37,
450,,Cyler ,Roque,cylerrque@adamson.edu.ph,Mr.,Architectural Design Technology,College of Architecture,Architecture Department,Professor,201810086,profile.man6.png,Contractual Part-time,2018-3-8,2020-7-13,2/3/2018 21:18:26,08/01/2023 17:00:47,
451,,Rizalino ,Pineda,rizalinopineda@adamson.edu.ph,Mr.,Architectural Design Technology,College of Architecture,Architecture Department,Professor,201810087,profile.man5.png,Contractual Full-time,2018-3-9,2020-4-8,6/7/2018 14:59:34,26/05/2023 13:31:20,
452,,Noah ,Landicho,noahlandicho@adamson.edu.ph,Mr.,Architectural Design Technology,College of Architecture,Architecture Department,Professor,201810088,profile.man4.png,Contractual Part-time,2018-3-9,2020-5-2,18/08/2018 07:09:12,03/04/2023 16:27:48,
453,,Jovie ,Padilla,joviepadilla@adamson.edu.ph,Ms.,Architectural Design Technology,College of Architecture,Architecture Department,Professor,201810089,profile.woman18.png,Contractual Full-time,2018-3-10,2020-7-16,26/02/2018 19:20:11,14/02/2023 14:52:02,
454,,Georgina ,Chua,georginachua@adamson.edu.ph,Ms.,Political Science,College of Education and Liberal Arts,Social Science Department,Professor,201810090,profile.woman17.png,Contractual Part-time,2018-3-10,2020-4-14,29/05/2018 10:18:42,31/05/2023 06:32:22,
455,,Jasmine ,Lozada,jasminelozada@adamson.edu.ph,Ms.,Political Science,College of Education and Liberal Arts,Social Science Department,Professor,201810091,profile.woman16.png,Contractual Full-time,2018-3-11,2020-8-10,6/12/2019 20:43:56,01/06/2023 10:50:03,
456,,Jenny,Rodriguez,jennyrodriguez@adamson.edu.ph,Ms.,Political Science,College of Education and Liberal Arts,Social Science Department,Coordinator,201810092,profile.woman15.png,Permanent Full-time,2018-3-12,2020-6-12,1/4/2019 21:59:28,03/02/2023 17:37:15,
457,,Aintza,De Castro,aintzadecastro@adamson.edu.ph,Ms.,Political Science,College of Education and Liberal Arts,Social Science Department,Researcher,201810093,profile.woman14.png,Contractual Full-time,2018-3-13,2020-11-17,10/11/2019 13:01:18,25/01/2023 21:18:21,
458,,Sylvia ,Franco,sylviafranco@adamson.edu.ph,Ms.,Political Science,College of Education and Liberal Arts,Social Science Department,Professor,201810094,profile.woman13.png,Contractual Part-time,2018-3-13,2020-1-9,22/06/2018 15:29:52,27/06/2023 10:12:29,
459,,Christine,Tamayo ,christinetamayo@adamson.edu.ph,Ms.,Political Science,College of Education and Liberal Arts,Social Science Department,Professor,201810095,profile.woman12.png,Permanent Full-time,2018-3-14,2020-5-17,15/05/2019 13:00:29,14/04/2023 13:49:22,
460,,Murphy,Abdul,murphyabdul@adamson.edu.ph,Ms.,Political Science,College of Education and Liberal Arts,Social Science Department,Professor,201810096,profile.woman11.png,Contractual Full-time,2018-3-15,2020-3-31,28/05/2018 13:15:48,31/03/2023 05:42:07,
461,,Gillian ,Navarro,gilliannavarro@adamson.edu.ph,Ms.,Political Science,College of Education and Liberal Arts,Social Science Department,Professor,201810097,profile.woman10.png,Contractual Part-time,2018-3-16,2020-12-8,11/11/2018 11:33:03,06/02/2023 17:34:41,
462,,Mary Grace ,Vidal ,marygracevidal@adamson.edu.ph,Ms.,Political Science,College of Education and Liberal Arts,Social Science Department,Professor,201810098,profile.woman9.png,Permanent Full-time,2018-3-18,2020-8-20,5/7/2019 21:58:42,20/04/2023 23:04:57,
463,,Valerie,Buenaventura,valeriebuenaventura@adamson.edu.ph,Ms.,Political Science,College of Education and Liberal Arts,Social Science Department,Professor,201810099,profile.woman8.png,Contractual Full-time,2018-3-18,2020-2-2,10/5/2018 22:01:02,12/03/2023 9:28:10,
464,,Althea ,Sotto,altheasotto@adamson.edu.ph,Ms.,Political Science,College of Education and Liberal Arts,Social Science Department,Professor,201810100,profile.woman7.png,Contractual Part-time,2018-3-19,2020-9-13,2/12/2019 23:14:20,31/01/2023 10:27:52,
465,,Erica ,Vidal ,ericavidal@adamson.edu.ph,Ms.,Political Science,College of Education and Liberal Arts,Social Science Department,Professor,201810101,profile.woman6.png,Permanent Full-time,2018-3-23,2020-12-5,28/01/2018 18:06:47,20/06/2023 06:09:25,
466,,Skylar ,Tamayo ,skylartamayo@adamson.edu.ph,Ms.,Political Science,College of Education and Liberal Arts,Social Science Department,Professor,201810102,profile.woman5.png,Contractual Full-time,2018-3-24,2020-1-16,23/03/2019 03:23:52,18/04/2023 06:22:35,
467,,Ellie ,Cordova,elliecordova@adamson.edu.ph,Mrs.,Political Science,College of Education and Liberal Arts,Social Science Department,Professor,201810103,profile.woman4.png,Contractual Part-time,2018-3-24,2020-4-23,13/08/2018 08:45:01,28/04/2023 00:10:08,
468,,Nora,Lozano,noralozano@adamson.edu.ph,Mrs.,Political Science,College of Education and Liberal Arts,Social Science Department,Professor,201810104,profile.woman3.png,Permanent Full-time,2018-3-25,2020-8-16,29/06/2019 16:25:56,08/06/2023 0:41:51,
469,,Amelie,Junio,ameliejunio@adamson.edu.ph,Mrs.,Political Science,College of Education and Liberal Arts,Social Science Department,Professor,201810105,profile.woman2.png,Contractual Full-time,2018-3-25,2020-10-12,1/5/2019 18:56:40,07/02/2023 17:42:59,
470,,Aquinnah,Panganiban,aquinnahpanganiban@adamson.edu.ph,Mrs.,Political Science,College of Education and Liberal Arts,Social Science Department,Professor,201810106,profile.woman1.png,Contractual Part-time,2018-3-26,2020-1-15,10/8/2019 13:49:43,30/04/2023 00:13:00,
471,,Jovia ,Medrano,joviamedrano@adamson.edu.ph,Ms.,Political Science,College of Education and Liberal Arts,Social Science Department,Professor,201810107,profile.woman20.png,Permanent Full-time,2018-3-26,2020-4-18,31/01/2019 20:53:59,21/05/2023 12:05:53,
472,,Angelica,Rosal ,angelicarosal@adamson.edu.ph,Ms.,Secondary Education,College of Education and Liberal Arts,Social Science Department,Coordinator,201810108,profile.woman19.png,Permanent Full-time,2018-3-28,2020-2-5,15/06/2019 23:37:31,14/01/2023 01:14:01,
473,,Shea,Custodio,sheacustodio@adamson.edu.ph,Ms.,Secondary Education,College of Education and Liberal Arts,Social Science Department,Researcher,201810109,profile.woman18.png,Contractual Full-time,2018-3-29,2020-2-4,15/01/2018 05:44:12,17/02/2023 22:54:35,
474,,Sunday ,Lopez,sundaylopez@adamson.edu.ph,Ms.,Secondary Education,College of Education and Liberal Arts,Social Science Department,Professor,201810110,profile.woman17.png,Contractual Part-time,2018-3-31,2020-8-7,6/1/2019 13:15:02,11/03/2023 4:23:30,
475,,Dylan,Alejandro,dylanalejandro@adamson.edu.ph,Mr.,Secondary Education,College of Education and Liberal Arts,Social Science Department,Professor,201810111,profile.man3.png,Contractual Full-time,2018-3-31,2020-8-1,23/10/2018 21:18:00,09/05/2023 21:44:55,
476,,Dranreb ,Patricio,dranrebpatricio@adamson.edu.ph,Mr.,Secondary Education,College of Education and Liberal Arts,Social Science Department,Professor,201810112,profile.man2.png,Contractual Part-time,2018-4-1,2020-4-13,19/02/2018 19:51:37,18/01/2023 01:49:31,
477,,Morris,Medina,morrismedina@adamson.edu.ph,Mr.,Secondary Education,College of Education and Liberal Arts,Social Science Department,Professor,201810113,profile.man1.png,Contractual Full-time,2018-4-1,2020-4-3,23/06/2019 09:13:30,23/05/2023 19:00:10,
478,,Crisanto,Canoy,crisantocanoy@adamson.edu.ph,Mr.,Secondary Education,College of Education and Liberal Arts,Social Science Department,Professor,201810114,profile.man20.png,Contractual Part-time,2018-4-2,2020-4-7,5/1/2018 2:18:13,05/04/2023 13:16:13,
479,,Dwyn,Oliva,dwynoliva@adamson.edu.ph,Mr.,Secondary Education,College of Education and Liberal Arts,Social Science Department,Professor,201810115,profile.man19.png,Contractual Full-time,2018-4-4,2020-9-14,11/12/2019 10:38:34,23/01/2023 02:41:51,
480,,Evan ,Alfonso,evanalfonso@adamson.edu.ph,Mr.,Secondary Education,College of Education and Liberal Arts,Social Science Department,Professor,201810116,profile.man18.png,Contractual Part-time,2018-4-4,2020-12-6,26/10/2018 04:43:06,21/01/2023 02:49:27,
481,,Christian ,Alvarez,christianalvarez@adamson.edu.ph,Mr.,Secondary Education,College of Education and Liberal Arts,Social Science Department,Professor,201810117,profile.man17.png,Contractual Full-time,2018-4-6,2020-11-17,23/05/2019 21:41:42,09/02/2023 21:56:30,
482,,Alistair,Chavez,alistairchavez@adamson.edu.ph,Mr.,Secondary Education,College of Education and Liberal Arts,Social Science Department,Professor,201810118,profile.man16.png,Contractual Part-time,2018-4-6,2020-9-23,14/10/2018 01:08:46,27/02/2023 17:37:05,
483,,Joshua ,Espinosa,joshuaespinosa@adamson.edu.ph,Mr.,Secondary Education,College of Education and Liberal Arts,Social Science Department,Professor,201810119,profile.man15.png,Contractual Full-time,2018-4-6,2020-2-12,10/8/2018 7:52:40,11/04/2023 13:34:35,
484,,Aaron,Mariano,aaronmariano@adamson.edu.ph,Mr.,Secondary Education,College of Education and Liberal Arts,Social Science Department,Professor,201810120,profile.man14.png,Contractual Part-time,2018-4-6,2020-11-20,2/5/2019 19:56:51,07/02/2023 10:25:16,
485,,Bryan ,Trinidad,bryantrinidad@adamson.edu.ph,Mr.,Secondary Education,College of Education and Liberal Arts,Social Science Department,Coordinator,201810121,profile.man13.png,Permanent Full-time,2018-4-7,2020-2-22,19/10/2019 02:45:44,30/01/2023 19:17:28,
486,,Sunday ,Punzalan,sundaypunzalan@adamson.edu.ph,Mr.,Secondary Education,College of Education and Liberal Arts,Social Science Department,Researcher,201810122,profile.man12.png,Contractual Part-time,2018-4-8,2020-11-22,16/01/2018 03:07:39,21/02/2023 11:38:49,
487,,Danilo ,Villaflor,danilovillaflor@adamson.edu.ph,Mr.,Secondary Education,College of Education and Liberal Arts,Social Science Department,Professor,201810123,profile.man11.png,Contractual Part-time,2018-4-10,2020-12-3,25/04/2018 04:41:38,03/05/2023 9:22:06,
488,,Christian ,Alfonso,christianalfonso@adamson.edu.ph,Mr.,Secondary Education,College of Education and Liberal Arts,Social Science Department,Professor,201810124,profile.man10.png,Contractual Full-time,2018-4-12,2020-7-2,24/12/2018 09:37:01,03/03/2023 9:11:28,
489,,Morris ,Pelayo ,morrispelayo@adamson.edu.ph,Mr.,Secondary Education,College of Education and Liberal Arts,Social Science Department,Professor,201810125,profile.man9.png,Contractual Part-time,2018-4-12,2020-11-7,21/08/2018 13:50:07,01/02/2023 18:22:41,
490,,Axel ,Villamor,axelvillamor@adamson.edu.ph,Mr.,Secondary Education,College of Education and Liberal Arts,Social Science Department,Professor,201810126,profile.man8.png,Contractual Part-time,2018-4-14,2020-6-27,11/10/2019 23:49:44,27/05/2023 05:07:26,
491,,Justine ,Ybanez,justineybanez@adamson.edu.ph,Engr. ,Industrial Engineering,College of Engineering ,Industrial Engineering Department,Coordinator,201810127,profile.man7.png,Permanent Full-time,2018-4-14,2020-8-21,28/07/2019 09:58:58,15/05/2023 21:17:15,
492,,Miles ,Carreon,milescarreon@adamson.edu.ph,Engr. ,Industrial Engineering,College of Engineering ,Industrial Engineering Department,Researcher,201810128,profile.man6.png,Contractual Part-time,2018-4-15,2020-1-23,17/08/2019 18:51:46,07/05/2023 17:14:01,
493,,Quinn,Beltran,quinnbeltran@adamson.edu.ph,Engr. ,Industrial Engineering,College of Engineering ,Industrial Engineering Department,Professor,201810129,profile.woman16.png,Contractual Full-time,2018-4-16,2020-2-10,7/11/2018 21:53:02,16/06/2023 15:43:24,
494,,Beverly,Crisostomo,beverlycrisostomo@adamson.edu.ph,Engr. ,Industrial Engineering,College of Engineering ,Industrial Engineering Department,Professor,201810130,profile.woman15.png,Contractual Part-time,2018-4-17,2020-10-10,6/4/2019 19:11:11,17/04/2023 12:10:55,
495,,Maricar,Pangan ,maricarpangan@adamson.edu.ph,Engr. ,Industrial Engineering,College of Engineering ,Industrial Engineering Department,Professor,201810131,profile.woman14.png,Contractual Full-time,2018-4-19,2020-7-13,4/12/2019 13:23:02,20/04/2023 02:49:39,
496,,Elaine ,Alvarez,elainealvarez@adamson.edu.ph,Engr. ,Industrial Engineering,College of Engineering ,Industrial Engineering Department,Professor,201810132,profile.woman13.png,Contractual Part-time,2018-4-20,2020-8-9,25/11/2019 09:38:11,08/02/2023 16:55:11,
497,,Ariel ,Abdul,arielabdul@adamson.edu.ph,Engr. ,Mechanical Engineering,College of Engineering ,Mechanical Engineering Department,Professor,201810133,profile.woman12.png,Contractual Full-time,2018-4-21,2020-9-29,10/1/2019 13:21:56,25/06/2023 11:17:20,
498,,Eloise,Guerero,eloiseguerero@adamson.edu.ph,Engr. ,Mechanical Engineering,College of Engineering ,Mechanical Engineering Department,Professor,201810134,profile.woman11.png,Contractual Part-time,2018-4-22,2020-12-14,24/07/2018 17:16:50,28/01/2023 17:21:14,
499,,Nara ,Ariola,naraariola@adamson.edu.ph,Engr. ,Mechanical Engineering,College of Engineering ,Mechanical Engineering Department,Professor,201810135,profile.man5.png,Contractual Full-time,2018-4-23,2020-11-16,26/03/2019 08:42:35,01/01/2023 0:11:09,
500,,Alina ,Hernandez,alinahernandez@adamson.edu.ph,Engr. ,Mechanical Engineering,College of Engineering ,Mechanical Engineering Department,Professor,201810136,profile.woman10.png,Contractual Part-time,2018-4-23,2020-9-5,7/3/2018 20:24:34,29/01/2023 10:07:39,
501,,Giselle,Esteban,giselleesteban@adamson.edu.ph,Engr. ,Mechanical Engineering,College of Engineering ,Mechanical Engineering Department,Coordinator,201810137,profile.woman9.png,Permanent Full-time,2018-4-24,2020-9-2,19/09/2018 18:19:25,08/03/2023 13:46:28,
502,,Chesa ,Abalos,chesaabalos@adamson.edu.ph,Engr. ,Mechanical Engineering,College of Engineering ,Mechanical Engineering Department,Researcher,201810138,profile.woman8.png,Contractual Full-time,2018-4-24,2020-3-11,22/09/2018 23:43:51,18/04/2023 06:15:38,
503,,Landis,De los Santos,landisdelossantos@adamson.edu.ph,Engr. ,Mechanical Engineering,College of Engineering ,Mechanical Engineering Department,Professor,201810139,profile.man4.png,Contractual Full-time,2018-4-24,2020-9-1,2/8/2019 3:19:58,30/04/2023 22:53:34,
504,,Kyel,Neri,kyelneri@adamson.edu.ph,Engr. ,Mechanical Engineering,College of Engineering ,Mechanical Engineering Department,Coordinator,201810140,profile.man3.png,Permanent Full-time,2018-4-26,2020-11-18,8/4/2019 4:11:40,27/03/2023 07:46:56,
505,,Ernest,Yap,ernestyap@adamson.edu.ph,Engr. ,Mechanical Engineering,College of Engineering ,Mechanical Engineering Department,Researcher,201810141,profile.man2.png,Contractual Part-time,2018-4-27,2020-9-24,4/6/2018 1:32:07,14/06/2023 14:21:52,
506,,Jess ,Oliva,jessoliva@adamson.edu.ph,Dr.,Pharmaceutical Calculations,College of Pharmacy ,Pharmacy Department ,Researcher,201810142,profile.man1.png,Contractual Full-time,2018-4-28,2020-5-14,1/1/2019 23:40:48,21/04/2023 23:28:44,
507,,Axel ,Jacinto ,axeljacinto@adamson.edu.ph,Dr.,Pharmaceutical Calculations,College of Pharmacy ,Pharmacy Department ,Professor,201810143,profile.man20.png,Contractual Part-time,2018-4-29,2020-3-5,16/08/2018 02:53:26,02/04/2023 0:21:03,
508,,Dexter ,Soriano,dextersoriano@adamson.edu.ph,Dr.,Pharmaceutical Calculations,College of Pharmacy ,Pharmacy Department ,Professor,201810144,profile.man19.png,Contractual Full-time,2018-4-30,2020-2-8,1/2/2019 14:51:57,27/04/2023 22:43:38,
509,,Mark ,Ronquillo ,markronquillo@adamson.edu.ph,Dr.,Pharmaceutical Calculations,College of Pharmacy ,Pharmacy Department ,Professor,201810145,profile.man18.png,Permanent Full-time,2018-5-2,2020-3-25,26/05/2018 05:15:58,22/04/2023 03:03:50,
510,,Calgary ,Montes,calgarymontes@adamson.edu.ph,Dr.,Pharmaceutical Calculations,College of Pharmacy ,Pharmacy Department ,Professor,201810146,profile.man17.png,Contractual Part-time,2018-5-2,2020-8-25,27/06/2018 14:44:43,22/06/2023 00:24:42,
511,,Jayson ,Bernardo,jaysonbernardo@adamson.edu.ph,Dr.,Pharmaceutical Calculations,College of Pharmacy ,Pharmacy Department ,Professor,201810147,profile.man16.png,Contractual Full-time,2018-5-3,2020-1-17,4/1/2018 21:04:42,17/02/2023 09:59:08,
512,,Justin,Santos,justinsantos@adamson.edu.ph,Dr.,Physiology and Pathophysiology,College of Pharmacy ,Pharmacy Department ,Professor,201810148,profile.man15.png,Permanent Part-time,2018-5-3,2020-7-23,1/12/2018 20:10:17,08/06/2023 19:05:37,
513,,Nigel ,Manalo,nigelmanalo@adamson.edu.ph,Dr.,Physiology and Pathophysiology,College of Pharmacy ,Pharmacy Department ,Professor,201810149,profile.man14.png,Contractual Part-time,2018-5-5,2020-2-6,12/8/2018 1:01:43,16/01/2023 20:58:07,
514,,Benny ,Apostol ,bennyapostol@adamson.edu.ph,Dr.,Physiology and Pathophysiology,College of Pharmacy ,Pharmacy Department ,Professor,201810150,profile.man13.png,Contractual Full-time,2018-5-6,2020-1-8,10/3/2018 22:08:06,09/03/2023 18:19:05,
515,,Jejomar ,Bello ,jejomarbello@adamson.edu.ph,Dr.,Physiology and Pathophysiology,College of Pharmacy ,Pharmacy Department ,Professor,201810151,profile.man12.png,Permanent Part-time,2018-5-8,2020-7-28,23/11/2018 19:20:07,02/03/2023 5:51:16,
516,,Albert ,Fuentes,albertfuentes@adamson.edu.ph,Dr.,Physiology and Pathophysiology,College of Pharmacy ,Pharmacy Department ,Professor,201810152,profile.man11.png,Contractual Part-time,2018-5-9,2020-1-26,26/01/2018 07:31:58,05/03/2023 5:34:27,
517,,Felix ,Rosales ,felixrosales@adamson.edu.ph,Dr.,Physiology and Pathophysiology,College of Pharmacy ,Pharmacy Department ,Professor,201810153,profile.man10.png,Contractual Full-time,2018-5-10,2020-9-22,24/09/2019 15:07:21,27/06/2023 09:16:12,
518,,Alonso ,Tenorio,alonsotenorio@adamson.edu.ph,Mr.,"BSIT, MIT",College of Science,Information Technology and Information System Department,Professor,201810159,profile.man4.png,Contractual Part-time,2018-5-10,2020-8-29,10/2/2019 14:00:34,26/01/2023 14:29:54,
519,,Johnny ,Espina ,johnnyespina@adamson.edu.ph,Mr.,"BSIT, MIT",College of Science,Information Technology and Information System Department,Professor,201810160,profile.man3.png,Contractual Full-time,2018-5-11,2020-5-5,24/10/2019 16:12:09,23/02/2023 23:33:39,
520,,Kyle ,Larroza,kylelarroza@adamson.edu.ph,Mr.,Accountancy,College of Business Administration,Accountancy Department,Professor,201810161,profile.man2.png,Contractual Full-time,2018-5-11,2020-5-14,30/07/2019 08:25:43,28/01/2023 13:28:43,
521,,Dominc,Castro,dominccastro@adamson.edu.ph,Mr.,Accountancy,College of Business Administration,Accountancy Department,Professor,201810162,profile.man1.png,Permanent Part-time,2018-5-12,2020-3-5,6/11/2018 15:59:40,20/03/2023 14:10:11,
522,,Josefina,Madrigal,josefinamadrigal@adamson.edu.ph,Ms.,Culinary Arts,College of Business Administration,Hospitality Management Department,Professor,201810163,profile.woman7.png,Contractual Full-time,2018-5-13,2020-2-8,19/08/2018 06:39:41,12/04/2023 23:42:42,
523,,Luis,Canlas,luiscanlas@adamson.edu.ph,Mr.,Physical Education,College of Education and Liberal Arts,Physical Education Department,Professor,201810164,profile.man20.png,Permanent Part-time,2018-5-13,2020-3-25,29/08/2018 06:34:28,01/05/2023 19:26:15,
524,,Marcos,Herrera,marcosherrera@adamson.edu.ph,Mr.,Physical Education,College of Education and Liberal Arts,Physical Education Department,Professor,201810165,profile.man19.png,Permanent Part-time,2018-5-15,2020-8-25,9/8/2018 10:29:13,17/03/2023 09:54:55,
525,,Richard,Ramirez,richardramirez@adamson.edu.ph,Mr.,Physical Education,College of Education and Liberal Arts,Physical Education Department,Professor,201810166,profile.man18.png,Contractual Full-time,2018-5-15,2020-1-17,21/03/2019 11:01:23,24/06/2023 06:34:14,
526,,Neoh,Ortiz,neohortiz@adamson.edu.ph,Mr.,Physical Education,College of Education and Liberal Arts,Physical Education Department,Professor,201810167,profile.man17.png,Contractual Full-time,2018-5-16,2020-7-23,14/03/2018 08:42:00,22/04/2023 02:56:30,
527,,Jack,Caballera,jackcaballera@adamson.edu.ph,Dr.,Political Science,College of Education and Liberal Arts,Social Science Department,Professor,201810168,profile.man16.png,Permanent Full-time,2018-5-16,2020-2-6,19/12/2018 10:30:49,21/06/2023 04:20:07,
528,,Jhonelle,Velasco,jhonellevelasco@adamson.edu.ph,Mr.,Political Science,College of Education and Liberal Arts,Social Science Department,Professor,201810169,profile.man15.png,Permanent Full-time,2018-5-16,2020-1-8,8/12/2019 8:48:16,12/05/2023 10:19:59,
529,,Troy,Guden,troyguden@adamson.edu.ph,Atty.,Philosophy,College of Law,Law Department,Professor,201810170,profile.man14.png,Permanent Part-time,2018-5-17,2020-7-28,5/7/2018 17:31:21,08/04/2023 16:50:16,
530,,Gabriel,Munoz,gabrielmunoz@adamson.edu.ph,Atty.,Philosophy,College of Law,Law Department,Professor,201810171,profile.man13.png,Permanent Part-time,2018-5-19,2020-1-26,22/01/2019 01:21:05,27/01/2023 23:47:25,
531,,Colton,De Guzman,coltondeguzman@adamson.edu.ph,Atty.,Philosophy,College of Law,Law Department,Professor,201810172,profile.man12.png,Permanent Part-time,2018-5-22,2020-9-22,24/02/2019 07:51:46,28/03/2023 10:09:10,
532,,Sharpay,Yumul,sharpayyumul@adamson.edu.ph,Atty.,Economics,College of Law,Law Department,Professor,201810173,profile.man11.png,Permanent Part-time,2018-5-22,2020-9-9,29/03/2018 05:35:50,12/01/2023 21:41:23,
533,,Monique,Condecion,moniquecondecion@adamson.edu.ph,Atty.,Economics,College of Law,Law Department,Professor,201810174,profile.woman6.png,Permanent Part-time,2018-5-22,2020-11-19,4/7/2019 14:12:12,07/01/2023 19:41:57,
534,,Alexander,Balajadia,alexanderbalajadia@adamson.edu.ph,Atty.,Economics,College of Law,Law Department,Professor,201810175,profile.man10.png,Permanent Part-time,2018-5-24,2020-11-21,14/12/2019 18:50:26,22/02/2023 00:57:30,
535,,Fausto,Torres,faustotorres@adamson.edu.ph,Atty.,Economics,College of Law,Law Department,Professor,201810176,profile.man9.png,Permanent Part-time,2018-5-25,2020-7-22,3/11/2019 6:09:49,09/06/2023 14:18:06,
536,,Braden,Lim,bradenlim@adamson.edu.ph,Dr.,Pathology,College of Nursing,Nursing Department,Professor,201810177,profile.man8.png,Contractual Full-time,2018-5-25,2020-10-1,13/12/2019 22:30:46,22/03/2023 07:49:55,
537,,Laurence ,Bascuguin,laurencebascuguin@adamson.edu.ph,Dr.,Pathology,College of Nursing,Nursing Department,Professor,201810178,profile.man7.png,Contractual Full-time,2018-5-26,2020-8-29,24/07/2019 16:30:59,25/03/2023 14:00:49,
538,,Geraldine,Pancho,geraldinepancho@adamson.edu.ph,Ms.,Counselling Psychology,College of Science,Psychology Department,Professor,201810179,profile.woman5.png,Permanent Full-time,2018-5-26,2020-5-5,14/02/2018 03:12:14,09/03/2023 23:14:45,
539,,Harley Teegan,Villaruz,harleyteeganvillaruz@adamson.edu.ph,Arch.,Landscape Architecture,College of Architecture,Architecture Department,Professor,201810180,profile.woman4.png,Permanent Full-time,2018-5-27,2020-5-14,1/12/2018 1:11:09,19/03/2023 17:30:30,
540,,Kayla ,Darang,kayladarang@adamson.edu.ph,Mr.,Development Communication,College of Education and Liberal Arts,Communication Department,Professor,201810181,profile.man6.png,Permanent Full-time,2018-5-28,2020-3-5,6/6/2018 3:23:42,19/01/2023 14:15:58,
541,,Princess,Rubio,princessrubio@adamson.edu.ph,Ms.,Physical Education,College of Education and Liberal Arts,Physical Education Department,Professor,201810182,profile.man5.png,Permanent Full-time,2018-5-28,2020-2-10,31/05/2018 15:38:13,27/03/2023 03:02:10,
542,,Hector ,Nieto,hectornieto@adamson.edu.ph,Mr.,Political Science,College of Education and Liberal Arts,Social Science Department,Professor,201810183,profile.man4.png,Contractual Part-time,2018-5-29,2020-10-10,25/10/2018 07:57:49,18/02/2023 13:25:24,
543,,Miranda ,Serafino,mirandaserafino@adamson.edu.ph,Ms.,Political Science,College of Education and Liberal Arts,Social Science Department,Professor,201810184,profile.woman3.png,Permanent Full-time,2018-5-30,2020-7-13,18/04/2018 01:45:03,26/04/2023 20:52:15,
544,,Karlee,Soto,karleesoto@adamson.edu.ph,Engr.,Civil Engineering,College of Engineering,Civil Engineering Department,Professor,201810185,profile.man3.png,Contractual Full-time,2018-5-30,2020-8-9,25/02/2018 06:24:40,07/05/2023 22:23:29,
545,,Vander,Roxas,vanderroxas@adamson.edu.ph,Engr.,Computer Engineering,College of Engineering,Computer Engineering Department,Professor,201810186,profile.man2.png,Contractual Full-time,2018-5-30,2020-9-29,5/11/2018 23:45:44,29/01/2023 10:25:29,
546,,Luden ,Dominguez,ludendominguez@adamson.edu.ph,Engr.,Mining and Geology`,College of Engineering,Petroleum Engineering Department,Professor,201810187,profile.woman2.png,Contractual Part-time,2018-6-1,2020-12-14,5/6/2018 6:28:49,09/04/2023 12:00:23,
547,,Liandry,Lorenzo,liandrylorenzo@adamson.edu.ph,Engr.,Mining and Geology`,College of Engineering,Petroleum Engineering Department,Professor,201810188,profile.woman1.png,Contractual Part-time,2018-6-1,2020-11-16,4/3/2023 15:32:00,11/30/2023 12:35,
548,,Yamper,Campos,yampercampos@adamson.edu.ph,Engr.,Mechanical Engineering,College of Engineering,Mechanical Engineering Department,Professor,201810189,profile.man1.png,Contractual Part-time,2018-6-2,2020-9-5,4/17/2023 14:59:00,12/1/2023 13:43,
549,,Emma,Santos,emmasantos@adamson.edu.ph,Mr.,Electrical Engineering,College of Engineering,Electrical Engineering,Professor,201810190,profile.man1.png,Permanent Full-time,2018-6-2,,9/1/2022 13:49:00,7/10/2023 13:13,
550,,Liam,Reyes,liamreyes@adamson.edu.ph,Mr.,Electrical Engineering,College of Engineering,Electrical Engineering,Professor,201810191,profile.man2.png,Contractual Full-time,2018-6-4,,9/13/2022 10:27:00,7/25/2023 13:41,
551,,Olivia,Garcia,oliviagarcia@adamson.edu.ph,Ms.,Electrical Engineering,College of Engineering,Electrical Engineering,Professor,201810192,profile.woman1.png,Contractual Part-time,2018-6-6,,12/16/2022 8:24:00,10/13/2023 15:17,
552,,Noah,Cruz,noahcruz@adamson.edu.ph,Mr.,Electrical Engineering,College of Engineering,Electrical Engineering,Professor,201810193,profile.man3.png,Permanent Full-time,2018-6-7,,12/27/2022 16:18:00,10/17/2023 15:39,
553,,Ava,Fernandez,avafenandez@adamson.edu.ph,Ms.,Electrical Engineering,College of Engineering,Electrical Engineering,Professor,201810194,profile.woman3.png,Contractual Full-time,2018-6-9,,2/22/2023 17:55:00,10/27/2023 17:03,
554,,Sophia,Lopez,sophialopez@adamson.edu.ph,Ms.,Electrical Engineering,College of Engineering,Electrical Engineering,Professor,201810195,profile.woman4.png,Contractual Part-time,2018-6-9,,4/3/2023 18:21:00,10/31/2023 17:38,
555,,Jackson,Torres,jacksontorres@adamson.edu.ph,Mr.,Electrical Engineering,College of Engineering,Electrical Engineering,Professor,201810196,profile.man4.png,Permanent Full-time,2018-6-9,,2/16/2018 19:23:00,11/9/2023 13:31,
556,,Aiden,Ramirez,aidenramirez@adamson.edu.ph,Mr.,Electrical Engineering,College of Engineering,Electrical Engineering,Professor,201810197,profile.man5.png,Contractual Full-time,2018-6-9,,9/10/2018 20:07:00,11/22/2023 14:32,
557,,Lucas,Gonzales,lucasgonzales@adamson.edu.ph,Mr.,Electrical Engineering,College of Engineering,Electrical Engineering,Professor,201810198,profile.man6.png,Contractual Part-time,2018-6-10,,12/17/2018 14:59:00,11/27/2023 10:03,
558,,Mia,Martinez,miamartinez@adamson.edu.ph,Ms.,Electrical Engineering,College of Engineering,Electrical Engineering,Professor,201810199,profile.woman5.png,Contractual Full-time,2018-6-10,,2/22/2019 16:02:00,11/29/2023 10:56,
559,,Amelia,Morales,ameliamorales@adamson.edu.ph,Ms.,Linguistic Anthropology,College of Education and Liberal Arts,Languages Department,Professor,201810200,profile.woman6.png,Contractual Part-time,2018-6-11,,12/13/2019 17:15:00,11/30/2023 7:24,
560,,Harper,Perez,harperperez@adamson.edu.ph,Mr.,Linguistic Anthropology,College of Education and Liberal Arts,Languages Department,Professor,201810201,profile.man7.png,Contractual Full-time,2018-6-12,,12/16/2019 18:07:00,12/12/2023 8:51,
561,,Ethan,Estrada,ethanestrada@adamson.edu.ph,Mr.,Linguistic Anthropology,College of Education and Liberal Arts,Languages Department,Professor,201810202,profile.man8.png,Contractual Part-time,2018-6-12,,3/5/2020 9:29:00,6/30/2023 16:06,
562,,Oliver,Villanueva,olivervillanueva@adamson.edu.ph,Mr.,Linguistic Anthropology,College of Education and Liberal Arts,Languages Department,Professor,201810203,profile.man9.png,Contractual Full-time,2018-6-13,,5/12/2020 8:45:00,7/17/2023 17:42,
563,,Charlotte,Castro,charlottecastro@adamson.edu.ph,Ms.,Linguistic Anthropology,College of Education and Liberal Arts,Languages Department,Professor,201810204,profile.woman7.png,Contractual Part-time,2018-6-15,,6/18/2020 8:12:00,7/18/2023 17:38,
564,,Isabella,Dela Cruz,isabelladelacruz@adamson.edu.ph,Ms.,Linguistic Anthropology,College of Education and Liberal Arts,Languages Department,Professor,201810205,profile.woman8.png,Contractual Full-time,2018-6-15,,9/28/2020 7:29:00,7/27/2023 18:04,
565,,Henry,Ramos,henryramos@adamson.edu.ph,Mr.,Linguistic Anthropology,College of Education and Liberal Arts,Languages Department,Professor,201810206,profile.man10.png,Contractual Part-time,2018-6-15,,1/28/2021 14:59:00,7/31/2023 18:20,
566,,Samuel,Pascual,samuelpascual@adamson.edu.ph,Mr.,Linguistics,College of Education and Liberal Arts,Languages Department,Professor,201810207,profile.man11.png,Contractual Full-time,2018-6-15,,3/9/2021 16:16:00,8/7/2023 10:18,
567,,Benjamin,Herrera,benjaminherrera@adamson.edu.ph,Mr.,Linguistics,College of Education and Liberal Arts,Languages Department,Professor,201810208,profile.man12.png,Contractual Part-time,2018-6-16,,4/6/2021 19:28:00,8/22/2023 12:03,
568,,William,Sarmiento,williamsarmiento@adamson.edu.ph,Mr.,Linguistics,College of Education and Liberal Arts,Languages Department,Professor,201810209,profile.man13.png,Contractual Full-time,2018-6-17,,5/4/2021 22:40:00,9/6/2023 13:48,
569,,Alexander,Jimenez,alexanderjimenez@adamson.edu.ph,Mr.,Linguistics,College of Education and Liberal Arts,Languages Department,Professor,201810210,profile.man14.png,Contractual Part-time,2018-6-18,,5/5/2021 20:37:00,8/28/2023 8:40,
570,,Evelyn,Mendoza,evelynmendoza@adamson.edu.ph,Ms.,Linguistics,College of Education and Liberal Arts,Languages Department,Professor,201810211,profile.woman9.png,Contractual Full-time,2018-6-18,,9/8/2021 19:32:00,9/5/2023 10:04,
571,,James,Fernandez,jamesfernandez@adamson.edu.ph,Mr.,Computer Architecture,College of Science,Computer Science Department,Professor,201810212,profile.man15.png,Contractual Part-time,2018-6-18,,10/12/2021 20:52:00,10/4/2023 13:41,
572,,Grace,Tizon,gracetizon@adamson.edu.ph,Ms.,Computer Architecture,College of Science,Computer Science Department,Professor,201810213,profile.woman10.png,Contractual Full-time,2018-6-19,,11/29/2021 14:54:00,10/9/2023 15:10,
573,,Elijah,Cruz,elijahcruz@adamson.edu.ph,Mr.,Computer Architecture,College of Science,Computer Science Department,Professor,201810214,profile.man16.png,Contractual Part-time,2018-6-19,,3/30/2022 10:55:00,10/13/2023 17:38,
574,,Michael,Navarro,michaelnavarro@adamson.edu.ph,Mr.,Computer Architecture,College of Science,Computer Science Department,Professor,201810215,profile.man17.png,Contractual Full-time,2018-6-20,,7/13/2022 8:31:00,10/23/2023 17:59,
575,,Abigail,Gutierrez,abigailgutierrez@adamson.edu.ph,Ms.,Computer Architecture,College of Science,Computer Science Department,Professor,201810216,profile.woman11.png,Contractual Part-time,2018-6-21,,9/2/2022 11:30:00,10/24/2023 18:17,
576,,Elizabeth,Rivera,elizabethrivera@adamson.edu.ph,Ms.,Computer Architecture,College of Science,Computer Science Department,Professor,201810217,profile.woman12.png,Contractual Full-time,2018-6-22,,12/7/2022 12:45:00,10/25/2023 19:15,
577,,Daniel,Abad,danielabad@adamson.edu.ph,Mr.,General Chemistry,College of Science,Chemistry Department,Professor,201810218,profile.man18.png,Contractual Part-time,2018-6-22,,1/3/2023 14:54:00,11/7/2023 19:38,
578,,Sophia,Villa,sophiavilla@adamson.edu.ph,Ms.,General Chemistry,College of Science,Chemistry Department,Professor,201810219,profile.woman13.png,Contractual Full-time,2018-6-23,,1/9/2023 16:02:00,11/9/2023 20:42,
579,,Madison,Dizon,madisondizon@adamson.edu.ph,Mr.,General Chemistry,College of Science,Chemistry Department,Professor,201810220,profile.man19.png,Contractual Part-time,2018-6-24,,2/23/2018 8:39:00,12/12/2023 10:43,
580,,Joseph,Sandoval,josephsandoval@adamson.edu.ph,Mr.,General Chemistry,College of Science,Chemistry Department,Professor,201810221,profile.man20.png,Contractual Full-time,2018-6-25,,24/02/2018 18:00:05,03/05/2023 5:34:23,
581,,Ella,Tan,ellatan@adamson.edu.ph,Ms.,General Chemistry,College of Science,Chemistry Department,Professor,201810222,profile.woman13.png,Contractual Part-time,2018-6-27,,21/02/2019 10:45:12,26/02/2023 04:14:11,
582,,Harper,Lim,harperlim@adamson.edu.ph,Ms.,General Chemistry,College of Science,Chemistry Department,Professor,201810223,profile.woman14.png,Contractual Full-time,2018-6-28,,22/11/2018 05:52:35,23/01/2023 17:10:49,
583,,Emily,Santiago,emilysantiago@adamson.edu.ph,Ms.,General Chemistry,College of Science,Chemistry Department,Professor,201810224,profile.woman15.png,Contractual Part-time,2018-6-30,,15/07/2019 23:44:42,10/01/2023 23:00:58,
584,,Scarlett,Aquino,scarlettaquino@adamson.edu.ph,Ms.,General Chemistry,College of Science,Chemistry Department,Professor,201810225,profile.woman16.png,Contractual Full-time,2018-6-30,,21/09/2019 09:20:35,13/02/2023 20:19:03,
585,,Matthew,Diaz,matthewdiaz@adamson.edu.ph,Mr.,Theoretical Physics,College of Science,Math and Physics Department,Professor,201810226,profile.man1.png,Contractual Part-time,2018-6-30,,14/08/2019 18:10:35,29/03/2023 08:33:38,
586,,Ava,Del Rosario,avadelrosario@adamson.edu.ph,Ms.,Theoretical Physics,College of Science,Math and Physics Department,Professor,201810227,profile.woman17.png,Contractual Full-time,2018-7-1,,3/10/2018 7:23:58,21/02/2023 21:37:10,
587,,Mia,Santos,miasantos@adamson.edu.ph,Ms.,Theoretical Physics,College of Science,Math and Physics Department,Professor,201810228,profile.woman18.png,Contractual Part-time,2018-7-2,,1/1/2019 20:24:43,15/04/2023 22:57:45,
588,,Lily,Ocampo,lilyocampo@adamson.edu.ph,Ms.,Theoretical Physics,College of Science,Math and Physics Department,Professor,201810229,profile.woman19.png,Contractual Full-time,2018-7-2,,28/11/2019 23:08:22,02/03/2023 23:29:43,
589,,Chloe,Peralta,chloeperalta@adamson.edu.ph,Ms.,Theoretical Physics,College of Science,Math and Physics Department,Professor,201810230,profile.woman20.png,Contractual Part-time,2018-7-3,,29/04/2018 19:23:16,16/02/2023 20:37:51,
590,,Jack,Rojas,jackrojas@adamson.edu.ph,Mr.,Theoretical Physics,College of Science,Math and Physics Department,Professor,201810231,profile.man2.png,Contractual Full-time,2018-7-3,,17/09/2018 03:02:39,18/05/2023 19:07:42,
591,,William,Sison,williamsison@adamson.edu.ph,Mr.,Theoretical Physics,College of Science,Math and Physics Department,Professor,201810232,profile.man3.png,Contractual Part-time,2018-7-4,,19/11/2019 06:50:03,25/02/2023 16:32:32,
592,,Sophia,Abella,sophiaabella@adamson.edu.ph,Engr.,Applied Mechanics,College of Engineering ,Industrial Engineering Department,Professor,201810233,profile.woman2.png,Contractual Full-time,2018-7-4,,26/11/2019 01:28:35,27/02/2023 12:08:05,
593,,Ella,Fernandez,ellafnandez@adamson.edu.ph,Engr.,Applied Mechanics,College of Engineering ,Industrial Engineering Department,Professor,201810234,profile.woman3.png,Contractual Part-time,2018-7-7,,24/04/2019 20:50:02,28/06/2023 03:42:16,
594,,Grace,Gonzalez,gracegonzalez@adamson.edu.ph,Engr.,Applied Mechanics,College of Engineering ,Industrial Engineering Department,Professor,201810235,profile.woman4.png,Contractual Full-time,2018-7-7,,3/3/2019 11:35:02,03/06/2023 21:06:50,
595,,David,Castillo,davidcastillo@adamson.edu.ph,Engr.,Applied Mechanics,College of Engineering ,Industrial Engineering Department,Professor,201810236,profile.man4.png,Contractual Part-time,2018-7-8,,16/12/2018 03:14:42,11/02/2023 15:05:35,
596,,Sophia,de Guzman,sophiadeguzman@adamson.edu.ph,Engr.,Applied Mechanics,College of Engineering ,Industrial Engineering Department,Professor,201810237,profile.woman5.png,Contractual Full-time,2018-7-9,,18/05/2019 07:54:24,02/05/2023 8:19:00,
597,,Emily,Dela Cruz,emilydelacruz@adamson.edu.ph,Engr.,Applied Mechanics,College of Engineering ,Industrial Engineering Department,Professor,201810238,profile.woman6.png,Permanent Full-time,2018-7-9,,1/11/2019 4:16:18,30/05/2023 20:50:16,
598,,Samuel,Sison,samuelsison@adamson.edu.ph,Engr.,Applied Mechanics,College of Engineering ,Industrial Engineering Department,Professor,201810239,profile.man5.png,Contractual Full-time,2018-7-10,,7/7/2018 17:30:04,23/06/2023 02:17:29,
599,,Sophia,Mendoza,sophiamendoza@adamson.edu.ph,Engr.,Applied Mechanics,College of Engineering ,Industrial Engineering Department,Professor,201810240,profile.woman7.png,Contractual Part-time,2018-7-10,,12/5/2018 15:49:52,04/04/2023 22:23:41,
600,,Henry,Gutierrez,henrygutierrez@adamson.edu.ph,Engr.,Applied Mechanics,College of Engineering ,Industrial Engineering Department,Professor,201810241,profile.man8.png,Permanent Full-time,2018-7-10,,23/11/2019 09:29:04,22/05/2023 20:58:45,
601,,Mia,Sandoval,miasandoval@adamson.edu.ph,Engr.,Applied Mechanics,College of Engineering ,Industrial Engineering Department,Professor,201810242,profile.woman8.png,Contractual Full-time,2018-7-11,,12/10/2018 5:03:02,13/03/2023 10:32:35,
602,,Samuel,Reyes,samuelreyes@adamson.edu.ph,Engr.,Applied Mechanics,College of Engineering ,Industrial Engineering Department,Professor,201810243,profile.man19.png,Contractual Part-time,2018-7-12,,15/12/2019 04:17:03,12/06/2023 16:51:26,
603,,Emma,Martinez,emmamartinez@adamson.edu.ph,Engr.,Applied Mechanics,College of Engineering ,Industrial Engineering Department,Professor,201810244,profile.woman20.png,Permanent Full-time,2018-7-12,,28/06/2019 01:14:24,18/01/2023 03:41:38,
604,,Sofia,Dela Rosa,sofiadelarosa@adamson.edu.ph,Engr.,Geotechnical Engineering,College of Engineering ,Civil Engineering Department,Professor,201810245,profile.woman1.png,Contractual Full-time,2018-7-12,,21/11/2019 03:23:52,13/01/2023 14:25:19,
605,,Alexander,Mendoza,alexandermendoza@adamson.edu.ph,Engr.,Geotechnical Engineering,College of Engineering ,Civil Engineering Department,Professor,201810246,profile.man2.png,Contractual Part-time,2018-7-13,,17/02/2019 12:54:26,11/06/2023 20:42:15,
606,,Sofia,Santiago,sofiasantiago@adamson.edu.ph,Engr.,Geotechnical Engineering,College of Engineering ,Civil Engineering Department,Professor,201810247,profile.woman3.png,Permanent Full-time,2018-7-14,,15/08/2019 10:34:48,06/04/2023 10:40:05,
607,,Madison,Santos,madisonsantos@adamson.edu.ph,Engr.,Geotechnical Engineering,College of Engineering ,Civil Engineering Department,Professor,201810248,profile.woman4.png,Contractual Full-time,2018-7-14,,27/06/2018 22:32:15,27/05/2023 17:19:31,
608,,Joseph,Dela Cruz,josephdelacruz@adamson.edu.ph,Engr.,Geotechnical Engineering,College of Engineering ,Civil Engineering Department,Professor,201810249,profile.man5.png,Contractual Part-time,2018-7-15,,11/9/2018 14:25:40,15/03/2023 21:02:59,
609,,Liam,Reyes,liamreyes@adamson.edu.ph,Engr.,Geotechnical Engineering,College of Engineering ,Civil Engineering Department,Professor,201810250,profile.man6.png,Permanent Full-time,2018-7-16,,11/12/2019 9:29:04,20/02/2023 18:57:38,
610,,Oliver,Sison,oliversison@adamson.edu.ph,Engr.,Geotechnical Engineering,College of Engineering ,Civil Engineering Department,Professor,201810251,profile.man7.png,Contractual Full-time,2018-7-18,,23/01/2019 14:33:45,05/05/2023 0:29:24,
611,,Mia,Gonzalez,miagonzalez@adamson.edu.ph,Engr.,Geotechnical Engineering,College of Engineering ,Civil Engineering Department,Professor,201810252,profile.woman8.png,Contractual Part-time,2018-7-20,,30/11/2018 12:33:04,17/01/2023 03:11:56,
612,,Grace,Hernandez,gracehernandez@adamson.edu.ph,Engr.,Geotechnical Engineering,College of Engineering ,Civil Engineering Department,Professor,201810253,profile.woman9.png,Permanent Full-time,2018-7-20,,29/12/2018 10:15:34,22/01/2023 19:00:46,
613,,Lucas,Morales,lucasmorales@adamson.edu.ph,Engr.,Automobile Engineering ,College of Engineering ,Mechanical Engineering Department,Professor,201810254,profile.man10.png,Permanent Full-time,2018-7-21,,30/07/2019 08:25:43,28/01/2023 13:28:43,
614,,Aiden,Dela Cruz,aidendelacruz@adamson.edu.ph,Engr.,Automobile Engineering ,College of Engineering ,Mechanical Engineering Department,Professor,201810255,profile.man11.png,Contractual Full-time,2018-7-22,,6/11/2018 15:59:40,20/03/2023 14:10:11,
615,,Evelyn,Villanueva,evelynvillanueva@adamson.edu.ph,Engr.,Automobile Engineering ,College of Engineering ,Mechanical Engineering Department,Professor,201810256,profile.man12.png,Contractual Part-time,2018-7-22,,19/08/2018 06:39:41,12/04/2023 23:42:42,
616,,Abigail,Tan,abigailtan@adamson.edu.ph,Engr.,Automobile Engineering ,College of Engineering ,Mechanical Engineering Department,Professor,201810257,profile.woman13.png,Contractual Full-time,2018-7-23,,29/08/2018 06:34:28,01/05/2023 19:26:15,
617,,Michael,Perez,michaelperez@adamson.edu.ph,Engr.,Automobile Engineering ,College of Engineering ,Mechanical Engineering Department,Professor,201810258,profile.woman14.png,Contractual Part-time,2018-7-23,,9/8/2018 10:29:13,17/03/2023 09:54:55,
618,,Amelia,Aquino,ameliaaquino@adamson.edu.ph,Engr.,Automobile Engineering ,College of Engineering ,Mechanical Engineering Department,Professor,201810259,profile.man15.png,Contractual Full-time,2018-7-23,,21/03/2019 11:01:23,24/06/2023 06:34:14,
619,,Harper,Torres,harpertorres@adamson.edu.ph,Engr.,Automobile Engineering ,College of Engineering ,Mechanical Engineering Department,Professor,201810260,profile.woman16.png,Contractual Part-time,2018-7-24,,14/03/2018 08:42:00,22/04/2023 02:56:30,
620,,Elizabeth,Ramos,elizabethramos@adamson.edu.ph,Engr.,Automobile Engineering ,College of Engineering ,Mechanical Engineering Department,Professor,201810261,profile.woman17.png,Contractual Full-time,2018-7-25,,19/12/2018 10:30:49,21/06/2023 04:20:07,
621,,Emma,Paredes,emmaparedes@adamson.edu.ph,Engr.,Automobile Engineering ,College of Engineering ,Mechanical Engineering Department,Professor,201810262,profile.woman18.png,Contractual Part-time,2018-7-26,,8/12/2019 8:48:16,12/05/2023 10:19:59,
622,,Ella,Pascua,ellapascua@adamson.edu.ph,Engr.,Automobile Engineering ,College of Engineering ,Mechanical Engineering Department,Professor,201810263,profile.woman19.png,Contractual Full-time,2018-7-28,,5/7/2018 17:31:21,08/04/2023 16:50:16,
623,,William,Cruz,emilysantiago@adamson.edu.ph,Engr.,Automobile Engineering ,College of Engineering ,Mechanical Engineering Department,Professor,201810264,profile.woman20.png,Contractual Part-time,2018-7-29,,22/01/2019 01:21:05,27/01/2023 23:47:25,
624,,Olivia,dela Rosa,oliviadelarosa@adamson.edu.ph,Engr.,Automobile Engineering ,College of Engineering ,Petroleum Engineering Department,Professor,201810265,profile.man1.png,Contractual Full-time,2018-7-29,,24/02/2019 07:51:46,28/03/2023 10:09:10,
625,,Sophia,Santos,sophiasantos@adamson.edu.ph,Engr.,Engineering Physics,College of Engineering ,Petroleum Engineering Department,Professor,201810266,profile.woman2.png,Contractual Part-time,2018-7-30,,29/03/2018 05:35:50,12/01/2023 21:41:23,
626,,Benjamin,Lim,benjaminlim@adamson.edu.ph,Engr.,Engineering Physics,College of Engineering ,Petroleum Engineering Department,Professor,201810267,profile.man3.png,Permanent Full-time,2018-7-30,,4/7/2019 14:12:12,07/01/2023 19:41:57,
627,,James,Gonzalez,jamesgonzalez@adamson.edu.ph,Engr.,Engineering Physics,College of Engineering ,Petroleum Engineering Department,Professor,201810268,profile.man4.png,Contractual Part-time,2018-7-31,,14/12/2019 18:50:26,22/02/2023 00:57:30,
628,,Liam,Dela Cruz,liamdela_cruz@adamson.edu.ph,Engr.,Engineering Physics,College of Engineering ,Petroleum Engineering Department,Professor,201810269,profile.man5.png,Contractual Part-time,2018-7-31,,3/11/2019 6:09:49,09/06/2023 14:18:06,
629,,Noah,Santos,noahsantos@adamson.edu.ph,Engr.,Engineering Physics,College of Engineering ,Petroleum Engineering Department,Professor,201810270,profile.man6.png,Contractual Full-time,2018-8-1,,13/12/2019 22:30:46,22/03/2023 07:49:55,
630,,Jackson,Fernandez,jacksonfernandez@adamson.edu.ph,Engr.,Engineering Physics,College of Engineering ,Petroleum Engineering Department,Professor,201810271,profile.man7.png,Contractual Part-time,2018-8-1,,24/07/2019 16:30:59,25/03/2023 14:00:49,
631,,Oliver,Dela Cruz,oliverdelacruz@adamson.edu.ph,Engr.,Engineering Physics,College of Engineering ,Petroleum Engineering Department,Professor,201810272,profile.man8.png,Contractual Part-time,2018-8-1,,14/02/2018 03:12:14,09/03/2023 23:14:45,
632,,Isabella,Lopez,isabellalopez@adamson.edu.ph,Engr.,Engineering Physics,College of Engineering ,Petroleum Engineering Department,Professor,201810273,profile.woman9.png,Permanent Full-time,2018-8-1,,1/12/2018 1:11:09,19/03/2023 17:30:30,
633,,Mia,Rojas,miarojas@adamson.edu.ph,Engr.,Engineering Physics,College of Engineering ,Petroleum Engineering Department,Professor,201810274,profile.woman10.png,Contractual Part-time,2018-8-2,,6/6/2018 3:23:42,19/01/2023 14:15:58,
634,,Sophia,Hernandez,sophiahernandez@adamson.edu.ph,Engr.,Engineering Physics,College of Engineering ,Petroleum Engineering Department,Professor,201810275,profile.woman11.png,Contractual Full-time,2018-8-5,,31/05/2018 15:38:13,27/03/2023 03:02:10,
635,,Ava,Abad,avaabad@adamson.edu.ph,Engr.,Engineering Physics,College of Engineering ,Petroleum Engineering Department,Professor,201810276,profile.woman12.png,Contractual Part-time,2018-8-5,,25/10/2018 07:57:49,18/02/2023 13:25:24,
636,,Amelia,Rivera,ameliarivera@adamson.edu.ph,Engr.,Engineering Physics,College of Engineering ,Petroleum Engineering Department,Professor,201810277,profile.woman13.png,Contractual Full-time,2018-8-6,,18/04/2018 01:45:03,26/04/2023 20:52:15,
637,,Henry,Santos,henrysantos@adamson.edu.ph,Mr.,Anthropology,College of Education and Liberal Arts,Social Science Department,Professor,201810278,profile.man1.png,Contractual Part-time,2018-8-7,,25/02/2018 06:24:40,07/05/2023 22:23:29,
638,,Samuel,Tan,samueltan@adamson.edu.ph,Mr.,Anthropology,College of Education and Liberal Arts,Social Science Department,Professor,201810279,profile.man2.png,Contractual Full-time,2018-8-9,,5/11/2018 23:45:44,29/01/2023 10:25:29,
639,,Harper,Cruz,harpercruz@adamson.edu.ph,Ms.,Anthropology,College of Education and Liberal Arts,Social Science Department,Professor,201810280,profile.woman1.png,Contractual Part-time,2018-8-10,,5/6/2018 6:28:49,09/04/2023 12:00:23,
640,,Evelyn,Villanueva,evelynvillanueva@adamson.edu.ph,Ms.,Anthropology,College of Education and Liberal Arts,Social Science Department,Professor,201810281,profile.woman2.png,Contractual Full-time,2018-8-11,,3/5/2019 8:37:39,09/05/2023 14:18:30,
641,,Elijah,Aquino,elijahaquino@adamson.edu.ph,Mr.,Anthropology,College of Education and Liberal Arts,Social Science Department,Professor,201810282,profile.man3.png,Contractual Part-time,2018-8-11,,3/2/2018 21:36:53,30/03/2023 20:54:32,
642,,Aiden,Reyes,aidenreyes@adamson.edu.ph,Mr.,Anthropology,College of Education and Liberal Arts,Social Science Department,Professor,201810283,profile.man4.png,Permanent Full-time,2018-8-12,,20/06/2018 00:55:10,14/05/2023 13:51:45,
643,,Elizabeth,Castillo,elizabethcastillo@adamson.edu.ph,Ms.,Anthropology,College of Education and Liberal Arts,Social Science Department,Professor,201810284,profile.woman3.png,Contractual Full-time,2018-8-14,,12/7/2018 21:49:56,16/04/2023 01:48:49,
644,,Grace,Santos,gracesantos@adamson.edu.ph,Ms.,Anthropology,College of Education and Liberal Arts,Social Science Department,Professor,201810285,profile.woman4.png,Contractual Full-time,2018-8-16,,13/06/2018 08:37:10,19/04/2023 01:27:00,
645,,Mia,Dela Cruz,miadelacruz@adamson.edu.ph,Mr.,Anthropology,College of Education and Liberal Arts,Social Science Department,Professor,201810286,profile.man5.png,Permanent Full-time,2018-8-18,,5/1/2019 22:45:38,29/05/2023 04:18:36,
646,,Sophia,Mendoza,sophiamendoza@adamson.edu.ph,Ms.,Anthropology,College of Education and Liberal Arts,Social Science Department,Professor,201810287,profile.woman6.png,Contractual Part-time,2018-8-18,,28/04/2018 15:35:52,24/01/2023 22:26:24,
647,,Alexander,Santiago,alexandersantiago@adamson.edu.ph,Mr.,Anthropology,College of Education and Liberal Arts,Social Science Department,Professor,201810288,profile.man6.png,Contractual Full-time,2018-8-18,,22/05/2019 22:42:07,23/04/2023 09:12:41,
648,,Charlotte,Santos,charlottesantos@adamson.edu.ph,Ms.,Anthropology,College of Education and Liberal Arts,Social Science Department,Professor,201810289,profile.woman7.png,Contractual Part-time,2018-8-19,,3/3/2018 18:21:36,25/04/2023 08:55:48,
649,,William,Rojas,williamrojas@adamson.edu.ph,Mr.,Anthropology,College of Education and Liberal Arts,Social Science Department,Professor,201810290,profile.man7.png,Contractual Full-time,2018-8-21,,24/09/2019 18:47:24,24/05/2023 14:03:13,
650,,Olivia,Lim,olivialim@adamson.edu.ph,Ms.,Anthropology,College of Education and Liberal Arts,Social Science Department,Professor,201810291,profile.woman8.png,Permanent Full-time,2018-8-21,,17/11/2019 17:20:25,15/06/2023 21:26:28,
651,,Ethan,Perez,ethanperez@adamson.edu.ph,Mr.,Anthropology,College of Education and Liberal Arts,Social Science Department,Professor,201810292,profile.man8.png,Contractual Part-time,2018-8-22,,17/11/2018 06:56:06,27/04/2023 13:39:38,
652,,Lucas,Gonzalez,lucasgonzalez@adamson.edu.ph,Mr.,International Relations,College of Education and Liberal Arts,Social Science Department,Professor,201810293,profile.man9.png,Contractual Full-time,2018-8-23,,18/07/2018 23:17:34,02/06/2023 18:03:21,
653,,Benjamin,Aquino,benjaminaquino@adamson.edu.ph,Mr.,International Relations,College of Education and Liberal Arts,Social Science Department,Professor,201810294,profile.man10.png,Permanent Part-time,2018-8-23,,7/5/2018 10:54:15,07/06/2023 14:12:57,
654,,Samuel,Sison,samuelsison@adamson.edu.ph,Mr.,International Relations,College of Education and Liberal Arts,Social Science Department,Professor,201810295,profile.man11.png,Contractual Part-time,2018-8-26,,16/01/2019 02:46:53,01/04/2023 1:20:37,
655,,Amelia,Cruz,ameliacruz@adamson.edu.ph,Mr.,International Relations,College of Education and Liberal Arts,Social Science Department,Professor,201810296,profile.man12.png,Contractual Full-time,2018-8-29,,2/3/2018 21:18:26,08/01/2023 17:00:47,
656,,Harper,Dela Rosa,harperdelarosa@adamson.edu.ph,Ms.,International Relations,College of Education and Liberal Arts,Social Science Department,Professor,201810297,profile.woman8.png,Permanent Part-time,2018-8-31,,6/7/2018 14:59:34,26/05/2023 13:31:20,
657,,Noah,Santos,noahsantos@adamson.edu.ph,Mr.,International Relations,College of Education and Liberal Arts,Social Science Department,Professor,201810298,profile.man13.png,Contractual Part-time,2018-8-31,,18/08/2018 07:09:12,03/04/2023 16:27:48,
658,,Mia,Gutierrez,miagutierrez@adamson.edu.ph,Ms.,International Relations,College of Education and Liberal Arts,Social Science Department,Professor,201810299,profile.woman9.png,Contractual Full-time,2018-9-2,,26/02/2018 19:20:11,14/02/2023 14:52:02,
659,,Sophia,Ramos,sophiaramos@adamson.edu.ph,Ms.,International Relations,College of Education and Liberal Arts,Social Science Department,Professor,201810300,profile.woman10.png,Permanent Part-time,2018-9-3,,29/05/2018 10:18:42,31/05/2023 06:32:22,
660,,Ava,Cruz,avacruz@adamson.edu.ph,Mr.,International Relations,College of Education and Liberal Arts,Social Science Department,Professor,201810301,profile.man14.png,Permanent Full-time,2018-9-4,,6/12/2019 20:43:56,01/06/2023 10:50:03,
661,,Oliver,Aquino,oliveraquino@adamson.edu.ph,Mr.,International Relations,College of Education and Liberal Arts,Social Science Department,Professor,201810302,profile.man15.png,Contractual Full-time,2018-9-7,,1/4/2019 21:59:28,03/02/2023 17:37:15,
662,,Sophia,Mendoza,sophiamendoza@adamson.edu.ph,Ms.,International Relations,College of Education and Liberal Arts,Social Science Department,Professor,201810303,profile.woman11.png,Contractual Part-time,2018-9-8,,10/11/2019 13:01:18,25/01/2023 21:18:21,
663,,Mia,Reyes,miareyes@adamson.edu.ph,Ms.,International Relations,College of Education and Liberal Arts,Social Science Department,Professor,201810304,profile.woman12.png,Contractual Part-time,2018-9-9,,22/06/2018 15:29:52,27/06/2023 10:12:29,
664,,Aiden,Santiago,aidensantiago@adamson.edu.ph,Mr.,International Relations,College of Education and Liberal Arts,Social Science Department,Professor,201810305,profile.man16.png,Contractual Part-time,2018-9-10,,15/05/2019 13:00:29,14/04/2023 13:49:22,
665,,Liam,Abad,liamabad@adamson.edu.ph,Mr.,Social Psychology,College of Education and Liberal Arts,Social Science Department,Professor,201810306,profile.man17.png,Contractual Full-time,2018-9-11,,28/05/2018 13:15:48,31/03/2023 05:42:07,
666,,Evelyn,Peralta,evelynperalta@adamson.edu.ph,Ms.,Social Psychology,College of Education and Liberal Arts,Social Science Department,Professor,201810307,profile.woman13.png,Contractual Full-time,2018-9-11,,11/11/2018 11:33:03,06/02/2023 17:34:41,
667,,Isabella,Santos,isabellasantos@adamson.edu.ph,Ms.,Social Psychology,College of Education and Liberal Arts,Social Science Department,Professor,201810308,profile.woman14.png,Permanent Part-time,2018-9-11,,5/7/2019 21:58:42,20/04/2023 23:04:57,
668,,Grace,Hernandez,gracehernandez@adamson.edu.ph,Ms.,Social Psychology,College of Education and Liberal Arts,Social Science Department,Professor,201810309,profile.woman15.png,Contractual Full-time,2018-9-14,,10/5/2018 22:01:02,12/03/2023 9:28:10,
669,,Henry,Sandoval,henrysandoval@adamson.edu.ph,Mr.,Social Psychology,College of Education and Liberal Arts,Social Science Department,Professor,201810310,profile.man18.png,Permanent Part-time,2018-9-16,,2/12/2019 23:14:20,31/01/2023 10:27:52,
670,,Samuel,Dela Cruz,samueldelacruz@adamson.edu.ph,Mr.,Social Psychology,College of Education and Liberal Arts,Social Science Department,Professor,201810311,profile.man19.png,Permanent Part-time,2018-9-17,,28/01/2018 18:06:47,20/06/2023 06:09:25,
671,,Elizabeth,Gonzalez,elizabethgonzalez@adamson.edu.ph,Ms.,Social Psychology,College of Education and Liberal Arts,Social Science Department,Professor,201810312,profile.woman16.png,Contractual Full-time,2018-9-17,,23/03/2019 03:23:52,18/04/2023 06:22:35,
672,,Michael,Rojas,michaelrojas@adamson.edu.ph,Mr.,Social Psychology,College of Education and Liberal Arts,Social Science Department,Professor,201810313,profile.man20.png,Contractual Full-time,2018-9-18,,13/08/2018 08:45:01,28/04/2023 00:10:08,
673,,Abigail,Dela Rosa,abigaildelarosa@adamson.edu.ph,Ms.,Social Psychology,College of Education and Liberal Arts,Social Science Department,Professor,201810314,profile.woman17.png,Permanent Full-time,2018-9-19,,29/06/2019 16:25:56,08/06/2023 0:41:51,
674,,Emma,Dela Cruz,emmadelacruz@adamson.edu.ph,Ms.,Nursing Informatics,College of Nursing,Nursing Department,Professor,201810315,profile.woman18.png,Permanent Full-time,2018-9-21,,1/5/2019 18:56:40,07/02/2023 17:42:59,
675,,Sophia,Villanueva,sophiavillanueva@adamson.edu.ph,Mr.,Nursing Informatics,College of Nursing,Nursing Department,Professor,201810316,profille.man1.png,Permanent Part-time,2018-9-21,,10/8/2019 13:49:43,30/04/2023 00:13:00,
676,,Alexander,Sison,alexandersison@adamson.edu.ph,Mr.,Nursing Informatics,College of Nursing,Nursing Department,Professor,201810317,profile.man2.png,Permanent Part-time,2018-9-23,,31/01/2019 20:53:59,21/05/2023 12:05:53,
677,,Harper,Gutierrez,harpergutierrez@adamson.edu.ph,Mr.,Nursing Informatics,College of Nursing,Nursing Department,Professor,201810318,profile.man3.png,Permanent Part-time,2018-9-25,,15/06/2019 23:37:31,14/01/2023 01:14:01,
678,,Charlotte,Fernandez,charlottefernandez@adamson.edu.ph,Ms.,Nursing Informatics,College of Nursing,Nursing Department,Professor,201810319,profile.woman19.png,Permanent Part-time,2018-9-26,,15/01/2018 05:44:12,17/02/2023 22:54:35,
679,,Olivia,Ramos,oliviaramos@adamson.edu.ph,Ms.,Nursing Informatics,College of Nursing,Nursing Department,Professor,201810320,profile.woman20.png,Permanent Part-time,2018-9-27,,6/1/2019 13:15:02,11/03/2023 4:23:30,
680,,James,Santiago,jamessantiago@adamson.edu.ph,Mr.,Nursing Informatics,College of Nursing,Nursing Department,Professor,201810321,profile.man4.png,Permanent Part-time,2018-9-27,,23/10/2018 21:18:00,09/05/2023 21:44:55,
681,,William,Cruz,williamcruz@adamson.edu.ph,Mr.,Nursing Informatics,College of Nursing,Nursing Department,Professor,201810322,profile.man5.png,Permanent Part-time,2018-9-29,,19/02/2018 19:51:37,18/01/2023 01:49:31,
682,,Noah,Sandoval,noahsandoval@adamson.edu.ph,Mr.,Nursing Informatics,College of Nursing,Nursing Department,Professor,201810323,profile.man6.png,Contractual Full-time,2018-9-29,,23/06/2019 09:13:30,23/05/2023 19:00:10,
683,,Elijah,Cruz,elijahcruz@adamson.edu.ph,Mr.,Nursing Informatics,College of Nursing,Nursing Department,Professor,201810324,profile.man7.png,Contractual Full-time,2018-10-1,,5/1/2018 2:18:13,05/04/2023 13:16:13,
684,,Liam,Martinez,liammartinez@adamson.edu.ph,Mr.,Nursing Informatics,College of Nursing,Nursing Department,Professor,201810325,profile.man8.png,Permanent Full-time,2018-10-1,,11/12/2019 10:38:34,23/01/2023 02:41:51,
685,,Mia,Dela Cruz,miadelacruz@adamson.edu.ph,Ms.,Nursing Informatics,College of Nursing,Nursing Department,Professor,201810326,profile.woman1.png,Permanent Full-time,2018-10-2,,26/10/2018 04:43:06,21/01/2023 02:49:27,
686,,Ava,Gomez,avagomez@adamson.edu.ph,Ms.,Nursing Informatics,College of Nursing,Nursing Department,Professor,201810327,profile.woman2.png,Permanent Full-time,2018-10-2,,23/05/2019 21:41:42,09/02/2023 21:56:30,
687,,Oliver,Reyes,oliverreyes@adamson.edu.ph,Mr.,Nursing Informatics,College of Nursing,Nursing Department,Professor,201810328,profile.man9.png,Permanent Full-time,2018-10-4,,14/10/2018 01:08:46,27/02/2023 17:37:05,
688,,Henry,Santos,henrysantos@adamson.edu.ph,Mr.,Nursing Informatics,College of Nursing,Nursing Department,Professor,201810329,profile.man4.png,Contractual Part-time,2018-10-5,,10/8/2018 7:52:40,11/04/2023 13:34:35,
689,,Samuel,Abad,samuelabad@adamson.edu.ph,Mr.,Nursing Informatics,College of Nursing,Nursing Department,Professor,201810330,profile.man10.png,Permanent Full-time,2018-10-6,,2/5/2019 19:56:51,07/02/2023 10:25:16,
690,,Emily,Fernandez,emilyfernandez@adamson.edu.ph,Ms.,Nursing Informatics,College of Nursing,Nursing Department,Professor,201810331,profile.woman3.png,Contractual Full-time,2018-10-6,,19/10/2019 02:45:44,30/01/2023 19:17:28,
691,,Sofia,Garcia,sofiagarcia@adamson.edu.ph,Ms.,Nursing Informatics,College of Nursing,Nursing Department,Professor,201810332,profile.woman4.png,Contractual Full-time,2018-10-7,,16/01/2018 03:07:39,21/02/2023 11:38:49,
692,,Amelia,Dela Rosa,ameliadelarosa@adamson.edu.ph,Mr.,Nursing Informatics,College of Nursing,Nursing Department,Professor,201810333,profile.man11.png,Contractual Part-time,2018-10-7,,25/04/2018 04:41:38,03/05/2023 9:22:06,
693,,Benjamin,Reyes,benjaminreyes@adamson.edu.ph,Mr.,Nursing Informatics,College of Nursing,Nursing Department,Professor,201810334,proflle.man12.png,Contractual Part-time,2018-10-8,,24/12/2018 09:37:01,03/03/2023 9:11:28,
694,,Sophia,Pascual,sophiapascual@adamson.edu.ph,Ms.,Nursing Informatics,College of Nursing,Pharmacy Department,Professor,201810335,profile.woman5.png,Contractual Part-time,2018-10-9,,21/08/2018 13:50:07,01/02/2023 18:22:41,
695,,Evelyn,Santiago,evelynsantiago@adamson.edu.ph,Ms.,Nursing Informatics,College of Nursing,Pharmacy Department,Professor,201810336,profile.woman6.png,Permanent Full-time,2018-10-11,,11/10/2019 23:49:44,27/05/2023 05:07:26,
696,,Michael,Torres,michaeltorres@adamson.edu.ph,Mr.,Nursing Informatics,College of Nursing,Pharmacy Department,Professor,201810337,profile.man13.png,Permanent Full-time,2018-10-13,,28/07/2019 09:58:58,15/05/2023 21:17:15,
697,,Aiden,Gonzales,aidengonzales@adamson.edu.ph,Mr.,Nursing Informatics,College of Nursing,Pharmacy Department,Professor,201810338,profile.man14.png,Contractual Part-time,2018-10-13,,17/08/2019 18:51:46,07/05/2023 17:14:01,
698,,Grace,Dela Cruz,gracedelacruz@adamson.edu.ph,Ms.,Nursing Informatics,College of Nursing,Pharmacy Department,Professor,201810339,profile.woman7.png,Contractual Full-time,2018-10-13,,7/11/2018 21:53:02,16/06/2023 15:43:24,
699,,Ella,Cruz,ellacruz@adamson.edu.ph,Ms.,Nursing Informatics,College of Nursing,Pharmacy Department,Professor,201810340,profile.woman8.png,Contractual Full-time,2018-10-14,,6/4/2019 19:11:11,17/04/2023 12:10:55,
700,,Harper,Aquino,harperaquino@adamson.edu.ph,Ms.,Nursing Informatics,College of Nursing,Pharmacy Department,Professor,201810341,profile.woman9.png,Permanent Full-time,2018-10-14,,4/12/2019 13:23:02,20/04/2023 02:49:39,
701,,Mia,Dela Cruz,miadelacruz@adamson.edu.ph,Ms.,Nursing Informatics,College of Nursing,Pharmacy Department,Professor,201810342,profile.woman10.png,Contractual Full-time,2018-10-14,,25/11/2019 09:38:11,08/02/2023 16:55:11,
702,,Olivia,Villanueva,oliviavillanueva@adamson.edu.ph,Mr.,Pharmacology,College of Nursing,Pharmacy Department,Professor,201810343,profile.man15.png,Contractual Part-time,2018-10-15,,10/1/2019 13:21:56,25/06/2023 11:17:20,
703,,Emma,Santos,emmasantos@adamson.edu.ph,Mr.,Pharmacology,College of Nursing,Pharmacy Department,Professor,201810344,profile.man16.png,Permanent Part-time,2018-10-18,,24/07/2018 17:16:50,28/01/2023 17:21:14,
704,,Liam,Mendoza,liammendoza@adamson.edu.ph,Mr.,Pharmacology,College of Nursing,Pharmacy Department,Professor,201810345,profile.man17.png,Contractual Part-time,2018-10-19,,26/03/2019 08:42:35,01/01/2023 0:11:09,
705,,William,Garcia,williamgarcia@adamson.edu.ph,Mr.,Pharmacology,College of Nursing,Pharmacy Department,Professor,201810346,profile.man18.png,Permanent Full-time,2018-10-19,,7/3/2018 20:24:34,29/01/2023 10:07:39,
706,,Noah,Dela Cruz,noahdelacruz@adamson.edu.ph,Mr.,Pharmacology,College of Nursing,Pharmacy Department,Professor,201810347,profile.man19.png,Guest Lecturer,2018-10-20,,19/09/2018 18:19:25,08/03/2023 13:46:28,
707,,Samuel,Reyes,samuelreyes@adamson.edu.ph,Mr.,Intensive Basic Accounting,College of Business Administration,Accountancy Department,Professor,201810348,profile.man20.png,Contractual Full-time,2018-10-20,,22/09/2018 23:43:51,18/04/2023 06:15:38,
708,,Mia,Dela Rosa,miadelarosa@adamson.edu.ph,Ms.,Intensive Basic Accounting,College of Business Administration,Accountancy Department,Professor,201810349,profile.woman11.png,Permanent Full-time,2018-10-21,,2/8/2019 3:19:58,30/04/2023 22:53:34,
709,,Ava,Santos,avasantos@adamson.edu.ph,Ms.,Intensive Basic Accounting,College of Business Administration,Accountancy Department,Professor,201810350,profile.woman12.png,Permanent Full-time,2018-10-22,,8/4/2019 4:11:40,27/03/2023 07:46:56,
710,,Benjamin,Martinez,benjaminmartinez@adamson.edu.ph,Mr.,Intensive Basic Accounting,College of Business Administration,Accountancy Department,Professor,201810351,profile.man1.png,Contractual Part-time,2018-10-23,,4/6/2018 1:32:07,14/06/2023 14:21:52,
711,,Sophia,Ramos,sophiaramos@adamson.edu.ph,Ms.,Intensive Basic Accounting,College of Business Administration,Accountancy Department,Professor,201810352,profile.woman13.png,Contractual Part-time,2018-10-25,,1/1/2019 23:40:48,21/04/2023 23:28:44,
712,,Aiden,Dela Cruz,aidendelacruz@adamson.edu.ph,Mr.,Intensive Basic Accounting,College of Business Administration,Accountancy Department,Professor,201810353,profile.man2.png,Contractual Full-time,2018-10-25,,16/08/2018 02:53:26,02/04/2023 0:21:03,
713,,Harper,Gonzales,harpergonzales@adamson.edu.ph,Ms.,Intensive Basic Accounting,College of Business Administration,Accountancy Department,Professor,201810354,profile.woman14.png,Permanent Full-time,2018-10-26,,1/2/2019 14:51:57,27/04/2023 22:43:38,
714,,Elizabeth,Cruz,elizabethcruz@adamson.edu.ph,Ms.,Nutrition and Food Science,College of Business Administration,Hospitality Management Department,Professor,201810355,profile.woman15.png,Permanent Full-time,2018-10-27,,26/05/2018 05:15:58,22/04/2023 03:03:50,
715,,Amelia,Dela Cruz,ameliadelacruz@adamson.edu.ph,Ms.,Nutrition and Food Science,College of Business Administration,Hospitality Management Department,Professor,201810356,profile.woman16.png,Permanent Full-time,2018-10-27,,27/06/2018 14:44:43,22/06/2023 00:24:42,
716,,Henry,Mendoza,henrymendoza@adamson.edu.ph,Mr.,Nutrition and Food Science,College of Business Administration,Hospitality Management Department,Professor,201810357,profile.man3.png,Contractual Part-time,2018-10-27,,4/1/2018 21:04:42,17/02/2023 09:59:08,
717,,Olivia,Santiago,oliviasantiago@adamson.edu.ph,Mr.,Nutrition and Food Science,College of Business Administration,Hospitality Management Department,Professor,201810358,profile.man4.png,Contractual Full-time,2018-10-28,,1/12/2018 20:10:17,08/06/2023 19:05:37,
718,,Evelyn,Abad,evelynabad@adamson.edu.ph,Ms.,Nutrition and Food Science,College of Business Administration,Hospitality Management Department,Professor,201810359,profile.woman5.png,Contractual Full-time,2018-10-28,,12/8/2018 1:01:43,16/01/2023 20:58:07,
719,,Elijah,Reyes,elijahreyes@adamson.edu.ph,Mr.,Nutrition and Food Science,College of Business Administration,Hospitality Management Department,Professor,201810360,profile.man5.png,Contractual Part-time,2018-10-29,,10/3/2018 22:08:06,09/03/2023 18:19:05,
720,,Alexander,Dela Rosa,alexanderdelarosa@adamson.edu.ph,Mr.,Nutrition and Food Science,College of Business Administration,Hospitality Management Department,Professor,201810361,profile.man6.png,Contractual Full-time,2018-10-30,,23/11/2018 19:20:07,02/03/2023 5:51:16,
721,,Emily,Dela Cruz,emilydelacruz@adamson.edu.ph,Ms.,Advanced Interactive Marketing and Measurement.,College of Business Administration,Management and Marketing Department,Professor,201810362,profile.woman17.png,Special Lecturer,2018-11-2,,26/01/2018 07:31:58,05/03/2023 5:34:27,
722,,Mia,Garcia,miagarcia@adamson.edu.ph,Ms.,Advanced Interactive Marketing and Measurement.,College of Business Administration,Management and Marketing Department,Professor,201810363,profile.woman18.png,Contractual Part-time,2018-11-3,,24/09/2019 15:07:21,27/06/2023 09:16:12,
723,,Liam,Santos,liamsantos@adamson.edu.ph,Mr.,Advanced Interactive Marketing and Measurement.,College of Business Administration,Management and Marketing Department,Professor,201810364,profile.man7.png,Contractual Part-time,2018-11-3,,10/2/2019 14:00:34,26/01/2023 14:29:54,
724,,Sophia,Mendoza,sophiamendoza@adamson.edu.ph,Mr.,Advanced Interactive Marketing and Measurement.,College of Business Administration,Management and Marketing Department,Professor,201810365,profile.man8.png,Contractual Full-time,2018-11-4,,24/10/2019 16:12:09,23/02/2023 23:33:39,
725,,Grace,Dela Cruz,gracedelacruz@adamson.edu.ph,Ms.,Landscape Architecture,College of Architecture,Architecture Department,Professor,201810366,profile.woman19.png,Contractual Full-time,2018-11-6,,30/07/2019 08:25:43,28/01/2023 13:28:43,
726,,Harper,Cruz,harpercruz@adamson.edu.ph,Ms.,Landscape Architecture,College of Architecture,Architecture Department,Professor,201810367,profile.woman20.png,Contractual Part-time,2018-11-7,,6/11/2018 15:59:40,20/03/2023 14:10:11,
727,,Amelia,Garcia,ameliagarcia@adamson.edu.ph,Ms.,Landscape Architecture,College of Architecture,Architecture Department,Professor,201810368,profile.woman1.png,Contractual Full-time,2018-11-8,,19/08/2018 06:39:41,12/04/2023 23:42:42,
728,,William,Dela Rosa,williamdelarosa@adamson.edu.ph,Mr.,Landscape Architecture,College of Architecture,Architecture Department,Professor,201810369,profile.man9.png,Contractual Part-time,2018-11-8,,29/08/2018 06:34:28,01/05/2023 19:26:15,
729,,Noah,Reyes,noahreyes@adamson.edu.ph,Mr.,Landscape Architecture,College of Architecture,Architecture Department,Professor,201810370,profile.man10.png,Contractual Full-time,2018-11-14,,9/8/2018 10:29:13,17/03/2023 09:54:55,
730,,Benjamin,Dela Cruz,benjamindelacruz@adamson.edu.ph,Ms.,Landscape Architecture,College of Architecture,Architecture Department,Professor,201810371,profile.woman2.png,Contractual Part-time,2018-11-14,,21/03/2019 11:01:23,24/06/2023 06:34:14,
731,,Samuel,Ramos,samuelramos@adamson.edu.ph,Mr.,Landscape Architecture,College of Architecture,Architecture Department,Professor,201810372,profile.man11.png,Contractual Full-time,2018-11-14,,14/03/2018 08:42:00,22/04/2023 02:56:30,
732,,Ava,Fernandez,avafernandez@adamson.edu.ph,Ms.,Landscape Architecture,College of Architecture,Architecture Department,Professor,201810373,profile.woman3.png,Contractual Part-time,2018-11-15,,19/12/2018 10:30:49,21/06/2023 04:20:07,
733,,Elizabeth,Gonzalez,elizabethgonzalez@adamson.edu.ph,Mr.,Landscape Architecture,College of Architecture,Architecture Department,Professor,201810374,profile.man12.png,Contractual Full-time,2018-11-16,,8/12/2019 8:48:16,12/05/2023 10:19:59,
734,,Mia,Dela Cruz,miadelacruz@adamson.edu.ph,Ms.,Landscape Architecture,College of Architecture,Architecture Department,Professor,201810375,profile.woman4.png,Contractual Part-time,2018-11-16,,5/7/2018 17:31:21,08/04/2023 16:50:16,
735,,Sophia,Sandoval,sophiasandoval@adamson.edu.ph,Mr.,Landscape Architecture,College of Architecture,Architecture Department,Professor,201810376,profile.man13.png,Contractual Full-time,2018-11-19,,22/01/2019 01:21:05,27/01/2023 23:47:25,
736,,Olivia,Dela Cruz,oliviadelacruz@adamson.edu.ph,Ms.,Landscape Architecture,College of Architecture,Architecture Department,Professor,201810377,profile.woman5.png,Contractual Part-time,2018-11-22,,24/02/2019 07:51:46,28/03/2023 10:09:10,
737,,Charlotte,Cruz,charlottecruz@adamson.edu.ph,Ms.,Architectural Technology,College of Architecture,Architecture Department,Professor,201810378,profile.woman6.png,Contractual Full-time,2018-11-25,,29/03/2018 05:35:50,12/01/2023 21:41:23,
738,,Henry,Villanueva,henryvillanueva@adamson.edu.ph,Mr.,Architectural Technology,College of Architecture,Architecture Department,Professor,201810379,profile.man13.png,Contractual Part-time,2018-11-25,,4/7/2019 14:12:12,07/01/2023 19:41:57,
739,,Evelyn,Dela Cruz,evelyndelacruz@adamson.edu.ph,Ms.,Architectural Technology,College of Architecture,Architecture Department,Professor,201810380,profile.woman15.png,Contractual Full-time,2018-11-26,,14/12/2019 18:50:26,22/02/2023 00:57:30,
740,,Aiden,Dela Rosa,aidendelarosa@adamson.edu.ph,Ms.,Architectural Technology,College of Architecture,Architecture Department,Professor,201810381,profile.woman16.png,Permanent Full-time,2018-11-29,,3/11/2019 6:09:49,09/06/2023 14:18:06,
741,,Emma,Santos,emmasantos@adamson.edu.ph,Mr.,Architectural Technology,College of Architecture,Architecture Department,Professor,201810382,profile.man12.png,Contractual Full-time,2018-11-30,,13/12/2019 22:30:46,22/03/2023 07:49:55,
742,,Liam,Mendoza,liammendoza@adamson.edu.ph,Mr.,Architectural Technology,College of Architecture,Architecture Department,Professor,201810383,profile.man2.png,Contractual Part-time,2018-12-1,,24/07/2019 16:30:59,25/03/2023 14:00:49,
743,,Samuel,Fernandez,samuelfernandez@adamson.edu.ph,Mr.,Architectural Technology,College of Architecture,Architecture Department,Professor,201810384,profile.man9.png,Permanent Full-time,2018-12-2,,14/02/2018 03:12:14,09/03/2023 23:14:45,
744,,Mia,Cruz,miacruz@adamson.edu.ph,Ms.,Architectural Technology,College of Architecture,Architecture Department,Professor,201810385,profile.woman20.png,Contractual Full-time,2018-12-3,,1/12/2018 1:11:09,19/03/2023 17:30:30,
745,,Grace,Dela Cruz,gracedelacruz@adamson.edu.ph,Ms.,Architectural Technology,College of Architecture,Architecture Department,Professor,201810386,profile.woman15.png,Contractual Part-time,2018-12-4,,6/6/2018 3:23:42,19/01/2023 14:15:58,
746,,Harper,Martinez,harpermartinez@adamson.edu.ph,Mr.,Architectural Technology,College of Architecture,Architecture Department,Professor,201810387,profile.woman6.png,Permanent Full-time,2018-12-4,,31/05/2018 15:38:13,27/03/2023 03:02:10,
747,,Sophia,Sison,sophiasison@adamson.edu.ph,Ms.,Architectural Technology,College of Architecture,Architecture Department,Professor,201810388,profile.woman8.png,Contractual Full-time,2018-12-4,,25/10/2018 07:57:49,18/02/2023 13:25:24,
748,,James,Gonzales,jamesgonzales@adamson.edu.ph,Mr.,Architectural Technology,College of Architecture,Architecture Department,Professor,201810389,profile.man15.png,Contractual Part-time,2018-12-5,,18/04/2018 01:45:03,26/04/2023 20:52:15,
749,,William,Sarmiento,williamsarmiento@adamson.edu.ph,Mr.,General Chemistry,College of Science,Chemistry Department,Professor,202110019,profile.man19.png,Contractual Part-time,2021-1-1,,25/02/2018 06:24:40,07/05/2023 22:23:29,
750,,Alexander,Jimenez,alexanderjimenez@adamson.edu.ph,Mr.,General Chemistry,College of Science,Chemistry Department,Professor,202110020,profile.man20.png,Contractual Full-time,2021-1-1,,5/11/2018 23:45:44,29/01/2023 10:25:29,
751,,Evelyn,Mendoza,evelynmendoza@adamson.edu.ph,Mr.,General Chemistry,College of Science,Chemistry Department,Professor,202110021,profile.man1,Contractual Part-time,2021-1-2,,5/6/2018 6:28:49,09/04/2023 12:00:23,
752,,James,Tizon,jamestizon@adamson.edu.ph,Ms.,General Chemistry,College of Science,Chemistry Department,Professor,202110022,profile.woman2.png,Contractual Full-time,2021-1-3,,4/3/2023 15:32:00,11/30/2023 12:35,
753,,Grace,Navarro,gracenavarro@adamson.edu.ph,Mr.,General Chemistry,College of Science,Chemistry Department,Professor,202110023,profile.man3.png,Contractual Part-time,2021-1-6,,4/17/2023 14:59:00,12/1/2023 13:43,
754,,Elijah,Gutierrez,elijahgutierrez@adamson.edu.ph,Ms.,General Chemistry,College of Science,Chemistry Department,Professor,202110024,profile.woman4.png,Permanent Full-time,2021-1-9,,9/1/2022 13:49:00,7/10/2023 13:13,
755,,Michael,Rivera,michaelrivera@adamson.edu.ph,Mr.,General Chemistry,College of Science,Chemistry Department,Professor,202110025,profile.man5.png,Contractual Part-time,2021-1-9,,9/13/2022 10:27:00,7/25/2023 13:41,
756,,Abigail,Abad,abigailabad@adamson.edu.ph,Ms.,General Chemistry,College of Science,Chemistry Department,Professor,202110026,profile.woman6.png,Contractual Part-time,2021-1-13,,12/16/2022 8:24:00,10/13/2023 15:17,
757,,Elizabeth,Villa,elizabethvilla@adamson.edu.ph,Ms.,General Chemistry,College of Science,Chemistry Department,Professor,202110027,profile.woman7.png,Contractual Full-time,2021-1-14,,12/27/2022 16:18:00,10/17/2023 15:39,
758,,Daniel,Dizon,danieldizon@adamson.edu.ph,Mr.,General Chemistry,College of Science,Chemistry Department,Professor,202110028,profile.man8.png,Contractual Part-time,2021-1-17,,2/22/2023 17:55:00,10/27/2023 17:03,
759,,Madison,Sandoval,madisonsandoval@adamson.edu.ph,Mr.,General Chemistry,College of Science,Chemistry Department,Professor,202110029,profile.man9.png,Contractual Part-time,2021-1-20,,4/3/2023 18:21:00,10/31/2023 17:38,
760,,Joseph,Tan,josephtan@adamson.edu.ph,Ms.,General Chemistry,College of Science,Chemistry Department,Professor,202110030,profile.woman10.png,Permanent Full-time,2021-1-21,,2/16/2018 19:23:00,11/9/2023 13:31,
761,,Ella,Lim,ellalim@adamson.edu.ph,Mr.,General Chemistry,College of Science,Chemistry Department,Professor,202110031,profile.man11.png,Contractual Part-time,2021-1-27,,9/10/2018 20:07:00,11/22/2023 14:32,
762,,Chloe,Santiago,chloesantiago@adamson.edu.ph,Ms.,General Chemistry,College of Science,Chemistry Department,Professor,202110032,profile.woman12.png,Contractual Full-time,2021-1-29,,12/17/2018 14:59:00,11/27/2023 10:03,
763,,Jack,Aquino,jackaquino@adamson.edu.ph,Ms.,General Chemistry,College of Science,Chemistry Department,Professor,202110033,profile.woman13.png,Contractual Part-time,2021-1-30,,2/22/2019 16:02:00,11/29/2023 10:56,
764,,David,Diaz,daviddiaz@adamson.edu.ph,Ms.,General Chemistry,College of Science,Chemistry Department,Professor,202110034,profile.woman14.png,Contractual Full-time,2021-1-31,,12/13/2019 17:15:00,11/30/2023 7:24,
765,,Matthew,Del Rosario,matthewdelarosario@adamson.edu.ph,Mr.,General Chemistry,College of Science,Chemistry Department,Professor,202110035,profile.man15.png,Contractual Part-time,2021-2-2,,12/16/2019 18:07:00,12/12/2023 8:51,
766,,Lily,Dela Rosa,lilydelarosa@adamson.edu.ph,Mr.,General Chemistry,College of Science,Chemistry Department,Professor,202110036,profile.man16.png,Contractual Full-time,2021-2-4,,3/5/2020 9:29:00,6/30/2023 16:06,
767,,Sofia,Ocampo,sofiaocampo@adamson.edu.ph,Ms.,General Chemistry,College of Science,Chemistry Department,Professor,202110037,profile.woman17.png,Contractual Part-time,2021-2-6,,5/12/2020 8:45:00,7/17/2023 17:42,
768,,Emily,Peralta,emilyperalta@adamson.edu.ph,Mr.,General Chemistry,College of Science,Chemistry Department,Professor,202110038,profile.man18.png,Contractual Full-time,2021-2-7,,6/18/2020 8:12:00,7/18/2023 17:38,
769,,Scarlett,Rojas,scarlettrojas@adamson.edu.ph,Mr.,General Chemistry,College of Science,Chemistry Department,Professor,202110039,profile.man19.png,Contractual Part-time,2021-2-10,,9/28/2020 7:29:00,7/27/2023 18:04,
770,,Ava,Sison,avasison@adamson.edu.ph,Mr.,General Chemistry,College of Science,Chemistry Department,Professor,202110040,profile.man20.png,Permanent Full-time,2021-2-12,,1/28/2021 14:59:00,7/31/2023 18:20,
771,,Lily,Abella,lilyabella@adamson.edu.ph,Mr.,General Chemistry,College of Science,Chemistry Department,Professor,202110041,profile.man1.png,Contractual Full-time,2021-2-12,,3/9/2021 16:16:00,8/7/2023 10:18,
772,,Chloe,Dela Rosa,chloedelarosa@adamson.edu.ph,Ms.,Pharmacology,College of Nursing,Pharmacy Department,Professor,202110042,profile.woman2.png,Contractual Full-time,2021-2-14,,4/6/2021 19:28:00,8/22/2023 12:03,
773,,Jack,Hernandez,jackhernandez@adamson.edu.ph,Mr.,Pharmacology,College of Nursing,Pharmacy Department,Professor,202110043,profile.man3.png,Permanent Full-time,2021-2-21,,5/4/2021 22:40:00,9/6/2023 13:48,
774,,William,Sandoval,williamsandoval@adamson.edu.ph,Mr.,Pharmacology,College of Nursing,Pharmacy Department,Professor,202110044,profile.man4.png,Contractual Part-time,2021-2-21,,5/5/2021 20:37:00,8/28/2023 8:40,
775,,Sofia,Gutierrez,sofiagutierrez@adamson.edu.ph,Ms.,Pharmacology,College of Nursing,Pharmacy Department,Professor,202110045,profile.woman5.png,Contractual Full-time,2021-2-22,,9/8/2021 19:32:00,9/5/2023 10:04,
776,,Madison,Rojas,madisonrojas@adamson.edu.ph,Ms.,Pharmacology,College of Nursing,Pharmacy Department,Professor,202110046,profile.woman6.png,Contractual Part-time,2021-2-23,,10/12/2021 20:52:00,10/4/2023 13:41,
777,,Joseph,Lim,josephlim@adamson.edu.ph,Ms.,Pharmacology,College of Nursing,Pharmacy Department,Professor,202110047,profile.woman7.png,Contractual Full-time,2021-2-25,,11/29/2021 14:54:00,10/9/2023 15:10,
778,,Ella,Gonzalez,ellagonzalez@adamson.edu.ph,Mr.,Pharmacology,College of Nursing,Pharmacy Department,Professor,202110048,profile.man8.png,Permanent Full-time,2021-2-25,,3/30/2022 10:55:00,10/13/2023 17:38,
779,,Harper,Gutierrez,harpergutierrez@adamson.edu.ph,Mr.,Pharmacology,College of Nursing,Pharmacy Department,Professor,202110049,profile.man9.png,Contractual Part-time,2021-2-26,,7/13/2022 8:31:00,10/23/2023 17:59,
780,,Emily,Santiago,emilysantiago@adamson.edu.ph,Mr.,Pharmacology,College of Nursing,Pharmacy Department,Professor,202110050,profile.man10.png,Contractual Full-time,2021-2-27,,9/2/2022 11:30:00,10/24/2023 18:17,
781,,Scarlett,Villanueva,scarlettvillanueva@adamson.edu.ph,Ms.,Pharmacology,College of Nursing,Pharmacy Department,Professor,202110051,profile.woman11.png,Permanent Part-time,2021-3-2,,12/7/2022 12:45:00,10/25/2023 19:15,
782,,Matthew,Aquino,matthewaquino@adamson.edu.ph,Mr.,Pharmacology,College of Nursing,Pharmacy Department,Professor,202110052,profile.man12.png,Contractual Part-time,2021-3-5,,1/3/2023 14:54:00,11/7/2023 19:38,
783,,David,Sarmiento,davidsarmiento@adamson.edu.ph,Mr.,Pharmacology,College of Nursing,Pharmacy Department,Professor,202110053,profile.man13.png,Contractual Full-time,2021-3-8,,1/9/2023 16:02:00,11/9/2023 20:42,
784,,Lily,Cruz,lilycruz@adamson.edu.ph,Ms.,Pharmacology,College of Nursing,Pharmacy Department,Professor,202110054,profile.woman14.png,Permanent Part-time,2021-3-9,,2/23/2018 8:39:00,12/12/2023 10:43,
785,,Chloe,Paredes,chloeparedes@adamson.edu.ph,Ms.,Pharmacology,College of Nursing,Pharmacy Department,Professor,202110055,profile.woman15.png,Contractual Part-time,2021-3-13,,24/02/2018 18:00:05,03/05/2023 5:34:23,
786,,Jack,Pascua,jackpascua@adamson.edu.ph,Ms.,Pharmacology,College of Nursing,Pharmacy Department,Professor,202110056,profile.woman16.png,Contractual Full-time,2021-3-14,,21/02/2019 10:45:12,26/02/2023 04:14:11,
787,,Sofia,Cruz,sofiacruz@adamson.edu.ph,Mr.,Pharmacology,College of Nursing,Pharmacy Department,Professor,202110057,profile.man17.png,Permanent Part-time,2021-3-14,,22/11/2018 05:52:35,23/01/2023 17:10:49,
788,,Madison,Dela Rosa,madisondelarosa@adamson.edu.ph,Ms.,Pharmacology,College of Nursing,Pharmacy Department,Professor,202110058,profile.woman18.png,Permanent Full-time,2021-3-15,,15/07/2019 23:44:42,10/01/2023 23:00:58,
789,,Joseph,Dela Cruz,josephdelacruz@adamson.edu.ph,Mr.,Pharmacology,College of Nursing,Pharmacy Department,Professor,202110059,profile.man19.png,Contractual Full-time,2021-3-15,,21/09/2019 09:20:35,13/02/2023 20:19:03,
790,,Ella,Dela Cruz,elladelacruz@adamson.edu.ph,Mr.,Pharmacology,College of Nursing,Pharmacy Department,Professor,202110060,profile.man20.png,Contractual Part-time,2021-3-16,,14/08/2019 18:10:35,29/03/2023 08:33:38,
791,,Harper,Sison,harpersison@adamson.edu.ph,Mr.,Pharmacology,College of Nursing,Pharmacy Department,Professor,202110061,profile.woman1.png,Contractual Part-time,2021-3-19,,3/10/2018 7:23:58,21/02/2023 21:37:10,
792,,Emily,Mendoza,emilymendoza@adamson.edu.ph,Ms.,Pharmacology,College of Nursing,Pharmacy Department,Professor,202110062,profile.woman2.png,Contractual Part-time,2021-3-20,,1/1/2019 20:24:43,15/04/2023 22:57:45,
793,,Scarlett,Gutierrez,scarlettgutierrez@adamson.edu.ph,Mr.,Pharmacology,College of Nursing,Pharmacy Department,Professor,202110063,profile.man3.png,Contractual Full-time,2021-3-20,,28/11/2019 23:08:22,02/03/2023 23:29:43,
794,,Matthew,Sandoval,matthewsandoval@adamson.edu.ph,Mr.,Pharmacology,College of Nursing,Pharmacy Department,Professor,202110064,profile.man4.png,Contractual Full-time,2021-3-21,,29/04/2018 19:23:16,16/02/2023 20:37:51,
795,,David,Reyes,davidreyes@adamson.edu.ph,Ms.,Manufacturing Engineering,College of Engineering ,Industrial Engineering Department,Professor,202110065,profile.woman5.png,Permanent Part-time,2021-3-22,,17/09/2018 03:02:39,18/05/2023 19:07:42,
796,,Lily,Dela Cruz,lilydelacruz@adamson.edu.ph,Ms.,Manufacturing Engineering,College of Engineering ,Industrial Engineering Department,Professor,202110066,profile.woman5.png,Contractual Full-time,2021-3-24,,19/11/2019 06:50:03,25/02/2023 16:32:32,
797,,Chloe,Villanueva,chloevillanueva@adamson.edu.ph,Mr.,Manufacturing Engineering,College of Engineering ,Industrial Engineering Department,Professor,202110067,profile.man6.png,Permanent Part-time,2021-3-24,,26/11/2019 01:28:35,27/02/2023 12:08:05,
798,,Jack,Cruz,jackcruz@adamson.edu.ph,Ms.,Manufacturing Engineering,College of Engineering ,Industrial Engineering Department,Professor,202110068,profile.woman7.png,Permanent Part-time,2021-3-25,,24/04/2019 20:50:02,28/06/2023 03:42:16,
799,,Sofia,Dela Rosa,sofiadelarosa@adamson.edu.ph,Mr.,Manufacturing Engineering,College of Engineering ,Industrial Engineering Department,Professor,202110069,profile.man8.png,Contractual Full-time,2021-3-26,,3/3/2019 11:35:02,03/06/2023 21:06:50,
800,,Madison,Aquino,madisonaquino@adamson.edu.ph,Mr.,Manufacturing Engineering,College of Engineering ,Industrial Engineering Department,Professor,202110070,profile.man9.png,Contractual Full-time,2021-3-28,,16/12/2018 03:14:42,11/02/2023 15:05:35,
801,,Joseph,Dela Cruz,josephdelacruz@adamson.edu.ph,Ms.,Manufacturing Engineering,College of Engineering ,Industrial Engineering Department,Professor,202110071,profile.woman10.png,Permanent Full-time,2021-3-31,,18/05/2019 07:54:24,02/05/2023 8:19:00,
802,,Ella,Santos,ellasantos@adamson.edu.ph,Ms.,Manufacturing Engineering,College of Engineering ,Industrial Engineering Department,Professor,202110072,profile.woman11.png,Permanent Full-time,2021-4-2,,1/11/2019 4:16:18,30/05/2023 20:50:16,
803,,Harper,Mendoza,harpermendoza@adamson.edu.ph,Ms.,Manufacturing Engineering,College of Engineering ,Industrial Engineering Department,Professor,202110073,profile.woman12.png,Permanent Part-time,2021-4-6,,7/7/2018 17:30:04,23/06/2023 02:17:29,
804,,Emily,Garcia,emilygarcia@adamson.edu.ph,Mr.,Manufacturing Engineering,College of Engineering ,Industrial Engineering Department,Professor,202110074,profile.man13.png,Permanent Part-time,2021-4-9,,12/5/2018 15:49:52,04/04/2023 22:23:41,
805,,Scarlett,Dela Cruz,scarlettdelacruz@adamson.edu.ph,Ms.,Manufacturing Engineering,College of Engineering ,Industrial Engineering Department,Professor,202110075,profile.woman14.png,Permanent Part-time,2021-4-15,,23/11/2019 09:29:04,22/05/2023 20:58:45,
806,,Matthew,Reyes,matthewreyes@adamson.edu.ph,Ms.,Manufacturing Engineering,College of Engineering ,Industrial Engineering Department,Professor,202110076,profile.woman15.png,Permanent Part-time,2021-4-16,,12/10/2018 5:03:02,13/03/2023 10:32:35,
807,,David,Dela Rosa,daviddelarosa@adamson.edu.ph,Mr.,Manufacturing Engineering,College of Engineering ,Industrial Engineering Department,Professor,202110077,profile.man16.png,Permanent Part-time,2021-4-16,,15/12/2019 04:17:03,12/06/2023 16:51:26,
808,,Lily,Santos,lilysantos@adamson.edu.ph,Ms.,Systems Engineering,College of Engineering ,Industrial Engineering Department,Professor,202110078,profile.man17.png,Permanent Part-time,2021-4-20,,28/06/2019 01:14:24,18/01/2023 03:41:38,
809,,Chloe,Mendoza,chloemendoza@adamson.edu.ph,Ms.,Systems Engineering,College of Engineering ,Industrial Engineering Department,Professor,202110079,profile.man18.png,Permanent Part-time,2021-4-22,,21/11/2019 03:23:52,13/01/2023 14:25:19,
810,,Jack,Dela Cruz,jackdelacruz@adamson.edu.ph,Mr.,Systems Engineering,College of Engineering ,Industrial Engineering Department,Professor,202110080,profile.man19.png,Contractual Full-time,2021-4-22,,17/02/2019 12:54:26,11/06/2023 20:42:15,
811,,Sofia,Mendoza,sofiamendoza@adamson.edu.ph,Mr.,Systems Engineering,College of Engineering ,Industrial Engineering Department,Professor,202110081,profile.man20.png,Contractual Full-time,2021-4-25,,15/08/2019 10:34:48,06/04/2023 10:40:05,
812,,Madison,Santiago,madisonsantiago@adamson.edu.ph,Ms.,Systems Engineering,College of Engineering ,Industrial Engineering Department,Professor,202110082,profile.woman1.png,Permanent Full-time,2021-4-26,,27/06/2018 22:32:15,27/05/2023 17:19:31,
813,,Joseph,Santos,josephsantos@adamson.edu.ph,Mr.,Systems Engineering,College of Engineering ,Industrial Engineering Department,Professor,202110083,profile.man2.png,Permanent Full-time,2021-4-26,,11/9/2018 14:25:40,15/03/2023 21:02:59,
814,,Ella,Cruz,ellacruz@adamson.edu.ph,Ms.,Systems Engineering,College of Engineering ,Industrial Engineering Department,Professor,202110084,profile.woman3.png,Permanent Full-time,2021-4-27,,11/12/2019 9:29:04,20/02/2023 18:57:38,
815,,Harper,Aquino,harperaquino@adamson.edu.ph,Ms.,Systems Engineering,College of Engineering ,Industrial Engineering Department,Professor,202110085,profile.woman4.png,Permanent Full-time,2021-4-28,,23/01/2019 14:33:45,05/05/2023 0:29:24,
816,,Emily,Reyes,emilyreyes@adamson.edu.ph,Mr.,Systems Engineering,College of Engineering ,Industrial Engineering Department,Professor,202110086,profile.man5.png,Contractual Part-time,2021-4-29,,30/11/2018 12:33:04,17/01/2023 03:11:56,
817,,Scarlett,Castillo,scarlettcastillo@adamson.edu.ph,Ms.,Systems Engineering,College of Engineering ,Industrial Engineering Department,Professor,202110087,profile.woman6.png,Permanent Full-time,2021-4-30,,29/12/2018 10:15:34,22/01/2023 19:00:46,
818,,Matthew,Dela Cruz,matthewdelacruz@adamson.edu.ph,Ms.,Reliability Engineering,College of Engineering ,Industrial Engineering Department,Professor,202110088,profile.woman7.png,Contractual Full-time,2021-5-2,,30/07/2019 08:25:43,28/01/2023 13:28:43,
819,,David,Garcia,davidgarcia@adamson.edu.ph,Mr.,Reliability Engineering,College of Engineering ,Industrial Engineering Department,Professor,202110089,profile.man8.png,Contractual Full-time,2021-5-4,,6/11/2018 15:59:40,20/03/2023 14:10:11,
820,,Lily,Dela Rosa,lilydelarosa@adamson.edu.ph,Ms.,Reliability Engineering,College of Engineering ,Industrial Engineering Department,Professor,202110090,profile.woman9.png,Contractual Part-time,2021-5-5,,19/08/2018 06:39:41,12/04/2023 23:42:42,
821,,Chloe,Reyes,chloereyes@adamson.edu.ph,Mr.,Reliability Engineering,College of Engineering ,Industrial Engineering Department,Professor,202110091,profile.man10.png,Contractual Part-time,2021-5-5,,29/08/2018 06:34:28,01/05/2023 19:26:15,
822,,Jack,Pascual,jackpascual@adamson.edu.ph,Ms.,Reliability Engineering,College of Engineering ,Industrial Engineering Department,Professor,202110092,profile.woman11.png,Contractual Part-time,2021-5-9,,9/8/2018 10:29:13,17/03/2023 09:54:55,
823,,Sofia,Santiago,sofiasantiago@adamson.edu.ph,Mr.,Reliability Engineering,College of Engineering ,Industrial Engineering Department,Professor,202110093,profile.man12.png,Permanent Full-time,2021-5-10,,21/03/2019 11:01:23,24/06/2023 06:34:14,
824,,Madison,Dela Rosa,madisondelacruz@adamson.edu.ph,Ms.,Reliability Engineering,College of Engineering ,Industrial Engineering Department,Professor,202110094,profile.woman13.png,Permanent Full-time,2021-5-12,,14/03/2018 08:42:00,22/04/2023 02:56:30,
825,,Joseph,Garcia,josephgarcia@adamson.edu.ph,Mr.,Reliability Engineering,College of Engineering ,Industrial Engineering Department,Professor,202110095,profile.man14.png,Contractual Part-time,2021-5-19,,19/12/2018 10:30:49,21/06/2023 04:20:07,
826,,Ella,Dela Rosa,elladelarosa@adamson.edu.ph,Ms.,Reliability Engineering,College of Engineering ,Industrial Engineering Department,Professor,202110096,profile.woman15.png,Contractual Full-time,2021-5-19,,8/12/2019 8:48:16,12/05/2023 10:19:59,
827,,Harper,Dela Cruz,harperdelacruz@adamson.edu.ph,Mr.,Microelectronics,College of Engineering ,Elecrtrical Engineering Department,Professor,202110097,profile.man16.png,Contractual Full-time,2021-5-21,,5/7/2018 17:31:21,08/04/2023 16:50:16,
828,,Emily,Dela Cruz,emilydelacruz@adamson.edu.ph,Ms.,Microelectronics,College of Engineering ,Elecrtrical Engineering Department,Professor,202110098,profile.woman17.png,Permanent Full-time,2021-5-21,,22/01/2019 01:21:05,27/01/2023 23:47:25,
829,,Scarlett,Rojas,scarlettrojas@adamson.edu.ph,Mr.,Microelectronics,College of Engineering ,Elecrtrical Engineering Department,Professor,202110099,profile.man18.png,Contractual Full-time,2021-5-23,,24/02/2019 07:51:46,28/03/2023 10:09:10,
830,,Matthew,Lim,matthewlim@adamson.edu.ph,Ms.,Microelectronics,College of Engineering ,Elecrtrical Engineering Department,Professor,202110100,profile.woman18.png,Contractual Part-time,2021-5-25,,29/03/2018 05:35:50,12/01/2023 21:41:23,
831,,David,Perez,davidperez@adamson.edu.ph,Mr.,Microelectronics,College of Engineering ,Elecrtrical Engineering Department,Professor,202110101,profile.man19.png,Permanent Part-time,2021-5-26,,4/7/2019 14:12:12,07/01/2023 19:41:57,
832,,Lily,Gonzalez,lilygonzalez@adamson.edu.ph,Ms.,Microelectronics,College of Engineering ,Elecrtrical Engineering Department,Professor,202110102,profile.woman19.png,Contractual Part-time,2021-5-26,,14/12/2019 18:50:26,22/02/2023 00:57:30,
833,,Chloe,Aquino,chloeaquino@adamson.edu.ph,Mr.,Microelectronics,College of Engineering ,Elecrtrical Engineering Department,Professor,202110103,profile.man20.png,Permanent Full-time,2021-5-30,,3/11/2019 6:09:49,09/06/2023 14:18:06,
834,,Jack,Sison,jacksison@adamson.edu.ph,Ms.,Microelectronics,College of Engineering ,Elecrtrical Engineering Department,Professor,202110104,profile.woman20.png,Guest Lecturer,2021-6-2,,13/12/2019 22:30:46,22/03/2023 07:49:55,
835,,Sofia,Gutierrez,sofiagutierrez@adamson.edu.ph,Mr.,Microelectronics,College of Engineering ,Elecrtrical Engineering Department,Professor,202110105,profile.man1.png,Contractual Full-time,2021-6-3,,24/07/2019 16:30:59,25/03/2023 14:00:49,
836,,Madison,Dela Rosa,madisondelarosa@adamson.edu.ph,Ms.,Microelectronics,College of Engineering ,Elecrtrical Engineering Department,Professor,202110106,profile.woman1.png,Permanent Full-time,2021-6-4,,14/02/2018 03:12:14,09/03/2023 23:14:45,
837,,Joseph,Santos,josephsantos@adamson.edu.ph,Mr.,Microelectronics,College of Engineering ,Elecrtrical Engineering Department,Professor,202110107,profile.man2.png,Permanent Full-time,2021-6-5,,1/12/2018 1:11:09,19/03/2023 17:30:30,
838,,Ella,Dela Cruz,elladelacruz@adamson.edu.ph,Ms.,Microelectronics,College of Engineering ,Elecrtrical Engineering Department,Professor,202110108,profile.woman2.png,Contractual Part-time,2021-6-5,,6/6/2018 3:23:42,19/01/2023 14:15:58,
839,,Harper,Mendoza,harpermendoza@adamson.edu.ph,Mr.,Electromagnetism,College of Engineering ,Elecrtrical Engineering Department,Professor,202110109,profile.man3.png,Contractual Part-time,2021-6-6,,31/05/2018 15:38:13,27/03/2023 03:02:10,
840,,Emily,Villanueva,emilyvillanueva@adamson.edu.ph,Ms.,Electromagnetism,College of Engineering ,Elecrtrical Engineering Department,Professor,202110110,profile.woman3.png,Contractual Full-time,2021-6-6,,25/10/2018 07:57:49,18/02/2023 13:25:24,
841,,Scarlett,Abad,scarlettabad@adamson.edu.ph,Mr.,Electromagnetism,College of Engineering ,Elecrtrical Engineering Department,Professor,202110111,profile.man4.png,Permanent Full-time,2021-6-7,,18/04/2018 01:45:03,26/04/2023 20:52:15,
842,,Matthew,Mendoza,matthewmendoza@adamson.edu.ph,Ms.,Electromagnetism,College of Engineering ,Elecrtrical Engineering Department,Professor,202110112,profile.woman4.png,Permanent Full-time,2021-6-12,,25/02/2018 06:24:40,07/05/2023 22:23:29,
843,,David,Garcia,davidgarcia@adamson.edu.ph,Mr.,Electromagnetism,College of Engineering ,Elecrtrical Engineering Department,Professor,202110113,profile.man5.png,Permanent Full-time,2021-6-12,,5/11/2018 23:45:44,29/01/2023 10:25:29,
844,,Lily,Dela Cruz,lilydelacruz@adamson.edu.ph,Ms.,Electromagnetism,College of Engineering ,Elecrtrical Engineering Department,Professor,202110114,profile.woman5.png,Contractual Part-time,2021-6-15,,5/6/2018 6:28:49,09/04/2023 12:00:23,
845,,Chloe,Cruz,chloecruz@adamson.edu.ph,Mr.,Electromagnetism,College of Engineering ,Elecrtrical Engineering Department,Professor,202110115,profile.man6.png,Contractual Full-time,2021-6-16,,3/5/2019 8:37:39,09/05/2023 14:18:30,
846,,Jack,Rojas,jackrojas@adamson.edu.ph,Ms.,Electromagnetism,College of Engineering ,Elecrtrical Engineering Department,Professor,202110116,profile.woman6.png,Contractual Full-time,2021-6-16,,3/2/2018 21:36:53,30/03/2023 20:54:32,
847,,Sofia,Dela Cruz,sofiadelacruz@adamson.edu.ph,Mr.,Electromagnetism,College of Engineering ,Elecrtrical Engineering Department,Professor,202110117,profile.man7.png,Contractual Part-time,2021-6-17,,20/06/2018 00:55:10,14/05/2023 13:51:45,
848,,Madison,Lim,madisonlim@adamson.edu.ph,Ms.,Electromagnetism,College of Engineering ,Elecrtrical Engineering Department,Professor,202110118,profile.woman7.png,Contractual Full-time,2021-6-17,,12/7/2018 21:49:56,16/04/2023 01:48:49,
849,,Joseph,Santiago,josephsantiago@adamson.edu.ph,Mr.,Electromagnetism,College of Engineering ,Elecrtrical Engineering Department,Professor,202110119,profile.man8.png,Special Lecturer,2021-6-18,,13/06/2018 08:37:10,19/04/2023 01:27:00,
850,,Ella,Dela Cruz,elladelacruz@adamson.edu.ph,Ms.,Structuring Engineering,College of Engineering ,Civil Engineering Department,Professor,202110120,profile.woman9.png,Contractual Part-time,2021-6-19,,5/1/2019 22:45:38,29/05/2023 04:18:36,
851,,Harper,Villanueva,harpervillanueva@adamson.edu.ph,Mr.,Structuring Engineering,College of Engineering ,Civil Engineering Department,Professor,202110121,profile.man9.png,Contractual Part-time,2021-6-20,,28/04/2018 15:35:52,24/01/2023 22:26:24,
852,,Emily,Dela Rosa,emilydelarosa@adamson.edu.ph,Ms.,Structuring Engineering,College of Engineering ,Civil Engineering Department,Professor,202110122,profile.woman10.png,Contractual Full-time,2021-6-21,,22/05/2019 22:42:07,23/04/2023 09:12:41,
853,,Scarlett,Dela Cruz,scarlettdelacruz@adamson.edu.ph,Mr.,Structuring Engineering,College of Engineering ,Civil Engineering Department,Professor,202110123,profile.man11.png,Contractual Full-time,2021-6-24,,3/3/2018 18:21:36,25/04/2023 08:55:48,
854,,Matthew,Garcia,matthewgarcia@adamson.edu.ph,Ms.,Structuring Engineering,College of Engineering ,Civil Engineering Department,Professor,202110124,profile.woman11.png,Contractual Part-time,2021-6-24,,24/09/2019 18:47:24,24/05/2023 14:03:13,
855,,David,Dela Cruz,davidreyes@adamson.edu.ph,Mr.,Structuring Engineering,College of Engineering ,Civil Engineering Department,Professor,202110125,profile.man12.png,Contractual Full-time,2021-6-25,,17/11/2019 17:20:25,15/06/2023 21:26:28,
856,,Lily,Dela Cruz,lilydelacruz@adamson.edu.ph,Ms.,Structuring Engineering,College of Engineering ,Civil Engineering Department,Professor,202110126,profile.woman12.png,Contractual Part-time,2021-6-28,,17/11/2018 06:56:06,27/04/2023 13:39:38,
857,,Chloe,Cruz,chloevillanueva@adamson.edu.ph,Mr.,Structuring Engineering,College of Engineering ,Civil Engineering Department,Professor,202110127,profile.man13.png,Contractual Full-time,2021-6-29,,18/07/2018 23:17:34,02/06/2023 18:03:21,
858,,Jack,Santiago,jackcruz@adamson.edu.ph,Ms.,Structuring Engineering,College of Engineering ,Civil Engineering Department,Professor,202110128,profile.woman13.png,Contractual Part-time,2021-6-30,,7/5/2018 10:54:15,07/06/2023 14:12:57,
859,,Sofia,Sandoval,sofiadelarosa@adamson.edu.ph,Mr.,Structuring Engineering,College of Engineering ,Civil Engineering Department,Professor,202110129,profile.man14.png,Contractual Full-time,2021-7-3,,16/01/2019 02:46:53,01/04/2023 1:20:37,
860,,Madison,Cruz,madisonaquino@adamson.edu.ph,Ms.,Structuring Engineering,College of Engineering ,Civil Engineering Department,Professor,202110130,profile.woman14.png,Contractual Part-time,2021-7-5,,2/3/2018 21:18:26,08/01/2023 17:00:47,
861,,Joseph,Mendoza,josephdelacruz@adamson.edu.ph,Mr.,Structuring Engineering,College of Engineering ,Civil Engineering Department,Professor,202110131,profile.man15.png,Contractual Full-time,2021-7-8,,6/7/2018 14:59:34,26/05/2023 13:31:20,
862,,Ella,Dela Cruz,ellasantos@adamson.edu.ph,Ms.,Structuring Engineering,College of Engineering ,Civil Engineering Department,Professor,202110132,profile.woman15.png,Contractual Part-time,2021-7-15,,18/08/2018 07:09:12,03/04/2023 16:27:48,
863,,Harper,Dela Rosa,harpermendoza@adamson.edu.ph,Mr.,Sociology,College of Education and Liberal Arts,Social Science Department,Professor,202110133,profile.man16.png,Contractual Full-time,2021-7-16,,26/02/2018 19:20:11,14/02/2023 14:52:02,
864,,Emily,Cruz,emilygarcia@adamson.edu.ph,Ms.,Sociology,College of Education and Liberal Arts,Social Science Department,Professor,202110134,profile.woman16.png,Contractual Part-time,2021-7-17,,29/05/2018 10:18:42,31/05/2023 06:32:22,
865,,Scarlett,Dela Cruz,scarlettreyes@adamson.edu.ph,Mr.,Sociology,College of Education and Liberal Arts,Social Science Department,Professor,202110135,profile.man17.png,Contractual Full-time,2021-7-18,,6/12/2019 20:43:56,01/06/2023 10:50:03,
866,,Matthew,Dela Cruz,matthewdelacruz@adamson.edu.ph,Ms.,Sociology,College of Education and Liberal Arts,Social Science Department,Professor,202110136,profile.woman17.png,Contractual Part-time,2021-7-18,,1/4/2019 21:59:28,03/02/2023 17:37:15,
867,,David,Dela Rosa,daviddelarosa@adamson.edu.ph,Mr.,Sociology,College of Education and Liberal Arts,Social Science Department,Professor,202110137,profile.man18.png,Contractual Full-time,2021-7-19,,10/11/2019 13:01:18,25/01/2023 21:18:21,
868,,Lily,Dela Cruz,lilydelacruz@adamson.edu.ph,Ms.,Sociology,College of Education and Liberal Arts,Social Science Department,Professor,202110138,profile.woman18.png,Permanent Full-time,2021-7-21,,22/06/2018 15:29:52,27/06/2023 10:12:29,
869,,Chloe,Dela Rosa,chloedelarosa@adamson.edu.ph,Mr.,Sociology,College of Education and Liberal Arts,Social Science Department,Professor,202110139,profile.man19.png,Contractual Full-time,2021-7-22,,15/05/2019 13:00:29,14/04/2023 13:49:22,
870,,Jack,Dela Rosa,jackdelarosa@adamson.edu.ph,Ms.,Sociology,College of Education and Liberal Arts,Social Science Department,Professor,202110140,profile.woman10.png,Contractual Part-time,2021-7-24,,28/05/2018 13:15:48,31/03/2023 05:42:07,
871,,Sofia,Abad,sofiaabad@adamson.edu.ph,Mr.,Sociology,College of Education and Liberal Arts,Social Science Department,Professor,202110141,profile.man20.png,Permanent Full-time,2021-7-25,,11/11/2018 11:33:03,06/02/2023 17:34:41,
872,,Madison,Fernandez,madisonfernandez@adamson.edu.ph,Ms.,Sociology,College of Education and Liberal Arts,Social Science Department,Professor,202110142,profile.woman20.png,Contractual Full-time,2021-7-28,,5/7/2019 21:58:42,20/04/2023 23:04:57,
873,,Joseph,Garcia,josephgarcia@adamson.edu.ph,Mr.,Sociology,College of Education and Liberal Arts,Social Science Department,Professor,202110143,profile.man1.png,Contractual Part-time,2021-7-29,,10/5/2018 22:01:02,12/03/2023 9:28:10,
874,,Ella,Dela Rosa,elladelarosa@adamson.edu.ph,Ms.,Sociology,College of Education and Liberal Arts,Social Science Department,Professor,202110144,profile.woman1.png,Permanent Full-time,2021-7-30,,2/12/2019 23:14:20,31/01/2023 10:27:52,
875,,Harper,Reyes,harperreyes@adamson.edu.ph,Mr.,Sociology,College of Education and Liberal Arts,Social Science Department,Professor,202110145,profile.man2.png,Contractual Full-time,2021-7-31,,28/01/2018 18:06:47,20/06/2023 06:09:25,
876,,Emily,Pascual,emilypascual@adamson.edu.ph,Ms.,Sociology,College of Education and Liberal Arts,Social Science Department,Professor,202110146,profile.woman2.png,Contractual Part-time,2021-8-1,,23/03/2019 03:23:52,18/04/2023 06:22:35,
877,,Scarlett,Santiago,scarlettsantiago@adamson.edu.ph,Mr.,Applied Linguistics,College of Education and Liberal Arts,Languages Department,Professor,202110147,profile.man3.png,Contractual Part-time,2021-8-2,,13/08/2018 08:45:01,28/04/2023 00:10:08,
878,,Matthew,Gonzales,matthewgonzales@adamson.edu.ph,Ms.,Applied Linguistics,College of Education and Liberal Arts,Languages Department,Professor,202110148,profile.woman3.png,Permanent Full-time,2021-8-2,,29/06/2019 16:25:56,08/06/2023 0:41:51,
879,,David,Dela Cruz,daviddelacruz@adamson.edu.ph,Mr.,Applied Linguistics,College of Education and Liberal Arts,Languages Department,Professor,202110149,profile.man4.png,Contractual Full-time,2021-8-5,,1/5/2019 18:56:40,07/02/2023 17:42:59,
880,,Lily,Cruz,lilycruz@adamson.edu.ph,Ms.,Applied Linguistics,College of Education and Liberal Arts,Languages Department,Professor,202110150,profile.woman4.png,Contractual Part-time,2021-8-8,,10/8/2019 13:49:43,30/04/2023 00:13:00,
881,,Chloe,Aquino,chloeaquino@adamson.edu.ph,Ms.,Applied Linguistics,College of Education and Liberal Arts,Languages Department,Professor,202110151,profile.woman5.png,Permanent Full-time,2021-8-9,,31/01/2019 20:53:59,21/05/2023 12:05:53,
882,,Jack,Dela Cruz,jackdelacruz@adamson.edu.ph,Mr.,Applied Linguistics,College of Education and Liberal Arts,Languages Department,Professor,202110152,profile.man5.png,Contractual Full-time,2021-8-10,,15/06/2019 23:37:31,14/01/2023 01:14:01,
883,,Sofia,Dela Cruz,sofiadelacruz@adamson.edu.ph,Ms.,Applied Linguistics,College of Education and Liberal Arts,Languages Department,Professor,202110153,profile.woman6.png,Contractual Part-time,2021-8-15,,15/01/2018 05:44:12,17/02/2023 22:54:35,
884,,Madison,Garcia,madisongarcia@adamson.edu.ph,Ms.,Applied Linguistics,College of Education and Liberal Arts,Languages Department,Professor,202110154,profile.woman7.png,Permanent Full-time,2021-8-20,,6/1/2019 13:15:02,11/03/2023 4:23:30,
885,,Joseph,Mendoza,josephmendoza@adamson.edu.ph,Mr.,Applied Linguistics,College of Education and Liberal Arts,Languages Department,Professor,202110155,profile.man6.png,Contractual Full-time,2021-8-20,,23/10/2018 21:18:00,09/05/2023 21:44:55,
886,,Ella,Santos,ellasantos@adamson.edu.ph,Mrs.,Applied Linguistics,College of Education and Liberal Arts,Languages Department,Professor,202110156,profile.woman8.png,Contractual Part-time,2021-8-21,,19/02/2018 19:51:37,18/01/2023 01:49:31,
887,,Harper,Dela Cruz,harperdelacruz@adamson.edu.ph,Mrs.,Applied Linguistics,College of Education and Liberal Arts,Languages Department,Professor,202110157,profile.woman9.png,Permanent Full-time,2021-8-25,,23/06/2019 09:13:30,23/05/2023 19:00:10,
888,,Emily,Dela Cruz,emilydelacruz@adamson.edu.ph,Mrs.,Applied Linguistics,College of Education and Liberal Arts,Languages Department,Professor,202110158,profile.woman10.png,Permanent Full-time,2021-8-26,,5/1/2018 2:18:13,05/04/2023 13:16:13,
889,,Scarlett,Dela Rosa,scarlettdelarosa@adamson.edu.ph,Ms.,Applied Linguistics,College of Education and Liberal Arts,Languages Department,Professor,202110159,profile.woman11.png,Contractual Full-time,2021-8-26,,11/12/2019 10:38:34,23/01/2023 02:41:51,
890,,Matthew,Dela Cruz,matthewdelacruz@adamson.edu.ph,Mr.,Applied Linguistics,College of Education and Liberal Arts,Languages Department,Professor,202110160,profile.man7.png,Contractual Part-time,2021-8-28,,26/10/2018 04:43:06,21/01/2023 02:49:27,
891,,David,Santos,davidsantos@adamson.edu.ph,Mr.,Applied Linguistics,College of Education and Liberal Arts,Languages Department,Professor,202110161,profile.man8.png,Contractual Full-time,2021-8-30,,23/05/2019 21:41:42,09/02/2023 21:56:30,
892,,Lily,Mendoza,lilymendoza@adamson.edu.ph,Ms.,Journalism ,College of Education and Liberal Arts,Communication Department,Professor,202110162,profile.woman9.png,Contractual Part-time,2021-8-31,,14/10/2018 01:08:46,27/02/2023 17:37:05,
893,,Chloe,Dela Cruz,chloedelacruz@adamson.edu.ph,Ms.,Stategic Communication,College of Education and Liberal Arts,Communication Department,Professor,202110163,profile.woman10.png,Contractual Full-time,2021-8-31,,10/8/2018 7:52:40,11/04/2023 13:34:35,
894,,Jack,Santiago,jacksantiago@adamson.edu.ph,Mr.,Stategic Communication,College of Education and Liberal Arts,Communication Department,Professor,202110164,profile.man10.png,Contractual Part-time,2021-9-2,,2/5/2019 19:56:51,07/02/2023 10:25:16,
895,,Sofia,Dela Rosa,sofiadelarosa@adamson.edu.ph,Ms.,Journalism ,College of Education and Liberal Arts,Communication Department,Professor,202110165,profile.woman11.png,Contractual Full-time,2021-9-3,,19/10/2019 02:45:44,30/01/2023 19:17:28,
896,,Madison,Dela Cruz,madisondelacruz@adamson.edu.ph,Ms.,Business Communication,College of Education and Liberal Arts,Communication Department,Professor,202110166,profile.woman12.png,Contractual Part-time,2021-9-4,,16/01/2018 03:07:39,21/02/2023 11:38:49,
897,,Joseph,Mendoza,josephmendoza@adamson.edu.ph,Mr.,Journalism ,College of Education and Liberal Arts,Communication Department,Professor,202110167,profile.man11.png,Contractual Full-time,2021-9-5,,25/04/2018 04:41:38,03/05/2023 9:22:06,
898,,Ella,Santiago,ellasantiago@adamson.edu.ph,Ms.,Stategic Communication,College of Education and Liberal Arts,Communication Department,Professor,202110168,profile.woman13.png,Contractual Part-time,2021-9-5,,24/12/2018 09:37:01,03/03/2023 9:11:28,
899,,Harper,Abad,harperabad@adamson.edu.ph,Ms.,Stategic Communication,College of Education and Liberal Arts,Communication Department,Professor,202110169,profile.woman14.png,Contractual Full-time,2021-9-6,,21/08/2018 13:50:07,01/02/2023 18:22:41,
900,,Emily,Reyes,emilyreyes@adamson.edu.ph,Mrs.,Journalism ,College of Education and Liberal Arts,Communication Department,Professor,202110170,profile.woman15.png,Contractual Part-time,2021-9-8,,11/10/2019 23:49:44,27/05/2023 05:07:26,
901,,Scarlett,Dela Rosa,scarlettdelarosa@adamson.edu.ph,Mrs.,Business Communication,College of Education and Liberal Arts,Communication Department,Professor,202110171,profile.woman16.png,Permanent Full-time,2021-9-9,,28/07/2019 09:58:58,15/05/2023 21:17:15,
902,,Matthew,Dela Cruz,matthewdelacruz@adamson.edu.ph,Mr.,Journalism ,College of Education and Liberal Arts,Communication Department,Professor,202110172,profile.man12.png,Contractual Part-time,2021-9-10,,17/08/2019 18:51:46,07/05/2023 17:14:01,
903,,David,Garcia,davidgarcia@adamson.edu.ph,Mr.,Stategic Communication,College of Education and Liberal Arts,Communication Department,Professor,202110173,profile.man13.png,Contractual Part-time,2021-9-11,,7/11/2018 21:53:02,16/06/2023 15:43:24,
904,,Lily,Dela Cruz,lilydelacruz@adamson.edu.ph,Ms.,Stategic Communication,College of Education and Liberal Arts,Communication Department,Professor,202110174,profile.woman17.png,Contractual Full-time,2021-9-12,,6/4/2019 19:11:11,17/04/2023 12:10:55,
905,,Chloe,Santos,chloesantos@adamson.edu.ph,Ms.,Journalism ,College of Education and Liberal Arts,Communication Department,Professor,202110175,profile.woman18.png,Contractual Part-time,2021-9-12,,4/12/2019 13:23:02,20/04/2023 02:49:39,
906,,Jack,Mendoza,jackmendoza@adamson.edu.ph,Mr.,Nutrition and Food Science,College of Business Administration,Hospitality Management Department,Professor,202110176,profile.man14.png,Contractual Part-time,2021-9-12,,25/11/2019 09:38:11,08/02/2023 16:55:11,
907,,Sofia,Dela Cruz,sofiadelacruz@adamson.edu.ph,Ms.,Nutrition and Food Science,College of Business Administration,Hospitality Management Department,Professor,202110177,profile.woman19.png,Permanent Full-time,2021-9-13,,10/1/2019 13:21:56,25/06/2023 11:17:20,
908,,Madison,Dela Cruz,madisondelacruz@adamson.edu.ph,Ms.,Nutrition and Food Science,College of Business Administration,Hospitality Management Department,Professor,202110178,profile.woman20.png,Contractual Part-time,2021-9-15,,24/07/2018 17:16:50,28/01/2023 17:21:14,
909,,Joseph,Dela Rosa,josephdelarosa@adamson.edu.ph,Mr.,Nutrition and Food Science,College of Business Administration,Hospitality Management Department,Professor,202110179,profile.man15.png,Contractual Full-time,2021-9-18,,26/03/2019 08:42:35,01/01/2023 0:11:09,
910,,Ella,Dela Cruz,elladelacruz@adamson.edu.ph,"Ms,",Nutrition and Food Science,College of Business Administration,Hospitality Management Department,Professor,202110180,profile.woman1.png,Contractual Part-time,2021-9-19,,7/3/2018 20:24:34,29/01/2023 10:07:39,
911,,Harper,Reyes,harperreyes@adamson.edu.ph,Mrs.,Nutrition and Food Science,College of Business Administration,Hospitality Management Department,Professor,202110181,profile.woman2.png,Contractual Full-time,2021-9-21,,19/09/2018 18:19:25,08/03/2023 13:46:28,
912,,Emily,Ramos,emilyramos@adamson.edu.ph,Mrs.,Nutrition and Food Science,College of Business Administration,Hospitality Management Department,Professor,202110182,profile.woman3.png,Contractual Part-time,2021-9-25,,22/09/2018 23:43:51,18/04/2023 06:15:38,
913,,Scarlett,Fernandez,scarlettfernandez@adamson.edu.ph,Mrs.,Nutrition and Food Science,College of Business Administration,Hospitality Management Department,Professor,202110183,profile.woman4.png,Contractual Full-time,2021-9-27,,2/8/2019 3:19:58,30/04/2023 22:53:34,
914,,Matthew,Gonzalez,matthewgonzalez@adamson.edu.ph,Mr.,Nutrition and Food Science,College of Business Administration,Hospitality Management Department,Professor,202110184,profile.man16.png,Contractual Part-time,2021-9-28,,8/4/2019 4:11:40,27/03/2023 07:46:56,
915,,David,Cruz,davidcruz@adamson.edu.ph,Mr.,Nutrition and Food Science,College of Business Administration,Hospitality Management Department,Professor,202110185,profile.man17.png,Contractual Full-time,2021-9-30,,4/6/2018 1:32:07,14/06/2023 14:21:52,
916,,Lily,Dela Cruz,lilydelacruz@adamson.edu.ph,Ms.,Nutrition and Food Science,College of Business Administration,Hospitality Management Department,Professor,202110186,profile.woman5.png,Contractual Part-time,2021-10-2,,1/1/2019 23:40:48,21/04/2023 23:28:44,
917,,Chloe,Sandoval,chloesandoval@adamson.edu.ph,Ms.,Nutrition and Food Science,College of Business Administration,Hospitality Management Department,Professor,202110187,profile.woman5.png,Permanent Full-time,2021-10-3,,16/08/2018 02:53:26,02/04/2023 0:21:03,
918,,Jack,Cruz,jackcruz@adamson.edu.ph,Mr.,Nutrition and Food Science,College of Business Administration,Hospitality Management Department,Professor,202110188,profile.man18.png,Contractual Full-time,2021-10-5,,1/2/2019 14:51:57,27/04/2023 22:43:38,
919,,Sofia,Martinez,sofiamartinez@adamson.edu.ph,Ms.,Merket Research,College of Business Administration,Management and Marketing Department,Professor,202110189,profile.woman6.png,Contractual Full-time,2021-10-7,,26/05/2018 05:15:58,22/04/2023 03:03:50,
920,,Madison,Dela Cruz,madisondelacruz@adamson.edu.ph,Mrs.,Merket Research,College of Business Administration,Management and Marketing Department,Professor,202110190,profile.woman7.png,Permanent Full-time,2021-10-9,,27/06/2018 14:44:43,22/06/2023 00:24:42,
921,,Joseph,Dela Cruz,josephdelacruz@adamson.edu.ph,Mr.,Merket Research,College of Business Administration,Management and Marketing Department,Professor,202110191,profile.man19.png,Contractual Part-time,2021-10-11,,4/1/2018 21:04:42,17/02/2023 09:59:08,
922,,Ella,Santos,ellasantos@adamson.edu.ph,Ms.,Merket Research,College of Business Administration,Management and Marketing Department,Professor,202110192,profile.woman8.png,Contractual Full-time,2021-10-12,,1/12/2018 20:10:17,08/06/2023 19:05:37,
923,,Harper,Mendoza,harpermendoza@adamson.edu.ph,Ms.,Merket Research,College of Business Administration,Management and Marketing Department,Professor,202110193,profile.woman9.png,Contractual Part-time,2021-10-13,,12/8/2018 1:01:43,16/01/2023 20:58:07,
924,,Emily,Fernandez,emilyfernandez@adamson.edu.ph,Ms.,Merket Research,College of Business Administration,Management and Marketing Department,Professor,202110194,profile.woman10.png,Contractual Full-time,2021-10-17,,10/3/2018 22:08:06,09/03/2023 18:19:05,
925,,Scarlett,Cruz,scarlettdelacruz@adamson.edu.ph,Ms.,Brand Management,College of Business Administration,Management and Marketing Department,Professor,202110195,profile.woman11.png,Permanent Full-time,2021-10-20,,23/11/2018 19:20:07,02/03/2023 5:51:16,
926,,Matthew,Dela Cruz,matthewdelacruz@adamson.edu.ph,Mr.,Brand Management,College of Business Administration,Management and Marketing Department,Professor,202110196,profile.man20.png,Contractual Part-time,2021-10-21,,26/01/2018 07:31:58,05/03/2023 5:34:27,
927,,David,Martinez,davidmartinez@adamson.edu.ph,Mr.,Brand Management,College of Business Administration,Management and Marketing Department,Professor,202110197,profile.man1.png,Contractual Full-time,2021-10-21,,24/09/2019 15:07:21,27/06/2023 09:16:12,
928,,Lily,Sison,lilysison@adamson.edu.ph,Ms.,Brand Management,College of Business Administration,Management and Marketing Department,Professor,202110198,profile.woman12.png,Permanent Part-time,2021-10-25,,10/2/2019 14:00:34,26/01/2023 14:29:54,
929,,Chloe,Gonzales,chloegonzales@adamson.edu.ph,Mrs.,Brand Management,College of Business Administration,Management and Marketing Department,Professor,202110199,profile.woman13.png,Contractual Part-time,2021-10-25,,24/10/2019 16:12:09,23/02/2023 23:33:39,
930,,Jack,Dela Cruz,jackdelacruz@adamson.edu.ph,Mr.,Accounting,College of Business Administration,Accounting Department,Professor,202110200,profile.man2.png,Contractual Full-time,2021-10-25,,30/07/2019 08:25:43,28/01/2023 13:28:43,
931,,Sofia,Dela Cruz,sofiadelacruz@adamson.edu.ph,Ms.,Accounting,College of Business Administration,Accounting Department,Professor,202110201,profile.woman14.png,Permanent Part-time,2021-10-26,,6/11/2018 15:59:40,20/03/2023 14:10:11,
932,,Madison,Villanueva,madisonvillanueva@adamson.edu.ph,Ms.,Accounting,College of Business Administration,Accounting Department,Professor,202110202,profile.woman15.png,Contractual Part-time,2021-10-30,,19/08/2018 06:39:41,12/04/2023 23:42:42,
933,,Joseph,Dela Cruz,josephdelacruz@adamson.edu.ph,Mr.,Accounting,College of Business Administration,Accounting Department,Professor,202110203,profile.man3.png,Contractual Full-time,2021-11-1,,29/08/2018 06:34:28,01/05/2023 19:26:15,
934,,Ella,Dela Rosa,elladelarosa@adamson.edu.ph,Ms.,Accounting,College of Business Administration,Accounting Department,Professor,202110204,profile.woman16.png,Permanent Part-time,2021-11-2,,9/8/2018 10:29:13,17/03/2023 09:54:55,
935,,Harper,Santос,harpersantoc@adamson.edu.ph,Ms.,Accounting,College of Business Administration,Accounting Department,Professor,202110205,profile.woman17.png,Permanent Full-time,2021-11-2,,21/03/2019 11:01:23,24/06/2023 06:34:14,
936,,Emily,Mendoza,emilymendoza@adamson.edu.ph,Ms.,Accounting,College of Business Administration,Accounting Department,Professor,202110206,profile.woman18.png,Contractual Full-time,2021-11-4,,14/03/2018 08:42:00,22/04/2023 02:56:30,
937,,Scarlett,Garcia,scarlettgarcia@adamson.edu.ph,Ms.,Accounting,College of Business Administration,Accounting Department,Professor,202110207,profile.woman19.png,Contractual Part-time,2021-11-4,,19/12/2018 10:30:49,21/06/2023 04:20:07,
938,,Matthew,Dela Cruz,matthewdelacruz@adamson.edu.ph,Mr.,Accounting,College of Business Administration,Accounting Department,Professor,202110208,profile.man4.png,Contractual Part-time,2021-11-5,,8/12/2019 8:48:16,12/05/2023 10:19:59,
939,,David,Cruz,davidcruz@adamson.edu.ph,Mr.,Accounting,College of Business Administration,Accounting Department,Professor,202110209,profile.man5.png,Contractual Part-time,2021-11-8,,5/7/2018 17:31:21,08/04/2023 16:50:16,
940,,Lily,Dela Cruz,lilymendelacruz@adamson.edu.ph,Ms.,Accounting,College of Business Administration,Accounting Department,Professor,202110210,profile.woman20.png,Contractual Full-time,2021-11-9,,22/01/2019 01:21:05,27/01/2023 23:47:25,
941,,Chloe,Santiago,chloesantiago@adamson.edu.ph,Ms.,Interior Design,College of Architecture,Architecture Department,Professor,202110211,profile.woman1.png,Contractual Full-time,2021-11-14,,24/02/2019 07:51:46,28/03/2023 10:09:10,
942,,Jack,Dela Cruz,jackdelacruz@adamson.edu.ph,Mr.,Interior Design,College of Architecture,Architecture Department,Professor,202110212,profile.man6.png,Permanent Part-time,2021-11-15,,29/03/2018 05:35:50,12/01/2023 21:41:23,
943,,Sofia,Villanueva,sofiavillanueva@adamson.edu.ph,Ms.,Interior Design,College of Architecture,Architecture Department,Professor,202110213,profile.woman2.png,Contractual Full-time,2021-11-16,,4/7/2019 14:12:12,07/01/2023 19:41:57,
944,,Madison,Dela Rosa,madisondelacruz@adamson.edu.ph,Ms.,Interior Design,College of Architecture,Architecture Department,Professor,202110214,profile.woman3.png,Permanent Part-time,2021-11-16,,14/12/2019 18:50:26,22/02/2023 00:57:30,
945,,Joseph,Dela Cruz,josephdelacruz@adamson.edu.ph,Mr.,Interior Design,College of Architecture,Architecture Department,Professor,202110215,profile.woman4.png,Permanent Part-time,2021-11-17,,3/11/2019 6:09:49,09/06/2023 14:18:06,
946,,Ella,Dela Cruz,elladelacruz@adamson.edu.ph,Ms.,Interior Design,College of Architecture,Architecture Department,Professor,202110216,profile.woman5.png,Contractual Full-time,2021-11-18,,13/12/2019 22:30:46,22/03/2023 07:49:55,
947,,Harper,Cruz,harpercruz@adamson.edu.ph,Ms.,Interior Design,College of Architecture,Architecture Department,Professor,202110217,profile.woman6.png,Contractual Full-time,2021-11-19,,24/07/2019 16:30:59,25/03/2023 14:00:49,
948,,Emily,Dela Rosa,emilydelarosa@adamson.edu.ph,Ms.,Interior Design,College of Architecture,Architecture Department,Professor,202110218,profile.woman16.png,Permanent Full-time,2021-11-20,,14/02/2018 03:12:14,09/03/2023 23:14:45,
949,,Scarlett,Dela Cruz,scarlettdelacruz@adamson.edu.ph,Ms.,Interior Design,College of Architecture,Architecture Department,Professor,202110219,profile.woman17.png,Permanent Full-time,2021-11-21,,1/12/2018 1:11:09,19/03/2023 17:30:30,
950,,Matthew,Dela Cruz,matthewsdelacruz@adamson.edu.ph,Mr.,Interior Design,College of Architecture,Architecture Department,Professor,202110220,profile.man5.png,Permanent Part-time,2021-11-21,,6/6/2018 3:23:42,19/01/2023 14:15:58,
951,,David,Abad,davidabad@adamson.edu.ph,Mr.,Interior Design,College of Architecture,Architecture Department,Professor,202110221,profile.man12.png,Permanent Part-time,2021-11-25,,31/05/2018 15:38:13,27/03/2023 03:02:10,
952,,Lily,Fernandez,lilyfernandez@adamson.edu.ph,Mrs.,Interior Design,College of Architecture,Architecture Department,Professor,202110222,profile.woman8.png,Permanent Part-time,2021-11-28,,25/10/2018 07:57:49,18/02/2023 13:25:24,
953,,Chloe,Garcia,chloegarcia@adamson.edu.ph,Ms.,Interior Design,College of Architecture,Architecture Department,Professor,202110223,profile.woman14.png,Permanent Part-time,2021-11-29,,18/04/2018 01:45:03,26/04/2023 20:52:15,
954,,Jack,Dela Rosa,jackdelarosa@adamson.edu.ph,Mr.,Interior Design,College of Architecture,Architecture Department,Professor,202110224,profile.man6.png,Permanent Part-time,2021-11-30,,25/02/2018 06:24:40,07/05/2023 22:23:29,
955,,Sofia,Reyes,sofiareyes@adamson.edu.ph,Ms.,Interior Design,College of Architecture,Architecture Department,Professor,202110225,profile.woman2.png,Permanent Part-time,2021-12-2,,5/11/2018 23:45:44,29/01/2023 10:25:29,
956,,Madison,Pascual,madisonpascual@adamson.edu.ph,Ms.,Interior Design,College of Architecture,Architecture Department,Professor,202110226,profile.woman4.png,Permanent Part-time,2021-12-3,,5/6/2018 6:28:49,09/04/2023 12:00:23,
957,,Joseph,Santiago,josephsantiago@adamson.edu.ph,Mr.,Interior Design,College of Architecture,Architecture Department,Professor,202110227,profile.man7.png,Contractual Full-time,2021-12-4,,4/3/2023 15:32:00,11/30/2023 12:35,
958,,Ella,Dela Cruz,elladelacruz@adamson.edu.ph,Ms.,Interior Design,College of Architecture,Architecture Department,Professor,202110228,profile.woman7.png,Contractual Full-time,2021-12-5,,4/17/2023 14:59:00,12/1/2023 13:43,
959,,Harper,Dela Cruz,harperdelacruz@adamson.edu.ph,Ms.,Interior Design,College of Architecture,Architecture Department,Professor,202110229,profile.woman.13.png,Permanent Full-time,2021-12-6,,9/1/2022 13:49:00,7/10/2023 13:13,
960,,Venusmar,Quevedo,venusmarquevedo@adamson.edu.ph,Engr. ,Industrial Engineering,Academic Office,Office of the Vice President of Administration,VPA,202110230,profile.woman2.png,Permanent Full-time,2021-12-7,,9/13/2022 10:27:00,7/25/2023 13:41,
961,,Richmond,Yap,richmondyap@adamson.edu.ph,Mr.,Psychology,Academic Office ,Human Resource Management and Development Office ,Director,202110231,profile.man6.png,Permanent Full-time,2021-12-10,,12/16/2022 8:24:00,10/13/2023 15:17,
962,,Danielle,Palmes,daniellepalmes@adamson.edu.ph,Ms.,Computer Science,Academic Office ,Warehouse Control and Inventory Office,Director,202110232,profile.woman18.png,Permanent Full-time,2021-12-11,,12/27/2022 16:18:00,10/17/2023 15:39,
963,,Jennifer,Sumagaysay,jennifersumagaysay@adamson.edu.ph,Ms.,"BSIT, MIT",Academic Office ,Center for Innovative Learning,Director,202110233,profile.woman19.png,Permanent Full-time,2021-12-12,,2/22/2023 17:55:00,10/27/2023 17:03,
964,,Francis Ilyon,Regalado,francisilyonregalado@adamson.edu.ph,Mr.,Accounting,Academic Office ,Registrar's Office,Director,202110234,profile.man12.png,Permanent Full-time,2021-12-13,,4/3/2023 18:21:00,10/31/2023 17:38,
965,,Laurence James,Collado,laurencejamescollado@adamson.edu.ph,Mr.,Arts and Education,Academic Office ,Cultural Affairs Office,Director,202110235,profile.man13.png,Permanent Full-time,2021-12-15,,2/16/2018 19:23:00,11/9/2023 13:31,
966,,Rodney,Turqueza,rodneyturqueza@adamson.edu.ph,Mr.,Accounting,Academic Office ,Accounting Office ,Director,202110236,profile.man14.png,Permanent Full-time,2021-12-16,,9/10/2018 20:07:00,11/22/2023 14:32,
967,,Ralph,Sinlao,ralphsinlao@adamson.edu.ph,Mr.,Finance Management,Academic Office , Budget Office,Director,202110237,profile.man15.png,Permanent Full-time,2021-12-18,,12/17/2018 14:59:00,11/27/2023 10:03,
968,,Rainmier,Darang,rainmierdarang@adamson.edu.ph,Mr.,Accounting,Academic Office ,Cash Management Office ,Director,202110238,profile.man16.png,Permanent Full-time,2021-12-19,,2/22/2019 16:02:00,11/29/2023 10:56,
969,,Brandon,Casquejo,brandoncasquejo@adamson.edu.ph,Mr.,Political Science,Academic Office ,Office for Allied Services,Director,202110239,profile.man17.png,Permanent Full-time,2021-12-20,,12/13/2019 17:15:00,11/30/2023 7:24,
970,,Scott,Bermudo,scottbermudo@adamson.edu.ph,Mr.,Ordained Minister,Academic Office ,Campus Ministry Office,Director,202110240,profile.man18.png,Permanent Full-time,2021-12-20,,12/16/2019 18:07:00,12/12/2023 8:51,
971,,Michael,Bersamina,michaelbersamina@adamson.edu.ph,Mr.,Social Sciences,Academic Office ,Center for Research And Development,Director,202110241,profile.man19.png,Permanent Full-time,2021-12-21,,3/5/2020 9:29:00,6/30/2023 16:06,
972,,Janice,Ang,janiceyang@adamson.edu.ph,Ms.,Nursing,Academic Office ,Center for Health Services,Director,202110242,profile.woman20.png,Permanent Full-time,2021-12-25,,5/12/2020 8:45:00,7/17/2023 17:42,
973,,Carmela,Racelis,carmelaracelis@adamson.edu.ph,Mrs.,"BSIT, MIT",Academic Office ,Information Technology Center ,Director,202110243,profile.woman3.png,Permanent Full-time,2021-12-27,,6/18/2020 8:12:00,7/18/2023 17:38,
974,,Pamela,Mantuhac,pamelamantuhac@adamson.edu.ph,Ms.,Education,Academic Office ,Institutional Development and and External Affairs,Director,202110244,profile.man1.png,Permanent Full-time,2021-12-30,,9/28/2020 7:29:00,7/27/2023 18:04,
975,,Virgilio Leoncio,Lomotan,virgilioleonciolomotan@adamson.edu.ph,Engr.,Mechanical Engineering,Academic Office ,Physical Facilities and and General Services Office,Director,202110245,profile.man1.png,Permanent Full-time,2021-12-30,,1/28/2021 14:59:00,7/31/2023 18:20,