id,employee_id	,ay,semester,awolna,absences,student,peer,dean,chairperson,empstatus,overallstatus,image,created_at,updated_at
1,1,2018-2019,1st Semester,AWOL ,0,0,0,0,0,Permanent Full-time,0%,,2/23/2018 7:07:00,6/1/2023 7:36
2,2,2018-2019,1st Semester,N/A,7,4.91,4.84,4.73,4.26,Contractual Part-time,83.70%,,7/17/2018 7:36:00,7/26/2023 16:17
3,2,2018-2019,2nd Semester,N/A,4,4.49,4.83,3.56,4.36,Contractual Part-time,86.20%,,12/23/2019 8:26:00,8/3/2023 16:32
4,2,2019-2020,1st Semester,N/A,5,3.14,4.81,3.53,4.94,Contractual Part-time,82.10%,,1/1/2019 10:01:00,8/22/2023 16:46
5,2,2019-2020,2nd Semester,N/A,2,4.06,4.74,4.72,4.73,Contractual Part-time,91.25%,,1/6/2020 15:21:00,8/23/2023 16:53
6,2,2020-2021,1st Semester,N/A,7,3.01,4.83,3.21,4.61,Contractual Part-time,68.30%,,2/16/2020 15:40:00,8/30/2023 17:08
7,2,2020-2021,2nd Semester,N/A,3,2.77,4.07,4.13,4.42,Contractual Part-time,76.95%,,5/11/2021 17:26:00,9/5/2023 17:25
8,2,2021-2022,1st Semester,N/A,3,3.15,4.32,3.98,4.47,Contractual Part-time,79.60%,,8/4/2021 16:43:00,9/8/2023 17:36
9,2,2021-2022,2nd Semester,N/A,2,3.46,4.58,4.36,4.92,Contractual Part-time,86.60%,,8/26/2022 17:41:00,9/11/2023 18:38
10,2,2022-2023,1st Semester,N/A,7,3.3,4.49,3.63,4.73,Contractual Part-time,80.75%,,9/20/2022 19:23:00,9/19/2023 19:51
11,3,2018-2019,1st Semester,N/A,1,4.12,4.96,3.24,4.68,Permanent Full-time,85.00%,,12/16/2018 13:20:00,10/12/2023 20:00
12,3,2018-2019,2nd Semester,N/A,7,3.32,4.74,3.52,4.4,Permanent Full-time,69.90%,,3/2/2019 13:24:00,10/20/2023 20:54
13,3,2019-2020,1st Semester,N/A,3,4.17,4.12,4.07,4.78,Permanent Full-time,85.70%,,3/22/2019 14:22:00,10/27/2023 16:53
14,3,2019-2020,2nd Semester,N/A,5,2.88,4.03,4.17,4.14,Permanent Full-time,76.10%,,5/9/2020 14:56:00,11/27/2023 16:17
15,3,2020-2021,1st Semester,N/A,6,4.09,4.27,4.32,4.34,Permanent Full-time,80.10%,,6/13/2020 10:55:00,12/4/2023 15:16
16,3,2020-2021,2nd Semester,N/A,3,2.91,4.23,3.51,4.79,Permanent Full-time,77.20%,,9/13/2021 11:09:00,12/7/2023 13:08
17,3,2021-2022,1st Semester,N/A,6,2.56,4.33,3.55,4.7,Permanent Full-time,70.70%,,4/11/2021 12:26:00,12/20/2023 11:47
18,3,2021-2022,2nd Semester,N/A,7,2.66,4.14,4.19,4.45,Permanent Full-time,67.20%,,2/5/2022 13:03:00,6/6/2023 10:14
19,3,2022-2023,1st Semester,N/A,1,4.64,4.03,3.87,4.74,Permanent Full-time,86.40%,,2/19/2022 13:20:00,6/13/2023 10:47
20,4,2018-2019,1st Semester,N/A,1,4.5,4.91,4.96,4.26,Contractual Part-time,93.15%,,2/26/2018 8:26:00,6/15/2023 10:57
21,4,2018-2019,2nd Semester,N/A,3,4.2,4.45,4.99,4.12,Contractual Part-time,88.80%,,6/5/2019 9:25:00,6/21/2023 14:51
22,4,2019-2020,1st Semester,N/A,5,4.79,4.1,3.68,4.31,Contractual Part-time,84.40%,,2/4/2019 10:33:00,7/28/2023 16:17
23,4,2019-2020,2nd Semester,N/A,4,2.61,4.22,3.45,4.28,Contractual Part-time,72.80%,,2/8/2020 12:41:00,7/31/2023 16:46
24,4,2020-2021,1st Semester,N/A,6,4.21,4.07,3.03,4.65,Contractual Part-time,74.80%,,4/1/2020 12:42:00,8/17/2023 18:33
25,4,2020-2021,2nd Semester,N/A,2,1.27,4.27,4.8,4.69,Contractual Part-time,Subject for deliberation,,8/26/2021 13:44:00,8/31/2023 11:39
26,4,2021-2022,1st Semester,N/A,4,4.72,4.88,4.5,4.34,Contractual Part-time,92.20%,,10/23/2021 14:11:00,9/1/2023 13:01
27,4,2021-2022,2nd Semester,N/A,4,3.64,4.79,3.89,4.01,Contractual Part-time,81.65%,,11/20/2022 14:41:00,9/4/2023 14:20
28,4,2022-2023,1st Semester,N/A,7,4.84,4.87,4.62,4.71,Contractual Part-time,85.20%,,12/10/2022 17:25:00,9/5/2023 15:32
29,5,2018-2019,1st Semester,N/A,4,3.88,4.72,4.01,4.69,Contractual Full-time,86.50%,,9/22/2018 20:37:00,9/20/2023 7:37
30,5,2018-2019,2nd Semester,N/A,7,2.95,4.64,3.25,4.88,Contractual Full-time,68.60%,,2/4/2019 7:14:00,10/3/2023 9:46
31,5,2019-2020,1st Semester,N/A,5,3.67,4.18,3.72,4.16,Contractual Full-time,78.65%,,2/5/2019 8:05:00,10/10/2023 10:01
32,5,2019-2020,2nd Semester,N/A,4,3.73,4.26,3.04,4.35,Contractual Full-time,76.90%,,7/23/2020 8:59:00,10/20/2023 16:32
33,5,2020-2021,1st Semester,N/A,7,3.22,4.69,3.41,4.47,Contractual Full-time,68.95%,,11/25/2020 9:46:00,11/2/2023 17:16
34,5,2020-2021,2nd Semester,N/A,4,2.67,4.83,3.83,4.53,Contractual Full-time,79.30%,,12/17/2021 10:27:00,11/7/2023 20:00
35,5,2021-2022,1st Semester,N/A,1,3.1,4.76,3.7,4.87,Contractual Full-time,82.15%,,5/10/2021 10:58:00,11/9/2023 20:41
36,5,2021-2022,2nd Semester,N/A,5,2.69,4.43,3.64,4.4,Contractual Full-time,75.80%,,7/25/2022 11:01:00,11/10/2023 13:37
37,5,2022-2023,1st Semester,N/A,6,3.34,4.42,3.34,4.27,Contractual Full-time,71.85%,,7/26/2022 11:45:00,11/20/2023 9:50
38,6,2018-2019,1st Semester,N/A,1,4.2,4.24,4.49,4.97,Guest Lecturer,89.50%,,8/3/2018 13:20:00,12/7/2023 10:49
39,6,2018-2019,2nd Semester,N/A,2,2.81,4.99,4.67,4.42,Guest Lecturer,84.45%,,8/29/2019 14:10:00,12/12/2023 11:30
40,6,2019-2020,1st Semester,N/A,3,2.78,4.26,4.64,4.77,Guest Lecturer,82.25%,,3/27/2019 14:41:00,12/20/2023 13:09
41,6,2019-2020,2nd Semester,N/A,2,4.26,4.59,4.94,4.16,Guest Lecturer,89.75%,,4/5/2020 15:12:00,12/21/2023 15:25
42,6,2020-2021,1st Semester,N/A,1,4.77,4.29,3.14,4.44,Guest Lecturer,83.20%,,5/1/2020 16:43:00,12/26/2023 17:00
43,6,2020-2021,2nd Semester,N/A,6,4.31,4.15,3.76,4.12,Guest Lecturer,76.70%,,2/15/2021 13:44:00,6/19/2023 15:13
44,6,2021-2022,1st Semester,N/A,5,2.6,4.24,4.42,4.35,Guest Lecturer,78.05%,,7/4/2021 13:44:00,7/10/2023 7:46
45,6,2021-2022,2nd Semester,N/A,5,3.73,4.68,3.92,4.29,Guest Lecturer,83.10%,,8/9/2022 14:50:00,7/12/2023 8:14
46,6,2022-2023,1st Semester,N/A,1,3.67,4.9,4,4.06,Guest Lecturer,83.15%,,9/3/2022 10:53:00,7/17/2023 8:14
47,7,2018-2019,1st Semester,N/A,5,2.74,4.45,4.85,4.83,Permanent Full-time,84.35%,,10/29/2018 7:50:00,7/20/2023 9:29
48,7,2018-2019,2nd Semester,N/A,2,4.13,4.68,4.74,4.02,Permanent Full-time,87.85%,,12/12/2019 8:35:00,7/26/2023 9:06
49,7,2019-2020,1st Semester,N/A,1,3.92,4.69,3.78,4.81,Permanent Full-time,86.00%,,1/4/2019 9:34:00,7/27/2023 9:46
50,7,2019-2020,2nd Semester,N/A,5,3.36,4.67,4.55,4.1,Permanent Full-time,83.40%,,2/22/2020 9:34:00,8/10/2023 9:29
51,7,2020-2021,1st Semester,N/A,3,3.02,4.12,4.9,4.06,Permanent Full-time,80.50%,,4/16/2020 10:48:00,8/29/2023 7:38
52,7,2020-2021,2nd Semester,N/A,3,4.82,4.08,3.91,4.65,Permanent Full-time,87.30%,,5/6/2021 10:58:00,9/8/2023 10:10
53,7,2021-2022,1st Semester,N/A,4,3.36,4.62,4.58,4.67,Permanent Full-time,86.15%,,9/3/2021 12:36:00,9/12/2023 10:43
54,7,2021-2022,2nd Semester,N/A,2,3.67,4.05,3.43,4.6,Permanent Full-time,78.75%,,9/5/2022 13:24:00,9/18/2023 10:42
55,7,2022-2023,1st Semester,N/A,4,4.96,4.23,4.81,4.88,Permanent Full-time,94.40%,,12/10/2022 14:26:00,9/20/2023 11:00
56,8,2018-2019,1st Semester,N/A,7,3.37,4.78,3.54,4.22,Contractual Full-time,69.55%,,1/13/2018 15:21:00,10/5/2023 11:12
57,8,2018-2019,2nd Semester,N/A,5,2.93,4.09,4.08,4.3,Contractual Full-time,77.00%,,4/8/2019 10:22:00,10/6/2023 11:46
58,8,2019-2020,1st Semester,N/A,6,4.08,4.45,4.31,4.58,Contractual Full-time,82.10%,,6/24/2019 11:22:00,10/16/2023 11:44
59,8,2019-2020,2nd Semester,N/A,7,4.16,4.99,3.66,4.86,Contractual Full-time,78.35%,,9/14/2020 12:41:00,10/25/2023 10:43
60,8,2020-2021,1st Semester,N/A,5,2.99,4.73,3.96,4.14,Contractual Full-time,79.10%,,8/13/2020 14:46:00,11/13/2023 13:19
61,8,2020-2021,2nd Semester,N/A,7,1.51,4.3,4.34,4.72,Contractual Full-time,Subject for deliberation,,2/4/2021 16:43:00,11/23/2023 14:49
62,8,2021-2022,1st Semester,N/A,2,3.61,4.74,3.12,4.16,Contractual Full-time,78.15%,,4/20/2021 7:42:00,11/27/2023 14:10
63,8,2021-2022,2nd Semester,N/A,1,4.25,4.91,3.88,4.01,Contractual Full-time,85.25%,,4/27/2022 20:08:00,12/1/2023 17:33
64,8,2022-2023,1st Semester,N/A,3,4.02,4.32,4.35,4.5,Contractual Full-time,85.95%,,11/9/2022 18:07:00,12/4/2023 16:41
65,9,2018-2019,1st Semester,N/A,2,3.55,4,3.35,4.05,Permanent Full-time,74.75%,,11/29/2018 13:15:00,12/5/2023 17:09
66,9,2018-2019,2nd Semester,N/A,4,2.55,4.76,3.37,4.06,Permanent Full-time,73.70%,,2/24/2019 12:36:00,12/26/2023 18:26
67,9,2019-2020,1st Semester,N/A,3,4.56,4.42,4.66,4.35,Permanent Full-time,89.95%,,3/14/2019 12:36:00,12/28/2023 18:39
68,9,2019-2020,2nd Semester,N/A,2,3.72,4.9,4.69,4.32,Permanent Full-time,88.15%,,1/26/2020 9:55:00,6/5/2023 20:40
69,9,2020-2021,1st Semester,N/A,3,2.63,4.84,4.76,4.6,Permanent Full-time,84.15%,,4/30/2020 8:59:00,6/7/2023 12:45
70,9,2020-2021,2nd Semester,N/A,4,4.11,4.55,3.17,4.32,Permanent Full-time,80.75%,,5/1/2021 7:33:00,6/16/2023 10:10
71,9,2021-2022,1st Semester,N/A,4,3.5,4.16,4.02,4.55,Permanent Full-time,81.15%,,6/6/2021 15:08:00,7/13/2023 11:01
72,9,2021-2022,2nd Semester,N/A,4,3.41,4.26,3.61,4.3,Permanent Full-time,77.90%,,8/13/2022 7:42:00,7/31/2023 12:02
73,9,2022-2023,1st Semester,N/A,4,4.74,4.95,3.26,4.02,Permanent Full-time,84.85%,,9/21/2022 11:03:00,8/3/2023 13:42
74,10,2018-2019,1st Semester,N/A,1,3.76,4.35,3.5,4.58,Permanent Full-time,80.95%,,10/15/2018 11:35:00,8/10/2023 16:09
75,10,2018-2019,2nd Semester,N/A,5,4.56,4.99,4.87,4.99,Permanent Full-time,97.05%,,4/22/2019 12:37:00,8/11/2023 18:24
76,10,2019-2020,1st Semester,N/A,5,3.4,4.68,3.36,4.69,Permanent Full-time,80.65%,,12/17/2019 15:13:00,8/15/2023 19:42
77,10,2019-2020,2nd Semester,N/A,5,3.81,4.56,4.06,4.21,Permanent Full-time,83.20%,,12/18/2020 16:23:00,8/22/2023 20:55
78,10,2020-2021,1st Semester,N/A,3,3.24,4.86,3.19,4.26,Permanent Full-time,77.75%,,3/10/2020 18:50:00,8/25/2023 10:44
79,10,2020-2021,2nd Semester,N/A,4,2.68,4.79,4.26,4.5,Permanent Full-time,81.15%,,3/13/2021 19:14:00,9/7/2023 8:11
80,10,2021-2022,1st Semester,N/A,6,2.71,4.47,4.7,4.71,Permanent Full-time,82.95%,,6/11/2021 19:45:00,9/15/2023 8:40
81,10,2021-2022,2nd Semester,N/A,5,4.15,4.73,3.38,4.97,Permanent Full-time,86.15%,,6/12/2022 20:56:00,9/19/2023 9:23
82,10,2022-2023,1st Semester,N/A,5,2.54,4.08,4.18,4.6,Permanent Full-time,77.00%,,12/16/2022 11:30:00,10/16/2023 10:15
83,11,2018-2019,1st Semester,N/A,1,3.09,4.67,3.42,4.39,Contractual Full-time,77.85%,,2/22/2018 12:37:00,10/24/2023 12:12
84,11,2018-2019,2nd Semester,N/A,4,4.02,4.15,4.95,4.66,Contractual Full-time,88.90%,,3/11/2019 13:41:00,11/6/2023 12:45
85,11,2019-2020,1st Semester,N/A,2,3,4.19,3.4,4.37,Contractual Full-time,74.80%,,5/4/2019 15:09:00,11/7/2023 13:26
86,11,2019-2020,2nd Semester,N/A,2,3.75,4.98,4.98,4.48,Contractual Full-time,90.95%,,8/18/2020 16:23:00,11/9/2023 14:07
87,11,2020-2021,1st Semester,N/A,3,2.59,4.24,4.37,4.04,Contractual Full-time,76.20%,,11/12/2020 19:12:00,11/14/2023 14:54
88,11,2020-2021,2nd Semester,N/A,1,3.11,4.21,3.75,4.67,Contractual Full-time,78.70%,,1/12/2021 8:18:00,11/21/2023 15:25
89,11,2021-2022,1st Semester,N/A,5,3.54,4.49,4.97,4.14,Contractual Full-time,85.70%,,2/3/2021 8:40:00,11/22/2023 16:41
90,11,2021-2022,2nd Semester,N/A,7,4.05,4.65,3.73,4.18,Contractual Full-time,73.05%,,5/18/2022 9:39:00,11/27/2023 17:55
91,11,2022-2023,1st Semester,N/A,3,4.37,4.95,4.71,4.89,Contractual Full-time,94.60%,,12/23/2022 16:01:00,12/25/2023 18:25
92,12,2018-2019,1st Semester,N/A,4,3.08,4.4,4.75,4.4,Permanent Full-time,83.15%,,4/5/2018 19:03:00,12/28/2023 18:39
93,12,2018-2019,2nd Semester,N/A,3,4.54,4.03,4.3,4.97,Permanent Full-time,89.20%,,1/17/2019 9:50:00,6/7/2023 19:45
94,12,2019-2020,1st Semester,N/A,7,3.08,4.59,3.23,4.77,Permanent Full-time,68.35%,,2/19/2019 12:17:00,6/9/2023 8:54
95,12,2019-2020,2nd Semester,N/A,1,2.71,4.49,3.97,4.53,Permanent Full-time,78.50%,,3/28/2020 14:35:00,6/16/2023 9:46
96,12,2020-2021,1st Semester,N/A,6,4.55,4.62,4.11,4.84,Permanent Full-time,85.60%,,8/9/2020 15:33:00,6/22/2023 10:42
97,12,2020-2021,2nd Semester,N/A,1,3.95,4.05,3.62,4.94,Permanent Full-time,82.80%,,8/28/2021 17:33:00,6/30/2023 11:09
98,12,2021-2022,1st Semester,N/A,7,2.61,4.48,4.2,4.23,Permanent Full-time,67.60%,,10/1/2021 19:40:00,7/5/2023 12:02
99,12,2021-2022,2nd Semester,N/A,2,3.16,4.19,4.21,4.27,Permanent Full-time,74.15%,,12/10/2022 9:39:00,7/18/2023 13:42
100,12,2022-2023,1st Semester,N/A,7,3.38,4.02,3.05,4.58,Permanent Full-time,65.15%,,2/7/2022 7:42:00,7/27/2023 13:26
101,13,2018-2019,1st Semester,N/A,7,2.55,4.26,3.93,4.12,Permanent Part-time,64.30%,,5/8/2018 11:22:00,7/31/2023 14:19
102,13,2018-2019,2nd Semester,N/A,3,2.91,4.91,3.1,4.84,Permanent Part-time,78.80%,,8/14/2019 13:00:00,8/11/2023 15:37
103,13,2019-2020,1st Semester,N/A,4,2.73,4.57,4.03,4.34,Permanent Part-time,78.35%,,9/30/2019 15:19:00,9/29/2023 15:20
104,13,2019-2020,2nd Semester,N/A,5,2.87,4.33,4.65,4.44,Permanent Part-time,81.45%,,10/28/2020 16:57:00,10/20/2023 17:06
105,13,2020-2021,1st Semester,N/A,2,2.96,4.02,3.59,4.78,Permanent Part-time,76.75%,,2/28/2020 11:13:00,10/23/2023 17:55
106,13,2020-2021,2nd Semester,N/A,7,4.73,4.66,3.2,4.8,Permanent Part-time,76.95%,,1/22/2021 16:21:00,10/24/2023 18:25
107,13,2021-2022,1st Semester,N/A,1,3.31,4.84,4.82,4.7,Permanent Part-time,88.35%,,6/3/2021 17:48:00,10/27/2023 19:22
108,13,2021-2022,2nd Semester,N/A,6,3.15,4.36,3.99,4.17,Permanent Part-time,73.35%,,6/9/2022 8:18:00,10/30/2023 8:45
109,13,2022-2023,1st Semester,N/A,6,3.12,4.38,4.04,4.08,Permanent Part-time,73.10%,,7/13/2022 18:00:00,10/31/2023 8:32
110,14,2018-2019,1st Semester,N/A,3,2.84,4.69,3.11,4.76,Permanent Full-time,77.00%,,8/19/2018 11:16:00,11/2/2023 7:46
111,14,2018-2019,2nd Semester,N/A,3,2.93,4.03,3,4.32,Permanent Full-time,71.40%,,9/17/2019 9:38:00,11/6/2023 20:59
112,14,2019-2020,1st Semester,N/A,1,4.64,4.18,4.93,4.55,Permanent Full-time,91.50%,,11/8/2019 12:25:00,11/16/2023 19:22
113,14,2019-2020,2nd Semester,N/A,4,4.37,4.99,3.49,4.93,Permanent Full-time,88.90%,,11/26/2020 13:19:00,11/23/2023 17:55
114,14,2020-2021,1st Semester,N/A,3,5,4.08,4.6,4.75,Permanent Full-time,92.15%,,3/22/2020 16:11:00,11/28/2023 18:39
115,14,2020-2021,2nd Semester,N/A,6,2.63,4.21,4.45,4.21,Permanent Full-time,72.50%,,5/12/2021 19:07:00,12/5/2023 19:30
116,14,2021-2022,1st Semester,N/A,7,4.49,4.18,4.52,4.61,Permanent Full-time,79.00%,,9/5/2021 19:45:00,12/19/2023 20:46
117,14,2021-2022,2nd Semester,N/A,1,4.7,4.79,4.14,4.7,Permanent Full-time,91.65%,,9/27/2022 9:30:00,12/21/2023 9:06
118,14,2022-2023,1st Semester,N/A,7,2.78,4.29,3.57,4.89,Permanent Full-time,67.65%,,5/24/2022 10:07:00,6/1/2023 8:40
119,15,2018-2019,1st Semester,N/A,2,4.45,4.56,3.32,4.18,Contractual Part-time,82.55%,,9/13/2018 10:07:00,6/7/2023 10:10
120,15,2018-2019,2nd Semester,N/A,2,4.01,4.13,3.6,4.21,Contractual Part-time,79.75%,,11/26/2019 11:35:00,6/14/2023 11:46
121,15,2019-2020,1st Semester,N/A,1,2.83,4.9,3.69,4.25,Contractual Part-time,78.35%,,12/7/2019 15:11:00,7/4/2023 13:19
122,15,2019-2020,2nd Semester,N/A,6,4.73,4.77,3.16,4.78,Contractual Part-time,82.20%,,2/5/2020 18:36:00,7/13/2023 14:07
123,15,2020-2021,1st Semester,N/A,7,3.97,4.03,4.15,4.07,Contractual Part-time,71.10%,,4/18/2020 19:20:00,7/17/2023 14:57
124,15,2020-2021,2nd Semester,N/A,5,2.99,4.82,4.05,4.81,Contractual Part-time,83.35%,,11/13/2021 18:52:00,7/18/2023 15:25
125,15,2021-2022,1st Semester,N/A,4,2.73,4.02,3.18,4.48,Contractual Part-time,72.05%,,12/26/2021 20:17:00,7/21/2023 18:06
126,15,2021-2022,2nd Semester,N/A,5,3.13,4.98,4.25,4.79,Contractual Part-time,85.75%,,1/16/2022 19:27:00,7/25/2023 18:35
127,15,2022-2023,1st Semester,N/A,3,4.52,4.66,4.86,4.52,Contractual Part-time,92.80%,,1/27/2022 11:35:00,7/27/2023 18:49
128,16,2018-2019,1st Semester,N/A,2,4.6,4.46,4.41,4.78,Contractual Full-time,91.25%,,2/26/2018 9:50:00,8/3/2023 17:01
129,16,2018-2019,2nd Semester,N/A,3,3.36,4.01,4.68,4.39,Contractual Full-time,82.20%,,9/1/2019 8:40:00,8/11/2023 17:33
130,16,2019-2020,1st Semester,N/A,4,3.31,4.95,4.91,4.55,Contractual Full-time,88.60%,,12/14/2019 16:40:00,8/29/2023 19:45
131,16,2019-2020,2nd Semester,N/A,2,4.83,4.93,4.61,4.71,Contractual Full-time,95.40%,,2/17/2020 16:15:00,9/18/2023 10:10
132,16,2020-2021,1st Semester,N/A,3,3.14,4.05,4.33,4.45,Contractual Full-time,79.85%,,5/6/2020 16:33:00,10/12/2023 11:29
133,16,2020-2021,2nd Semester,N/A,1,2.78,4.98,3.46,4.82,Contractual Full-time,80.20%,,7/27/2021 18:44:00,10/20/2023 13:37
134,16,2021-2022,1st Semester,N/A,4,4.94,4.44,4.59,4.58,Contractual Full-time,92.75%,,10/5/2021 19:12:00,10/23/2023 15:37
135,16,2021-2022,2nd Semester,N/A,4,2.88,4.94,4.28,4.85,Contractual Full-time,84.75%,,6/15/2022 18:22:00,10/24/2023 16:41
136,16,2022-2023,1st Semester,N/A,4,4.95,4.6,3.71,4.53,Contractual Full-time,88.95%,,6/22/2022 11:03:00,11/1/2023 8:14
137,17,2018-2019,1st Semester,N/A,4,3.1,4.31,3.8,4.49,Special Lecturer,78.50%,,7/25/2018 19:59:00,11/20/2023 9:06
138,17,2018-2019,2nd Semester,N/A,3,3.52,4.4,3.77,4.99,Special Lecturer,83.40%,,1/11/2019 20:32:00,11/24/2023 9:49
139,17,2019-2020,1st Semester,N/A,7,2.74,4.91,3.28,4.36,Special Lecturer,66.45%,,4/5/2019 19:48:00,12/8/2023 10:39
140,17,2019-2020,2nd Semester,N/A,1,4.88,4.71,3.48,4.18,Special Lecturer,86.25%,,4/6/2020 17:27:00,12/12/2023 11:09
141,17,2020-2021,1st Semester,N/A,6,3.96,4.73,3.79,4.01,Special Lecturer,77.45%,,5/25/2020 17:48:00,12/14/2023 11:12
142,17,2020-2021,2nd Semester,N/A,7,3.71,5,4.22,4.12,Special Lecturer,75.25%,,5/26/2021 13:00:00,12/25/2023 13:19
143,17,2021-2022,1st Semester,N/A,1,3.74,4.1,4.24,4.72,Special Lecturer,84.00%,,7/25/2021 13:00:00,6/13/2023 14:19
144,17,2021-2022,2nd Semester,N/A,4,3.01,4.41,3.36,4.33,Special Lecturer,75.55%,,10/16/2022 13:00:00,6/27/2023 15:25
145,17,2022-2023,1st Semester,N/A,5,3.83,4.43,3.9,4.8,Special Lecturer,84.80%,,3/5/2022 9:15:00,7/3/2023 15:52
146,18,2018-2019,1st Semester,N/A,4,4.12,4.68,3.28,4.63,Permanent Full-time,83.55%,,3/25/2018 9:38:00,7/14/2023 16:18
147,18,2018-2019,2nd Semester,N/A,6,3.67,4.93,3.45,4.48,Permanent Full-time,82.65%,,3/29/2019 9:30:00,7/27/2023 10:42
148,18,2019-2020,1st Semester,N/A,4,3.37,4.96,3.73,4.93,Permanent Full-time,84.95%,,8/15/2019 8:06:00,8/9/2023 11:00
149,18,2019-2020,2nd Semester,N/A,1,4.25,5,3.21,4.24,Permanent Full-time,83.50%,,10/4/2020 7:11:00,8/10/2023 11:29
150,18,2020-2021,1st Semester,N/A,5,3.5,4.89,4.9,4.59,Permanent Full-time,89.40%,,2/21/2020 7:56:00,8/18/2023 11:46
151,18,2020-2021,2nd Semester,N/A,7,4.66,4.05,4.92,4.49,Permanent Full-time,80.60%,,5/15/2021 8:00:00,8/25/2023 15:20
152,18,2021-2022,1st Semester,N/A,5,3.17,4.81,3.06,4.02,Permanent Full-time,75.30%,,7/1/2021 7:05:00,9/7/2023 17:01
153,18,2021-2022,2nd Semester,N/A,2,3.17,4.71,3.59,4.05,Permanent Full-time,77.60%,,8/24/2022 8:26:00,9/8/2023 18:24
154,18,2022-2023,1st Semester,N/A,3,2.54,4.22,4.19,4.59,Permanent Full-time,77.70%,,9/1/2022 9:05:00,9/13/2023 18:49
155,19,2018-2019,1st Semester,N/A,3,3.85,4.83,4.88,4.84,Permanent Full-time,92.00%,,10/5/2018 10:00:00,9/19/2023 19:38
156,19,2018-2019,2nd Semester,N/A,3,2.64,4.06,3.63,4.49,Permanent Full-time,74.10%,,10/7/2019 10:27:00,10/10/2023 20:22
157,19,2019-2020,1st Semester,N/A,1,3.24,4.11,4.15,4.95,Permanent Full-time,82.25%,,1/19/2019 11:38:00,10/11/2023 9:29
158,19,2019-2020,2nd Semester,N/A,1,3.7,4.9,3.01,4.26,Permanent Full-time,79.35%,,3/11/2020 12:22:00,10/12/2023 10:15
159,19,2020-2021,1st Semester,N/A,7,4.63,4.05,4.11,4.23,Permanent Full-time,85.10%,,3/29/2020 13:00:00,10/20/2023 10:52
160,19,2020-2021,2nd Semester,N/A,5,3.12,4.42,3.32,4.12,Permanent Full-time,74.90%,,5/11/2021 8:39:00,10/24/2023 11:12
161,19,2021-2022,1st Semester,N/A,2,4.05,4.2,3.48,4.1,Permanent Full-time,79.15%,,7/12/2021 7:54:00,11/3/2023 13:19
162,19,2021-2022,2nd Semester,N/A,7,4.12,4.22,3.72,4.86,Permanent Full-time,84.60%,,11/3/2022 9:05:00,11/20/2023 15:25
163,19,2022-2023,1st Semester,N/A,6,2.57,4.72,3.27,4.88,Permanent Full-time,77.20%,,12/21/2022 10:23:00,12/1/2023 18:06
164,20,2018-2019,1st Semester,N/A,6,4.29,4.16,4.04,4.29,Contractual Part-time,78.90%,,10/4/2018 13:04:00,12/4/2023 18:30
165,20,2018-2019,2nd Semester,N/A,6,4.76,4.25,4.54,4.56,Contractual Part-time,85.55%,,11/25/2019 15:48:00,12/8/2023 18:25
166,20,2019-2020,1st Semester,N/A,4,3.23,4.1,4.2,4.22,Contractual Part-time,78.75%,,12/15/2019 18:07:00,12/11/2023 18:53
167,20,2019-2020,2nd Semester,N/A,2,3.96,4.56,3.07,4.94,Contractual Part-time,82.65%,,2/2/2020 7:52:00,12/27/2023 19:38
168,20,2020-2021,1st Semester,N/A,7,4.34,4.76,3.91,4.74,Contractual Part-time,78.75%,,4/18/2020 8:26:00,6/6/2023 14:06
169,20,2020-2021,2nd Semester,N/A,6,3.14,4.86,3.68,4.09,Contractual Part-time,73.85%,,9/6/2021 10:24:00,6/8/2023 15:24
170,20,2021-2022,1st Semester,N/A,6,3.66,4.94,3.61,4.24,Contractual Part-time,77.25%,,9/12/2021 13:00:00,6/12/2023 8:45
171,20,2021-2022,2nd Semester,N/A,5,4.85,4.78,4.83,4.7,Contractual Part-time,95.80%,,10/12/2022 20:45:00,6/22/2023 9:06
172,20,2022-2023,1st Semester,N/A,2,2.64,4.9,3.99,4.87,Contractual Part-time,82.00%,,11/30/2022 18:50:00,6/30/2023 7:00
173,21,2018-2019,1st Semester,N/A,3,3.69,4.29,4.28,4.22,Permanent Full-time,82.40%,,1/14/2018 19:33:00,7/3/2023 8:22
174,21,2018-2019,2nd Semester,N/A,3,2.65,4.92,3.41,4.05,Permanent Full-time,75.15%,,2/20/2019 16:00:00,7/20/2023 10:30
175,21,2019-2020,1st Semester,N/A,2,4.54,4.13,3.79,4.29,Permanent Full-time,83.75%,,7/24/2019 13:40:00,8/7/2023 12:02
176,21,2019-2020,2nd Semester,N/A,3,3.97,4.46,3.54,4.84,Permanent Full-time,84.05%,,10/24/2020 14:00:00,8/21/2023 12:47
177,21,2020-2021,1st Semester,N/A,3,3.29,4.82,4.22,4.03,Permanent Full-time,81.80%,,3/10/2020 15:15:00,9/6/2023 14:35
178,21,2020-2021,2nd Semester,N/A,1,3.9,4.25,4.44,4.64,Permanent Full-time,86.15%,,5/18/2021 18:08:00,9/8/2023 15:29
179,21,2021-2022,1st Semester,N/A,1,3.16,4.98,3.87,4.85,Permanent Full-time,84.30%,,5/21/2021 19:16:00,9/13/2023 16:49
180,21,2021-2022,2nd Semester,N/A,1,2.74,4.06,4.27,4.04,Permanent Full-time,75.55%,,8/7/2022 13:40:00,9/19/2023 17:55
181,21,2022-2023,1st Semester,N/A,4,3.41,4.23,3.52,4.53,Permanent Full-time,78.45%,,4/20/2022 12:12:00,9/20/2023 18:35
182,22,2018-2019,1st Semester,N/A,3,4.84,4.38,4.7,4.78,Contractual Full-time,93.50%,,5/7/2018 18:07:00,10/10/2023 20:30
183,22,2018-2019,2nd Semester,N/A,7,4.17,4.17,4.94,4.93,Contractual Full-time,81.05%,,5/21/2019 20:08:00,10/12/2023 18:26
184,22,2019-2020,1st Semester,N/A,1,3.76,4.07,4.86,4.02,Contractual Full-time,83.55%,,9/8/2019 7:56:00,10/23/2023 13:45
185,22,2019-2020,2nd Semester,N/A,1,3.29,4.71,3.43,4.83,Contractual Full-time,81.30%,,10/28/2020 11:11:00,10/25/2023 14:33
186,22,2020-2021,1st Semester,N/A,3,3.51,4.03,3.85,4.14,Contractual Full-time,77.65%,,11/10/2020 11:11:00,11/14/2023 14:58
187,22,2020-2021,2nd Semester,N/A,5,4.3,4.68,4.49,4.32,Contractual Full-time,88.95%,,6/20/2021 11:11:00,11/23/2023 15:29
188,22,2021-2022,1st Semester,N/A,6,2.82,4.99,4.25,4.9,Contractual Full-time,84.80%,,7/22/2021 11:36:00,12/8/2023 16:03
189,22,2021-2022,2nd Semester,N/A,6,2.77,4.22,3.76,4.35,Contractual Full-time,75.50%,,8/26/2022 12:06:00,12/11/2023 16:28
190,22,2022-2023,1st Semester,N/A,2,4.35,4.54,3.14,4.36,Contractual Full-time,81.95%,,9/15/2022 12:46:00,12/12/2023 13:58
191,23,2018-2019,1st Semester,N/A,6,3.55,4.07,3.95,4.61,Permanent Full-time,80.90%,,3/16/2018 15:29:00,12/15/2023 17:30
192,23,2018-2019,2nd Semester,N/A,2,4.75,4.41,4.66,4.23,Permanent Full-time,90.25%,,5/2/2019 17:19:00,12/18/2023 17:42
193,23,2019-2020,1st Semester,N/A,4,3.99,4.67,3.47,4.66,Permanent Full-time,83.95%,,3/23/2019 18:07:00,6/2/2023 18:26
194,23,2019-2020,2nd Semester,N/A,2,3.43,4.31,4.63,4.15,Permanent Full-time,82.60%,,11/19/2020 20:36:00,6/9/2023 19:27
195,23,2020-2021,1st Semester,N/A,1,4.56,4.09,4.4,4.12,Permanent Full-time,85.85%,,8/12/2020 12:32:00,6/19/2023 20:14
196,23,2020-2021,2nd Semester,N/A,4,4.86,4.49,4.91,4.85,Permanent Full-time,95.55%,,1/17/2021 15:29:00,6/20/2023 12:42
197,23,2021-2022,1st Semester,N/A,6,2.93,4.85,4.42,4.65,Permanent Full-time,79.25%,,2/11/2021 18:40:00,6/23/2023 13:45
198,23,2021-2022,2nd Semester,N/A,3,4.77,4.69,3.46,4.88,Permanent Full-time,89.00%,,3/6/2022 19:53:00,6/26/2023 13:58
199,23,2022-2023,1st Semester,N/A,3,4.09,4.44,4.5,4.64,Permanent Full-time,88.35%,,6/11/2022 9:37:00,6/27/2023 14:35
200,24,2018-2019,1st Semester,N/A,3,4.65,4.98,4.13,4.83,Contractual Full-time,92.95%,,8/3/2018 10:27:00,7/4/2023 15:27
201,24,2018-2019,2nd Semester,N/A,4,3.39,4.07,3.18,4.33,Contractual Full-time,74.85%,,12/16/2019 10:45:00,8/15/2023 15:46
202,24,2019-2020,1st Semester,N/A,4,3.53,4.1,4.26,4.15,Contractual Full-time,80.20%,,12/21/2019 13:14:00,9/4/2023 14:46
203,24,2019-2020,2nd Semester,N/A,4,4.59,4.52,3.82,4.96,Contractual Full-time,89.45%,,2/26/2020 13:35:00,9/7/2023 12:22
204,24,2020-2021,1st Semester,N/A,1,4.68,4.97,4.68,4.1,Contractual Full-time,92.15%,,5/20/2020 14:07:00,9/11/2023 10:56
205,24,2020-2021,2nd Semester,N/A,3,2.7,4.79,4.36,4.87,Contractual Full-time,83.60%,,6/21/2021 10:27:00,9/20/2023 9:02
206,24,2021-2022,1st Semester,N/A,1,3.22,4.25,3.05,4.9,Contractual Full-time,77.10%,,6/24/2021 9:05:00,10/16/2023 16:21
207,24,2021-2022,2nd Semester,N/A,3,3.47,4.03,3.3,4.98,Contractual Full-time,78.90%,,9/8/2022 10:03:00,10/20/2023 18:22
208,24,2022-2023,1st Semester,N/A,3,3.37,4.15,4.69,4.22,Contractual Full-time,82.15%,,10/6/2022 13:22:00,10/25/2023 19:27
209,25,2018-2019,1st Semester,N/A,5,3.84,4.94,3.25,4.44,Contractual Full-time,82.35%,,11/18/2018 13:51:00,11/24/2023 15:42
210,25,2018-2019,2nd Semester,N/A,1,3.56,4.96,4.31,4.31,Contractual Full-time,85.70%,,12/17/2019 15:15:00,11/27/2023 14:33
211,25,2019-2020,1st Semester,N/A,1,3.06,4.02,4.37,4.45,Contractual Full-time,79.50%,,12/23/2019 18:08:00,11/30/2023 12:29
212,25,2019-2020,2nd Semester,N/A,4,4.44,4.57,3.2,4.94,Contractual Full-time,85.75%,,1/7/2020 18:50:00,12/7/2023 15:46
213,25,2020-2021,1st Semester,N/A,5,3.26,4.75,4.76,4.05,Contractual Full-time,84.10%,,3/18/2020 19:46:00,12/8/2023 16:28
214,25,2020-2021,2nd Semester,N/A,2,3.43,4.36,4.1,4.69,Contractual Full-time,82.90%,,3/31/2021 19:19:00,12/13/2023 17:41
215,25,2021-2022,1st Semester,N/A,5,4.21,4.57,3.84,4.55,Contractual Full-time,85.85%,,4/13/2021 20:42:00,12/14/2023 18:40
216,25,2021-2022,2nd Semester,AWOL ,0,0,0,0,0,Contractual Full-time,0%,,5/6/2022 15:10:00,12/15/2023 9:56
217,26,2018-2019,1st Semester,N/A,5,3.09,4.05,3.64,4.09,Contractual Full-time,74.35%,,2/6/2018 12:22:00,6/1/2023 10:35
218,26,2018-2019,2nd Semester,N/A,2,3.68,4.66,3.19,4.9,Contractual Full-time,82.15%,,3/6/2019 13:04:00,6/8/2023 11:10
219,26,2019-2020,1st Semester,AWOL ,0,0,0,0,0,Contractual Full-time,0%,,6/4/2019 11:32:00,6/12/2023 12:00
220,27,2018-2019,1st Semester,N/A,3,3.26,4.31,3.6,4.82,Permanent Full-time,79.95%,,5/6/2018 19:33:00,7/14/2023 12:28
221,27,2018-2019,2nd Semester,N/A,3,2.92,4.25,3.29,4.4,Permanent Full-time,74.30%,,6/2/2019 10:55:00,7/27/2023 12:55
222,27,2019-2020,1st Semester,N/A,7,3.3,4.94,3.08,4.23,Permanent Full-time,77.75%,,6/29/2019 17:22:00,8/23/2023 14:46
223,27,2019-2020,2nd Semester,N/A,7,3.27,4.76,4.35,4.6,Permanent Full-time,74.90%,,10/4/2020 19:19:00,8/31/2023 17:30
224,27,2020-2021,1st Semester,N/A,5,4.07,4.97,3.58,4.19,Permanent Full-time,84.05%,,12/7/2020 20:42:00,9/6/2023 18:16
225,27,2020-2021,2nd Semester,N/A,4,3.45,4.19,4.71,4.76,Permanent Full-time,85.55%,,12/9/2021 7:03:00,9/8/2023 18:53
226,27,2021-2022,1st Semester,N/A,5,3.24,4.15,4.72,4.88,Permanent Full-time,84.95%,,12/14/2021 7:17:00,9/13/2023 19:27
227,27,2021-2022,2nd Semester,N/A,4,2.94,4.12,4.8,4,Permanent Full-time,79.30%,,3/21/2022 7:29:00,9/20/2023 20:30
228,27,2022-2023,1st Semester,N/A,2,3.44,4.64,4.48,4.72,Permanent Full-time,86.40%,,5/6/2022 7:37:00,10/5/2023 11:49
229,28,2018-2019,1st Semester,N/A,4,3.29,4.49,4.98,4.4,Contractual Full-time,85.80%,,6/13/2018 7:54:00,10/19/2023 9:07
230,28,2018-2019,2nd Semester,AWOL ,0,0,0,0,0,Contractual Full-time,0%,,8/11/2019 8:24:00,11/3/2023 9:56
231,29,2018-2019,1st Semester,N/A,1,4.4,4.03,4.09,4.1,Contractual Full-time,83.10%,,5/31/2018 16:51:00,11/13/2023 9:34
232,29,2018-2019,2nd Semester,N/A,2,2.72,4.28,3.09,4.79,Contractual Full-time,74.40%,,7/27/2019 17:32:00,11/20/2023 10:30
233,29,2019-2020,1st Semester,N/A,3,2.68,4.72,3.7,4.33,Contractual Full-time,77.15%,,10/2/2019 17:44:00,6/20/2023 10:49
234,29,2019-2020,2nd Semester,N/A,2,2.69,4.57,4.6,4.01,Contractual Full-time,79.35%,,5/20/2020 18:09:00,7/12/2023 11:26
235,29,2020-2021,1st Semester,N/A,5,4.31,4.33,3.24,4.84,Contractual Full-time,83.60%,,8/6/2020 18:21:00,7/20/2023 12:17
236,29,2020-2021,2nd Semester,N/A,5,4.93,4.16,3.55,4.81,Contractual Full-time,87.25%,,9/5/2021 18:58:00,7/26/2023 16:21
237,29,2021-2022,1st Semester,N/A,4,3.45,4.5,3.92,4.45,Contractual Full-time,81.60%,,10/1/2021 19:28:00,7/31/2023 17:17
238,29,2021-2022,2nd Semester,N/A,2,4.41,4.91,4.96,4.39,Contractual Full-time,93.35%,,11/12/2022 16:16:00,8/10/2023 17:41
239,29,2022-2023,1st Semester,N/A,5,3.78,4.97,3.22,4.75,Contractual Full-time,83.60%,,12/12/2022 16:51:00,8/15/2023 13:46
240,30,2018-2019,1st Semester,N/A,3,4.8,4.05,4.24,4.24,Permanent Full-time,86.65%,,12/20/2018 8:45:00,9/4/2023 14:35
241,30,2018-2019,2nd Semester,N/A,6,4.34,4.88,3.88,4.44,Permanent Full-time,82.70%,,3/3/2019 9:18:00,9/8/2023 15:29
242,30,2019-2020,1st Semester,N/A,4,3.98,4.64,4.97,4.69,Permanent Full-time,91.40%,,11/13/2019 10:04:00,9/12/2023 16:00
243,30,2019-2020,2nd Semester,N/A,4,4.69,4.17,4.64,4.15,Permanent Full-time,88.25%,,12/30/2020 11:49:00,7/4/2023 20:30
244,30,2020-2021,1st Semester,N/A,4,2.8,4.89,4.53,5,Permanent Full-time,86.10%,,3/9/2020 12:45:00,7/6/2023 19:40
245,30,2020-2021,2nd Semester,N/A,3,4.48,4.89,3.38,4,Permanent Full-time,83.75%,,3/10/2021 13:39:00,7/10/2023 18:22
246,30,2021-2022,1st Semester,N/A,4,4.2,4.11,3.96,4.62,Permanent Full-time,84.45%,,9/3/2021 13:55:00,7/14/2023 18:35
247,30,2021-2022,2nd Semester,N/A,1,4.15,4.79,4.56,4.01,Permanent Full-time,87.55%,,2/3/2022 15:59:00,7/21/2023 13:58
248,30,2022-2023,1st Semester,N/A,3,2.84,4.8,3.57,4.59,Permanent Full-time,79.00%,,3/9/2022 16:53:00,7/25/2023 14:46
249,31,2018-2019,1st Semester,AWOL ,0,0,0,0,0,Guest Lecturer,0%,,12/1/2018 17:32:00,7/28/2023 12:28
250,32,2018-2019,1st Semester,N/A,4,3.67,4.18,3.44,4.94,Permanent Full-time,81.15%,,5/23/2018 19:28:00,11/23/2023 12:29
251,32,2018-2019,2nd Semester,N/A,3,3.63,4.2,4.41,4.45,Permanent Full-time,83.45%,,6/6/2019 20:42:00,11/24/2023 12:42
252,32,2019-2020,1st Semester,N/A,2,3.99,4.51,3.13,4.08,Permanent Full-time,82.50%,,7/31/2019 10:18:00,12/5/2023 17:22
253,32,2019-2020,2nd Semester,N/A,3,3.82,4.88,3.37,4.5,Permanent Full-time,82.85%,,10/21/2020 8:52:00,12/15/2023 18:22
254,32,2020-2021,1st Semester,N/A,4,4.74,4.78,3.11,4.97,Permanent Full-time,88.00%,,11/22/2020 7:03:00,6/5/2023 8:00
255,32,2020-2021,2nd Semester,N/A,4,3.35,4.17,4.52,4.15,Permanent Full-time,80.95%,,11/29/2021 12:48:00,6/6/2023 9:34
256,32,2021-2022,1st Semester,N/A,5,2.63,4.64,3.81,4.92,Permanent Full-time,80.00%,,12/11/2021 13:30:00,6/20/2023 10:48
257,32,2021-2022,2nd Semester,N/A,7,4.79,4.47,3.31,4.88,Permanent Full-time,77.25%,,1/22/2022 13:46:00,7/5/2023 11:10
258,32,2022-2023,1st Semester,N/A,3,2.89,4.92,3.34,4.09,Permanent Full-time,76.20%,,5/8/2022 14:11:00,7/13/2023 18:10
259,33,2018-2019,1st Semester,N/A,6,4.13,4.62,3.67,4.68,Permanent Part-time,80.50%,,8/12/2018 11:17:00,7/28/2023 18:40
260,33,2018-2019,2nd Semester,AWOL ,0,0,0,0,0,Permanent Part-time,0%,,10/1/2019 12:40:00,8/11/2023 19:27
261,34,2018-2019,1st Semester,N/A,4,3.09,2.66,3.12,4.33,Permanent Full-time,66.00%,,5/5/2018 16:53:00,10/17/2023 9:56
262,34,2018-2019,2nd Semester,N/A,1,4.91,4.7,4.51,4.95,Permanent Full-time,95.35%,,5/11/2019 18:34:00,11/6/2023 10:30
263,34,2019-2020,1st Semester,N/A,6,2.9,3.87,3.5,3.9,Permanent Full-time,65.85%,,5/29/2019 19:27:00,11/29/2023 10:49
264,34,2019-2020,2nd Semester,N/A,5,3.05,2.9,3.15,2.64,Permanent Full-time,53.70%,,7/30/2020 11:17:00,12/22/2023 11:26
265,34,2020-2021,1st Semester,N/A,6,2.57,3.71,4.31,4.1,Permanent Full-time,68.45%,,8/28/2020 8:12:00,12/25/2023 12:16
266,34,2020-2021,2nd Semester,N/A,7,2.91,4.35,4.28,4.61,Permanent Full-time,70.75%,,9/28/2021 9:08:00,8/2/2023 12:42
267,34,2021-2022,1st Semester,N/A,3,3.46,4.94,4.57,4.73,Permanent Full-time,78.50%,,12/17/2021 13:55:00,8/3/2023 16:16
268,34,2021-2022,2nd Semester,AWOL ,5,0,0,0,0,Permanent Full-time,0%,,2/4/2022 17:51:00,8/9/2023 10:56
269,35,2018-2019,1st Semester,N/A,7,3.17,2.61,4.15,3.5,Permanent Part-time,57.15%,,4/26/2018 20:35:00,8/30/2023 10:30
270,35,2018-2019,2nd Semester,N/A,2,3.76,4.86,2.71,3.66,Permanent Part-time,74.95%,,6/4/2019 20:51:00,9/5/2023 11:49
271,35,2019-2020,1st Semester,N/A,1,3.36,3.42,4.82,4.2,Permanent Part-time,79.00%,,3/13/2019 14:12:00,9/6/2023 12:23
272,35,2019-2020,2nd Semester,N/A,4,3.58,4.61,3.61,4.1,Permanent Part-time,79.50%,,7/17/2020 15:59:00,9/11/2023 13:12
273,35,2020-2021,1st Semester,N/A,2,3.71,4.04,2.62,2.99,Permanent Part-time,66.80%,,12/1/2020 16:22:00,9/19/2023 16:03
274,35,2020-2021,2nd Semester,N/A,1,4.58,4.18,3.78,4.95,Permanent Part-time,87.45%,,2/25/2021 18:58:00,9/29/2023 18:53
275,35,2021-2022,1st Semester,N/A,3,3.33,4.73,4.83,4.01,Permanent Part-time,84.50%,,8/17/2021 19:23:00,10/20/2023 7:24
276,35,2021-2022,2nd Semester,N/A,1,4.72,4.44,3.77,4.1,Permanent Part-time,85.15%,,10/26/2022 19:32:00,10/25/2023 8:25
277,35,2022-2023,1st Semester,N/A,5,3.88,4.79,3.47,4.52,Permanent Part-time,83.30%,,11/11/2022 13:39:00,11/6/2023 9:07
278,36,2018-2019,1st Semester,N/A,2,3.95,4.45,3.94,4.07,Permanent Full-time,82.05%,,1/21/2018 13:55:00,6/2/2023 10:04
279,36,2018-2019,2nd Semester,AWOL ,0,0,0,0,0,Permanent Full-time,0%,,2/25/2019 15:12:00,6/9/2023 10:44
280,37,2018-2019,1st Semester,N/A,1,3.82,4.7,3.31,4.57,Permanent Full-time,82.00%,,4/3/2018 18:21:00,10/31/2023 17:38
281,37,2018-2019,2nd Semester,N/A,1,3.02,4.45,3.05,4.08,Permanent Full-time,73.00%,,2/16/2019 19:23:00,11/9/2023 13:31
282,37,2019-2020,1st Semester,N/A,1,3.65,4.06,3.59,4.66,Permanent Full-time,79.80%,,9/10/2019 20:07:00,11/22/2023 14:32
283,37,2019-2020,2nd Semester,N/A,3,4.87,4.64,4.02,4.5,Permanent Full-time,90.15%,,12/17/2020 14:59:00,11/27/2023 10:03
284,37,2020-2021,1st Semester,N/A,2,4.56,4.59,4.37,4.35,Permanent Full-time,89.35%,,2/22/2020 16:02:00,11/29/2023 10:56
285,37,2020-2021,2nd Semester,N/A,7,3.14,4.26,3.57,4.04,Permanent Full-time,75.05%,,12/13/2021 17:15:00,11/30/2023 7:24
286,37,2021-2022,1st Semester,N/A,6,3.21,4.98,3.46,4.85,Permanent Full-time,77.50%,,12/16/2021 18:07:00,12/12/2023 8:51
287,37,2021-2022,2nd Semester,N/A,5,3.16,4.96,3.06,4.11,Permanent Full-time,76.45%,,3/5/2022 9:29:00,6/30/2023 16:06
288,37,2022-2023,1st Semester,N/A,1,3.56,4.99,4.92,4.41,Permanent Full-time,89.40%,,5/12/2022 8:45:00,7/17/2023 17:42
289,38,2018-2019,1st Semester,N/A,4,4.89,4.96,3.28,4.16,Contractual Full-time,86.45%,,6/18/2018 8:12:00,7/18/2023 17:38
290,38,2018-2019,2nd Semester,N/A,1,4.66,4.94,4.78,4.42,Contractual Full-time,94.00%,,9/28/2019 7:29:00,7/27/2023 18:04
291,38,2019-2020,1st Semester,N/A,1,3.78,4.93,3.61,4.71,Contractual Full-time,85.15%,,1/28/2019 14:59:00,7/31/2023 18:20
292,38,2019-2020,2nd Semester,N/A,2,4.1,4.36,4.17,4.24,Contractual Full-time,84.35%,,3/9/2020 16:16:00,8/7/2023 10:18
293,38,2020-2021,1st Semester,N/A,6,2.73,4.41,3.85,4.83,Contractual Full-time,74.10%,,4/6/2020 19:28:00,8/22/2023 12:03
294,38,2020-2021,2nd Semester,N/A,2,4.46,4.29,3.43,4.97,Contractual Full-time,85.75%,,5/5/2021 20:37:00,8/28/2023 8:40
295,38,2021-2022,1st Semester,AWOL ,0,0,0,0,0,Contractual Full-time,0%,,9/8/2021 19:32:00,9/5/2023 10:04
296,39,2018-2019,1st Semester,N/A,3,4.98,4.92,3.08,4.53,Permanent Full-time,87.55%,,3/30/2018 10:55:00,10/13/2023 17:38
297,39,2018-2019,2nd Semester,N/A,1,4.59,4.64,4.99,4.89,Permanent Full-time,95.55%,,7/13/2019 8:31:00,10/23/2023 17:59
298,39,2019-2020,1st Semester,N/A,7,3.94,4.76,4.07,4.66,Permanent Full-time,87.15%,,9/2/2019 11:30:00,10/24/2023 18:17
299,39,2019-2020,2nd Semester,N/A,1,4,4.11,4.35,4.14,Permanent Full-time,83.00%,,12/7/2020 12:45:00,10/25/2023 19:15
300,39,2020-2021,1st Semester,N/A,7,3.67,4.71,4.65,4.18,Permanent Full-time,76.05%,,1/3/2020 14:54:00,11/7/2023 19:38
301,39,2020-2021,2nd Semester,N/A,6,3.84,4.94,4.38,4.6,Permanent Full-time,83.80%,,1/9/2021 16:02:00,11/9/2023 20:42
302,39,2021-2022,1st Semester,N/A,4,2.7,4.81,4,4.7,Permanent Full-time,81.05%,,1/12/2021 17:38:00,11/10/2023 20:51
303,39,2021-2022,2nd Semester,N/A,6,3.75,4.55,4.59,4.12,Permanent Full-time,80.05%,,5/22/2022 18:38:00,11/28/2023 19:25
304,39,2022-2023,1st Semester,N/A,3,3.71,4.98,4.61,4.75,Permanent Full-time,90.25%,,6/28/2022 8:52:00,12/1/2023 15:18
305,40,2018-2019,1st Semester,N/A,7,3.11,4.73,3.13,4.55,Contractual Part-time,67.60%,,8/1/2018 10:27:00,12/6/2023 14:39
306,40,2018-2019,2nd Semester,N/A,2,2.68,4.69,4.47,4.83,Contractual Part-time,83.35%,,8/15/2019 11:49:00,12/29/2023 12:19
307,40,2019-2020,1st Semester,N/A,7,2.53,4.65,4.32,4.53,Contractual Part-time,70.15%,,10/31/2019 13:32:00,11/10/2023 12:30
308,40,2019-2020,2nd Semester,N/A,1,3.22,4.44,3.05,4.29,Contractual Part-time,75.00%,,3/22/2020 15:11:21,5/16/2023 15:11:21
309,40,2020-2021,1st Semester,N/A,6,4.47,4.4,4.48,4.94,Contractual Part-time,86.45%,,9/3/2020 11:23:55,10/22/2023 11:23:55
310,40,2020-2021,2nd Semester,N/A,7,3.37,4.73,4.33,4.29,Contractual Part-time,73.60%,,2/4/2021 7:45:33,1/8/2023 7:45:33
311,40,2021-2022,1st Semester,N/A,5,3.84,4.1,3.09,4.78,Contractual Part-time,79.05%,,10/23/2021 14:55:21,9/24/2023 14:55:21
312,40,2021-2022,2nd Semester,N/A,4,3.56,4.96,3.55,4.15,Contractual Part-time,81.10%,,1/5/2022 16:30:55,3/14/2023 16:30:55
313,40,2022-2023,1st Semester,N/A,5,3.06,4.05,3.22,4.22,Contractual Part-time,72.75%,,12/2/2022 18:30:55,6/25/2023 18:30:55
314,41,2018-2019,1st Semester,N/A,0,0,0,0,0,Guest Lecturer,0%,,10/23/2021 14:55:21,07/03/2023 14:01:07
315,41,2018-2019,2nd Semester,N/A,1,4.82,3.22,3.34,3.06,Guest Lecturer,72.20%,,2/5/2020 15:23:13,07/02/2023 19:18:30
316,41,2019-2020,1st Semester,N/A,2,3.68,3.24,3.91,4.21,Guest Lecturer,75.20%,,22/03/2020 20:45:13,09/06/2023 5:15:01
317,41,2019-2020,2nd Semester,N/A,3,4.25,3.92,2.78,3.09,Guest Lecturer,70.20%,,7/3/2022 3:11:04,30/07/2023 04:41:27
318,41,2020-2021,1st Semester,N/A,4,3.65,3.30,4.51,3.65,Guest Lecturer,75.55%,,28/07/2020 05:33:08,29/04/2023 06:21:18
319,41,2020-2021,2nd Semester,N/A,5,3.40,2.65,2.76,4.36,Guest Lecturer,61%,,23/02/2023 23:41:54,05/02/2023 21:30:56
320,41,2021-2022,1st Semester,N/A,6,3.99,4.83,3.68,3.37,Guest Lecturer,74.35%,,10/02/2020 10:27:41,27/04/2023 06:36:17
321,41,2021-2022,2nd Semester,N/A,7,3.12,3.84,4.09,3.06,Guest Lecturer,60.55%,,27/04/2023 04:59:12,10/05/2023 9:13:37
322,41,2022-2023,1st Semester,N/A,0,0,0,0,0,Guest Lecturer,0%,,13/02/2019 10:59:49,26/08/2023 05:03:08
323,42,2018-2019,1st Semester,N/A,1,4.16,2.78,4.34,2.00,Contractual Full-time,71.40%,,07/11/2021 19:07:11,28/09/2023 12:29:56
324,42,2018-2019,2nd Semester,N/A,2,2.65,3.30,4.30,3.72,Contractual Full-time,69.85%,,22/09/2023 11:40:02,27/03/2023 13:33:55
325,42,2019-2020,1st Semester,AWOL,0,0,0,0,0,Contractual Full-time,0%,,28/05/2023 20:14:34,17/08/2023 16:25:09
326,43,2018-2019,1st Semester,N/A,2,3.12,4.83,3.74,2.71,Permanent Part-time,72.00%,,14/05/2018 11:38:40,25/07/2023 14:32:23
327,43,2018-2019,2nd Semester,N/A,3,4.09,4.39,4.29,4.40,Permanent Part-time,85.85%,,28/12/2020 10:51:25,01/06/2023 9:55:05
328,43,2019-2020,1st Semester,N/A,4,2.54,2.52,3.21,4.48,Permanent Part-time,64%,,20/10/2020 17:51:13,26/04/2023 09:33:19
329,43,2019-2020,2nd Semester,N/A,5,2.76,2.95,2.65,4.71,Permanent Part-time,65.35%,,3/1/2020 10:35:14,08/03/2023 20:06:13
330,43,2020-2021,1st Semester,N/A,6,4.33,4.30,3.13,3.05,Permanent Part-time,74.05%,,24/10/2021 22:53:51,17/02/2023 19:42:31
331,43,2020-2021,2nd Semester,N/A,7,4.57,3.26,3.45,4.46,Permanent Part-time,78.70%,,16/08/2022 09:01:19,30/09/2023 05:24:02
332,43,2021-2022,1st Semester,N/A,0,0,0,0,0,Permanent Part-time,0%,,29/06/2019 11:29:59,06/09/2023 14:50:53
333,43,2021-2022,2nd Semester,AWOL,0,0,0,0,0,Permanent Part-time,0%,,7/11/2020 0:16:16,09/03/2023 20:23:07
334,44,2018-2019,1st Semester,N/A,3,2.93,4.13,4.20,4.46,Permanent Full-time,78.60%,,12/06/2023 19:12:58,07/01/2023 18:29:41
335,44,2018-2019,2nd Semester,N/A,4,4.06,3.90,3.01,3.47,Permanent Full-time,72.20%,,1/8/2021 21:42:34,02/09/2023 2:44:01
336,44,2019-2020,1st Semester,N/A,5,1.55,3.89,3.85,2.28,Permanent Full-time,58%,,20/10/2020 19:12:44,15/07/2023 22:21:34
337,44,2019-2020,2nd Semester,N/A,6,1.33,2.10,2.80,3.53,Permanent Full-time,43.80%,,27/12/2021 13:46:04,06/08/2023 23:45:36
338,44,2020-2021,1st Semester,N/A,7,3.58,4.83,3.34,2.85,Permanent Full-time,73.00%,,25/07/2021 06:33:26,05/04/2023 13:16:12
339,44,2020-2021,2nd Semester,AWOL,0,0,0,0,0,Permanent Full-time,0%,,8/10/2020 20:38:40,04/05/2023 11:51:50
340,45,2018-2019,1st Semester,N/A,4,2.62,2.40,2.43,3.41,Contractual Part-time,54.30%,,11/10/2022 7:06:47,13/01/2023 21:14:50
341,45,2018-2019,2nd Semester,N/A,5,2.89,2.94,4.34,4.30,Contractual Part-time,72.35%,,15/07/2020 16:25:21,02/06/2023 5:05:33
342,45,2019-2020,1st Semester,N/A,6,3.95,4.13,3.55,2.60,Contractual Part-time,66.15%,,29/04/2018 13:51:32,02/06/2023 1:07:41
343,45,2019-2020,2nd Semester,N/A,7,3.08,4.69,3.60,4.67,Contractual Part-time,70.20%,,31/01/2022 08:28:54,06/09/2023 17:06:15
344,45,2020-2021,1st Semester,N/A,0,0,0,0,0,Contractual Part-time,0%,,21/11/2018 07:51:49,04/06/2023 23:47:35
345,45,2020-2021,2nd Semester,N/A,1,3.81,2.95,3.85,4.13,Contractual Part-time,73.70%,,1/12/2018 0:24:38,03/06/2023 4:41:29
346,45,2021-2022,1st Semester,N/A,2,4.59,4.34,3.75,3.16,Contractual Part-time,79.20%,,23/04/2020 02:44:47,10/07/2023 9:06:00
347,45,2021-2022,2nd Semester,N/A,3,3.12,3.66,3.27,3.63,Contractual Part-time,68.40%,,18/09/2021 07:13:27,19/04/2023 01:35:34
348,45,2022-2023,1st Semester,N/A,4,4.39,4.32,3.62,3.55,Contractual Part-time,79.40%,,27/04/2018 06:42:31,13/07/2023 05:07:25
349,46,2018-2019,1st Semester,N/A,2,3.00,4.50,2.75,3.26,Special Lecturer,67.55%,,22/09/2023 11:40:02,27/03/2023 13:33:55
350,46,2018-2019,2nd Semester,N/A,4,2.73,4.74,3.03,2.95,Special Lecturer,67.25%,,28/05/2023 20:14:34,17/08/2023 16:25:09
351,46,2019-2020,1st Semester,N/A,5,2.35,3.86,2.62,3.33,Special Lecturer,60.80%,,14/05/2018 11:38:40,25/07/2023 14:32:23
352,46,2019-2020,2nd Semester,N/A,1,2.83,4.20,3.43,3.33,Special Lecturer,68.95%,,28/12/2020 10:51:25,01/06/2023 9:55:05
353,46,2020-2021,1st Semester,N/A,2,2.27,3.57,2.90,2.65,Special Lecturer,56.95%,,20/10/2020 17:51:13,26/04/2023 09:33:19
354,46,2020-2021,2nd Semester,N/A,3,2.86,4.14,3.67,3.83,Special Lecturer,72.50%,,3/1/2020 10:35:14,08/03/2023 20:06:13
355,46,2021-2022,1st Semester,N/A,3,3.33,4.48,3.86,4.53,Special Lecturer,81.00%,,24/10/2021 22:53:51,17/02/2023 19:42:31
356,46,2021-2022,2nd Semester,N/A,4,2.90,2.62,3.86,2.51,Special Lecturer,59.45%,,16/08/2022 09:01:19,30/09/2023 05:24:02
357,46,2022-2023,1st Semester,N/A,5,3.12,2.95,2.23,1.74,Special Lecturer,50.20%,,29/06/2019 11:29:59,06/09/2023 14:50:53
358,47,2018-2019,1st Semester,N/A,1,3.29,3.50,2.44,2.53,Contractual Part-time,58.80%,,7/11/2020 0:16:16,09/03/2023 20:23:07
359,47,2018-2019,2nd Semester,N/A,2,3.21,4.39,3.12,3.27,Contractual Part-time,69.95%,,12/06/2023 19:12:58,07/01/2023 18:29:41
360,47,2019-2020,1st Semester,N/A,7,3.40,3.12,3.79,2.38,Contractual Part-time,53.45%,,1/8/2021 21:42:34,02/09/2023 2:44:01
361,47,2019-2020,2nd Semester,N/A,2,4.21,3.62,4.08,2.82,Contractual Part-time,73.65%,,20/10/2020 19:12:44,15/07/2023 22:21:34
362,47,2020-2021,1st Semester,N/A,3,4.38,3.71,4.44,3.29,Contractual Part-time,79.10%,,27/12/2021 13:46:04,06/08/2023 23:45:36
363,47,2020-2021,2nd Semester,N/A,4,3.64,3.32,2.54,3.14,Contractual Part-time,63.20%,,25/07/2021 06:33:26,05/04/2023 13:16:12
364,47,2021-2022,1st Semester,N/A,5,3.74,3.47,2.88,3.43,Contractual Part-time,67.60%,,8/10/2020 20:38:40,04/05/2023 11:51:50
365,47,2021-2022,2nd Semester,N/A,2,2.91,2.75,1.70,2.77,Contractual Part-time,50.65%,,11/10/2022 7:06:47,13/01/2023 21:14:50
366,47,2022-2023,1st Semester,N/A,5,3.09,2.93,2.22,3.02,Contractual Part-time,56.30%,,15/07/2020 16:25:21,02/06/2023 5:05:33
367,48,2018-2019,1st Semester,N/A,1,3.19,3.30,2.55,3.45,Contractual Part-time,62.45%,,29/04/2018 13:51:32,02/06/2023 1:07:41
368,48,2018-2019,2nd Semester,N/A,1,2.60,3.81,3.01,3.95,Contractual Part-time,66.85%,,31/01/2022 08:28:54,06/09/2023 17:06:15
369,48,2019-2020,1st Semester,N/A,3,2.94,2.51,2.08,2.73,Contractual Part-time,51.30%,,21/11/2018 07:51:49,04/06/2023 23:47:35
370,48,2019-2020,2nd Semester,N/A,4,3.25,3.35,3.33,3.95,Contractual Part-time,69.40%,,1/12/2018 0:24:38,03/06/2023 4:41:29
371,48,2020-2021,1st Semester,N/A,1,2.61,1.35,3.10,3.01,Contractual Part-time,50.35%,,23/04/2020 02:44:47,10/07/2023 9:06:00
372,48,2020-2021,2nd Semester,N/A,2,2.88,1.57,3.34,2.80,Contractual Part-time,52.95%,,18/09/2021 07:13:27,19/04/2023 01:35:34
373,48,2021-2022,1st Semester,N/A,3,3.33,2.73,4.08,3.67,Contractual Part-time,69.05%,,27/04/2018 06:42:31,13/07/2023 05:07:25
374,48,2021-2022,2nd Semester,N/A,5,4.30,4.23,4.22,3.65,Contractual Part-time,82.00%,,22/09/2023 11:40:02,27/03/2023 13:33:55
375,48,2022-2023,1st Semester,N/A,4,3.92,3.41,4.38,4.01,Contractual Part-time,78.60%,,28/05/2023 20:14:34,17/08/2023 16:25:09
376,49,2018-2019,1st Semester,N/A,4,3.72,2.88,3.85,2.77,Contractual Full-time,66.10%,,14/05/2018 11:38:40,25/07/2023 14:32:23
377,49,2018-2019,2nd Semester,N/A,2,2.68,1.74,3.06,2.60,Contractual Full-time,50.40%,,28/12/2020 10:51:25,01/06/2023 9:55:05
378,49,2019-2020,1st Semester,N/A,3,3.56,3.36,3.65,3.97,Contractual Full-time,72.70%,,20/10/2020 17:51:13,26/04/2023 09:33:19
379,49,2019-2020,2nd Semester,N/A,4,3.34,2.83,2.86,3.15,Contractual Full-time,60.90%,,3/1/2020 10:35:14,08/03/2023 20:06:13
380,49,2020-2021,1st Semester,N/A,4,3.71,2.10,2.22,2.46,Contractual Full-time,52.45%,,24/10/2021 22:53:51,17/02/2023 19:42:31
381,49,2020-2021,2nd Semester,N/A,3,2.49,2.62,2.52,2.88,Contractual Full-time,52.55%,,16/08/2022 09:01:19,30/09/2023 05:24:02
382,49,2021-2022,1st Semester,N/A,4,2.96,2.11,3.00,2.44,Contractual Full-time,52.55%,,29/06/2019 11:29:59,06/09/2023 14:50:53
383,49,2021-2022,2nd Semester,N/A,3,3.32,2.86,2.41,3.44,Contractual Full-time,60.15%,,7/11/2020 0:16:16,09/03/2023 20:23:07
384,49,2022-2023,1st Semester,N/A,4,3.52,2.56,2.73,3.76,Contractual Full-time,62.85%,,12/06/2023 19:12:58,07/01/2023 18:29:41
385,50,2018-2019,1st Semester,N/A,1,2.88,1.87,2.06,3.28,Contractual Part-time,50.45%,,1/8/2021 21:42:34,02/09/2023 2:44:01
386,50,2018-2019,2nd Semester,N/A,5,2.98,3.13,2.80,3.43,Contractual Part-time,61.70%,,20/10/2020 19:12:44,15/07/2023 22:21:34
387,50,2019-2020,1st Semester,N/A,1,4.59,3.29,3.31,3.68,Contractual Part-time,74.35%,,27/12/2021 13:46:04,06/08/2023 23:45:36
388,50,2019-2020,2nd Semester,N/A,2,4.19,4.41,3.60,4.31,Contractual Part-time,82.55%,,25/07/2021 06:33:26,05/04/2023 13:16:12
389,50,2020-2021,1st Semester,N/A,2,3.56,4.39,4.35,4.31,Contractual Part-time,83.05%,,8/10/2020 20:38:40,04/05/2023 11:51:50
390,50,2020-2021,2nd Semester,N/A,3,4.34,3.75,4.39,3.54,Contractual Part-time,80.10%,,11/10/2022 7:06:47,13/01/2023 21:14:50
391,50,2021-2022,1st Semester,N/A,3,3.72,4.50,4.57,3.00,Contractual Part-time,78.95%,,15/07/2020 16:25:21,02/06/2023 5:05:33
392,50,2021-2022,2nd Semester,N/A,3,3.26,4.23,4.26,4.50,Contractual Part-time,81.25%,,29/04/2018 13:51:32,02/06/2023 1:07:41
393,50,2022-2023,1st Semester,N/A,1,4.07,3.54,3.13,4.87,Contractual Part-time,78.05%,,31/01/2022 08:28:54,06/09/2023 17:06:15
394,51,2018-2019,1st Semester,N/A,5,4.35,3.29,4.46,4.76,Contractual Part-time,84.30%,,21/11/2018 07:51:49,04/06/2023 23:47:35
395,51,2018-2019,2nd Semester,N/A,6,3.19,4.60,4.00,4.73,Contractual Part-time,77.60%,,1/12/2018 0:24:38,03/06/2023 4:41:29
396,51,2019-2020,1st Semester,N/A,7,4.74,4.23,4.24,3.68,Contractual Part-time,74.45%,,23/04/2020 02:44:47,10/07/2023 9:06:00
397,51,2019-2020,2nd Semester,N/A,3,4.59,3.75,4.57,4.69,Contractual Part-time,88%,,18/09/2021 07:13:27,19/04/2023 01:35:34
398,51,2020-2021,1st Semester,N/A,1,3.59,3.99,4.69,3.24,Contractual Part-time,77.55%,,27/04/2018 06:42:31,13/07/2023 05:07:25
399,51,2020-2021,2nd Semester,N/A,2,3.11,3.81,3.79,3.47,Contractual Part-time,60.90%,,28/08/2019 19:55:20,25/09/2023 13:47:28
400,51,2021-2022,1st Semester,N/A,3,4.93,4.32,4.90,4.86,Contractual Part-time,95.05%,,22/06/2020 13:44:48,01/07/2023 14:52:01
401,51,2021-2022,2nd Semester,N/A,4,2.65,3.55,3.84,4.99,Contractual Part-time,75.15%,,19/01/2019 14:14:18,13/03/2023 00:30:02
402,51,2022-2023,1st Semester,N/A,5,3.32,4.80,3.10,3.36,Contractual Part-time,72.90%,,22/09/2019 23:46:10,03/05/2023 16:31:20
403,52,2018-2019,1st Semester,N/A,6,3.10,2.95,4.06,3.54,Permanent Full-time,63.25%,,7/4/2018 21:24:40,13/02/2023 11:06:39
404,52,2018-2019,2nd Semester,N/A,7,3.14,3.00,4.84,2.92,Permanent Full-time,59.50%,,21/03/2022 14:08:26,20/03/2023 01:14:27
405,52,2019-2020,1st Semester,AWOL,0,0,0,0,0,Permanent Full-time,0%,,21/02/2022 10:27:05,21/04/2023 09:26:48
406,53,2018-2019,1st Semester,N/A,7,3.27,2.30,3.16,3.82,Permanent Full-time,52.75%,,21/07/2021 16:41:17,24/05/2023 17:59:50
407,53,2018-2019,2nd Semester,AWOL,0,0,0,0,0,Guest Lecturer,0%,,28/05/2023 10:10:59,20/04/2023 17:51:52
408,54,2018-2019,1st Semester,AWOL,0,0,0,0,0,Permanent Part-time,0%,,23/03/2020 22:45:36,19/06/2023 14:42:47
409,55,2018-2019,1st Semester,N/A,1,3.32,4.20,3.20,4.42,Permanent Part-time,75.70%,,27/10/2018 21:13:25,06/01/2023 13:06:02
410,55,2018-2019,2nd Semester,N/A,2,3.93,3.69,4.01,3.09,Permanent Part-time,73.60%,,15/02/2023 11:09:34,01/01/2023 17:37:01
411,55,2019-2020,1st Semester,N/A,3,3.25,4.32,3.42,4.41,Permanent Part-time,77.00%,,25/08/2019 19:56:53,06/05/2023 10:49:36
412,55,2019-2020,2nd Semester,N/A,4,3.58,3.47,4.49,3.96,Permanent Part-time,77.50%,,9/11/2020 10:16:49,04/02/2023 16:14:08
413,55,2020-2021,1st Semester,N/A,5,3.89,4.64,4.28,4.53,Permanent Part-time,86.70%,,27/09/2021 08:29:10,25/01/2023 04:18:29
414,55,2020-2021,2nd Semester,N/A,6,3.39,3.21,4.00,3.40,Permanent Part-time,65.00%,,20/05/2020 05:04:25,04/07/2023 15:32:21
415,55,2021-2022,1st Semester,N/A,7,4.55,4.72,4.40,2.73,Permanent Part-time,72.00%,,27/07/2021 10:09:15,05/05/2023 22:47:23
416,55,2021-2022,2nd Semester,N/A,0,0,0,0,0,Permanent Part-time,0%,,03/09/2019 19:24:00,21/09/2023 20:05:31
417,55,2022-2023,1st Semester,N/A,1,3.20,4.66,2.92,2.56,Permanent Part-time,66.70%,,01/02/2019 23:20:52,30/03/2023 08:15:07
418,56,2018-2019,1st Semester,N/A,2,3.31,3.41,2.60,2.74,Permanent Full-time,60.30%,,29/11/2019 19:30:11,02/02/2023 12:44:55
419,56,2018-2019,2nd Semester,AWOL,0,0,0,0,0,Permanent Full-time,0%,,19/04/2021 16:33:24,22/02/2023 01:11:37
420,57,2018-2019,1st Semester,N/A,3,3.03,3.44,4.80,3.33,Guest Lecturer,73.00%,,20/05/2019 08:43:10,22/05/2023 18:36:15
421,57,2018-2019,2nd Semester,N/A,4,2.70,2.96,2.60,2.44,Guest Lecturer,53.50%,,05/07/2019 7:35:02,13/02/2023 04:23:56
422,57,2019-2020,1st Semester,N/A,5,2.73,2.62,2.75,3.56,Guest Lecturer,58.30%,,23/03/2019 09:18:04,28/03/2023 23:12:46
423,57,2019-2020,2nd Semester,N/A,6,3.75,4.90,3.30,4.35,Guest Lecturer,76.50%,,17/11/2021 10:47:45,26/01/2023 16:11:00
424,57,2020-2021,1st Semester,N/A,7,4.05,3.77,4.84,3.43,Guest Lecturer,70.45%,,3/8/2022 4:43:03,16/07/2023 10:37:00
425,57,2020-2021,2nd Semester,AWOL,0,0,0,0,0,Guest Lecturer,0%,,03/05/2021 5:13:17,02/09/2023 17:21:36
426,58,2018-2019,1st Semester,N/A,4,4.44,3.20,3.75,3.11,Contractual Part-time,72.50%,,31/05/2018 11:10:07,11/03/2023 14:56:13
427,58,2018-2019,2nd Semester,N/A,5,3.68,4.24,4.02,3.29,Contractual Part-time,76.15%,,01/03/2022 6:21:21,18/02/2023 13:45:35
428,58,2019-2020,1st Semester,N/A,6,3.33,5.00,4.57,4.85,Contractual Part-time,83.75%,,22/09/2018 11:01:54,18/09/2023 18:40:51
429,58,2019-2020,2nd Semester,AWOL,0,0,0,0,0,Contractual Part-time,0%,,31/03/2018 07:43:17,24/01/2023 01:17:03
430,59,2018-2019,1st Semester,N/A,5,4.25,4.69,3.39,2.77,Contractual Part-time,75.50%,,28/01/2023 20:50:34,19/08/2023 13:52:50
431,59,2018-2019,2nd Semester,N/A,6,4.56,3.88,4.69,3.95,Contractual Part-time,80.40%,,15/11/2021 00:12:53,07/08/2023 13:29:48
432,59,2019-2020,1st Semester,N/A,7,3.08,2.90,3.53,4.47,Contractual Part-time,59.90%,,15/08/2022 04:38:41,08/07/2023 18:10:20
433,59,2019-2020,2nd Semester,AWOL,0,0,0,0,0,Contractual Part-time,0%,,15/03/2019 04:45:28,30/03/2023 14:01:13
434,59,2020-2021,1st Semester,N/A,1,3.01,3.44,4.43,3.17,Contractual Part-time,70.25%,,20/06/2023 07:25:42,01/08/2023 7:00:00
435,59,2020-2021,2nd Semester,AWOL,0,0,0,0,0,Contractual Part-time,0%,,17/09/2022 01:47:14,09/03/2023 14:02:54
436,60,2018-2019,1st Semester,N/A,6,2.93,1.92,2.57,3.58,Contractual Full-time,50.00%,,18/11/2019 07:55:56,01/08/2023 17:53:37
437,60,2018-2019,2nd Semester,N/A,7,3.44,4.18,3.14,4.39,Contractual Full-time,65.75%,,13/03/2019 19:40:29,16/09/2023 09:18:10
438,60,2019-2020,1st Semester,N/A,0,4.44,4.78,4.28,4.72,Contractual Full-time,91.10%,,14/11/2020 16:01:52,16/02/2023 19:58:38
439,60,2019-2020,2nd Semester,N/A,1,2.42,3.63,2.07,3.57,Contractual Full-time,58.45%,,9/3/2021 12:44:43,27/01/2023 09:53:44
440,60,2020-2021,1st Semester,N/A,2,4.51,3.77,4.37,4.02,Contractual Full-time,83.35%,,27/08/2022 19:18:44,16/01/2023 20:38:10
441,60,2020-2021,2nd Semester,N/A,3,3.46,3.16,3.94,4.92,Contractual Full-time,77%,,25/08/2021 15:30:12,04/09/2023 0:57:06
442,60,2021-2022,1st Semester,N/A,4,2.55,3.42,3.19,4.45,Contractual Full-time,68.05%,,13/03/2023 07:00:52,18/06/2023 08:28:22
443,60,2021-2022,2nd Semester,AWOL,0,0,0,0,0,Contractual Full-time,0%,,14/07/2023 18:09:12,08/09/2023 14:56:04
444,61,2018-2019,1st Semester,N/A,7,4.48,4.45,3.95,3.69,Permanent Full-time,72.85%,,13/05/2018 00:35:39,03/03/2023 17:05:27
445,61,2018-2019,2nd Semester,N/A,0,3.48,3.21,3.11,4.82,Permanent Full-time,73.10%,,27/03/2021 04:38:38,13/08/2023 19:47:44
446,61,2019-2020,1st Semester,N/A,1,2.68,3.80,2.18,1.70,Permanent Full-time,51.80%,,7/12/2019 22:10:26,16/06/2023 05:12:52
447,61,2019-2020,2nd Semester,N/A,2,4.05,3.89,3.82,2.75,Permanent Full-time,72.55%,,16/02/2019 12:25:36,28/01/2023 03:59:53
448,61,2020-2021,1st Semester,N/A,3,2.56,2.87,1.39,3.54,Permanent Full-time,51.80%,,23/11/2022 13:34:32,02/08/2023 0:06:47
449,61,2020-2021,2nd Semester,N/A,4,3.06,4.91,3.29,4.35,Permanent Full-time,78.05%,,22/02/2019 22:29:29,06/08/2023 19:05:44
450,61,2021-2022,1st Semester,AWOL,0,0,0,0,0,Permanent Full-time,0%,,8/2/2023 18:02:23,04/07/2023 22:13:25
451,62,2018-2019,1st Semester,N/A,0,4.90,4.76,4.61,4.22,Permanent Part-time,92.45%,,09/01/2020 3:11:38,11/07/2023 23:21:05
452,62,2018-2019,2nd Semester,N/A,1,4.10,3.39,4.96,4.48,Permanent Part-time,84.65%,,25/07/2019 20:08:55,25/08/2023 17:54:30
453,62,2019-2020,1st Semester,N/A,2,3.29,4.56,3.44,3.52,Permanent Part-time,74.05%,,20/11/2020 16:27:36,21/08/2023 10:22:52
454,62,2019-2020,2nd Semester,N/A,3,4.06,4.32,3.99,4.14,Permanent Part-time,82.55%,,15/08/2021 12:44:24,28/01/2023 05:44:45
455,62,2020-2021,1st Semester,N/A,4,4.89,4.70,4.24,3.60,Permanent Part-time,87.15%,,29/11/2021 13:09:28,21/07/2023 21:09:27
456,62,2020-2021,2nd Semester,N/A,5,3.49,2.87,2.61,2.58,Permanent Part-time,57.75%,,18/11/2020 22:18:45,07/05/2023 22:19:53
457,62,2021-2022,1st Semester,N/A,6,3.34,3.15,4.57,2.64,Permanent Part-time,64%,,1/8/2018 15:40:05,05/06/2023 7:28:58
458,62,2021-2022,2nd Semester,N/A,7,2.93,4.44,2.78,2.54,Permanent Part-time,53.45%,,12/3/2023 12:07:03,22/03/2023 20:50:13
459,62,2022-2023,1st Semester,N/A,0,4.77,4.02,4.01,3.74,Permanent Part-time,82.70%,,13/12/2021 02:20:44,16/05/2023 06:00:26
460,63,2018-2019,1st Semester,N/A,1,3.22,4.65,4.88,4.91,Permanent Part-time,88.30%,,01/02/2018 6:30:57,27/07/2023 12:01:56
461,63,2018-2019,2nd Semester,N/A,2,2.00,2.39,1.59,3.44,Permanent Part-time,47%,,17/01/2023 20:31:24,30/06/2023 04:40:26
462,63,2019-2020,1st Semester,N/A,3,2.73,2.68,3.44,3.42,Permanent Part-time,61.35%,,03/01/2018 9:31:58,03/04/2023 2:24:01
463,63,2019-2020,2nd Semester,N/A,4,3.17,4.41,3.92,3.26,Permanent Part-time,73.80%,,06/06/2020 19:08:27,25/02/2023 15:29:37
464,63,2020-2021,1st Semester,N/A,5,2.32,3.38,3.74,3.10,Permanent Part-time,62.70%,,17/05/2023 05:29:40,05/03/2023 2:34:43
465,63,2020-2021,2nd Semester,N/A,6,3.45,4.49,4.20,4.53,Permanent Part-time,78.35%,,25/06/2023 20:18:15,05/05/2023 20:35:30
466,63,2021-2022,1st Semester,AWOL,0,0,0,0,0,Permanent Part-time,0%,,01/05/2018 12:42:07,25/08/2023 02:22:57
467,64,2018-2019,1st Semester,N/A,2,2.54,3.72,3.61,3.13,Permanent Full-time,65.00%,,01/05/2019 20:21:06,19/09/2023 03:23:45
468,64,2018-2019,2nd Semester,N/A,3,4.58,4.78,4.76,4.07,Permanent Full-time,90.95%,,19/06/2020 08:08:44,09/01/2023 10:06:02
469,64,2019-2020,1st Semester,N/A,4,3.38,3.37,1.39,1.87,Permanent Full-time,50.05%,,11/05/2019 14:54:25,08/01/2023 18:15:02
470,64,2019-2020,2nd Semester,N/A,5,2.77,3.20,2.09,2.19,Permanent Full-time,51.25%,,14/09/2018 01:46:24,16/02/2023 19:12:51
471,64,2020-2021,1st Semester,N/A,6,4.94,3.76,4.74,3.44,Permanent Full-time,79.40%,,19/07/2020 21:30:37,27/05/2023 14:58:19
472,64,2020-2021,2nd Semester,AWOL,0,0,0,0,0,Permanent Full-time,0%,,03/09/2020 17:44:45,27/02/2023 12:01:41
473,65,2018-2019,1st Semester,N/A,3,3.25,3.87,2.53,4.83,Contractual Part-time,72.40%,,10/11/2018 20:22:42,05/02/2023 6:12:05
474,65,2018-2019,2nd Semester,AWOL,0,0,0,0,0,Contractual Part-time,0%,,22/07/2021 04:53:14,13/06/2023 21:39:56
475,65,2022-2023,1st Semester,N/A,3,1.05,3.81,3.40,3.67,Contractual Part-time,59.65%,,10/04/2020 16:59:25,14/06/2023 04:58:21
476,66,2018-2019,1st Semester,N/A,4,3.98,3.66,2.05,2.33,Contractual Part-time,60.10%,,27/06/2022 18:13:30,12/04/2023 14:32:28
477,66,2018-2019,2nd Semester,AWOL,0,0,0,0,0,Contractual Part-time,0%,,06/09/2018 6:46:57,20/06/2023 23:35:21
478,67,2018-2019,1st Semester,N/A,5,4.17,3.79,4.17,4.03,Contractual Part-time,80.80%,,03/12/2021 13:06:25,15/01/2023 18:43:07
479,67,2018-2019,2nd Semester,N/A,6,3.75,2.85,1.82,3.18,Contractual Part-time,53.00%,,22/01/2022 19:37:12,29/07/2023 11:29:13
480,67,2019-2020,1st Semester,N/A,7,4.19,2.84,3.40,2.79,Contractual Part-time,56.10%,,14/10/2018 01:09:58,05/04/2023 7:30:01
481,67,2019-2020,2nd Semester,N/A,0,3.88,4.17,4.88,4.18,Contractual Part-time,85.55%,,17/05/2019 19:25:37,03/09/2023 7:34:36
482,67,2020-2021,1st Semester,AWOL,0,0,0,0,0,Contractual Part-time,0%,,24/01/2020 01:46:59,30/04/2023 00:04:17
483,68,2018-2019,1st Semester,N/A,6,3.19,1.82,2.47,2.78,Permanent Full-time,51.30%,,07/04/2023 17:45:42,20/08/2023 04:46:21
484,68,2018-2019,2nd Semester,N/A,7,2.96,4.09,3.74,2.67,Permanent Full-time,57.30%,,04/05/2022 14:55:12,05/04/2023 2:13:04
485,68,2019-2020,1st Semester,N/A,0,4.59,3.04,4.38,4.55,Permanent Full-time,82.80%,,08/06/2023 9:17:26,18/05/2023 22:47:14
486,68,2019-2020,2nd Semester,N/A,1,3.26,4.55,4.18,3.86,Permanent Full-time,79.25%,,08/06/2023 7:38:27,11/02/2023 0:14:24
487,68,2020-2021,1st Semester,N/A,2,2.55,3.40,3.78,2.55,Permanent Full-time,61.40%,,01/08/2019 11:29:19,07/08/2023 14:07:41
488,68,2020-2021,2nd Semester,N/A,3,3.09,3.59,4.91,4.12,Permanent Full-time,78.55%,,15/03/2023 23:00:31,26/05/2023 14:46:25
489,68,2021-2022,1st Semester,N/A,4,2.62,3.45,4.63,3.61,Permanent Full-time,71.55%,,04/07/2019 6:50:46,31/08/2023 20:29:45
490,68,2021-2022,2nd Semester,AWOL,0,0,0,0,0,Permanent Full-time,0%,,04/03/2022 5:16:45,12/01/2023 0:08:23
491,69,2018-2019,1st Semester,N/A,7,3.48,3.62,2.72,3.13,Permanent Part-time,54.75%,,28/02/2022 14:48:47,24/06/2023 18:13:59
492,69,2018-2019,2nd Semester,N/A,0,3.45,2.11,2.83,3.81,Permanent Part-time,61.00%,,01/07/2020 13:58:01,25/09/2023 17:05:41
493,69,2019-2020,1st Semester,N/A,1,2.37,2.92,3.23,2.95,Permanent Part-time,57.35%,,28/08/2023 00:33:09,06/06/2023 9:54:57
494,69,2019-2020,2nd Semester,N/A,2,2.27,3.54,3.45,1.66,Permanent Part-time,54.60%,,18/06/2021 22:43:25,17/02/2023 07:34:33
495,69,2020-2021,1st Semester,N/A,3,4.16,4.24,4.45,4.59,Permanent Part-time,87.20%,,27/03/2023 06:06:01,14/05/2023 23:02:29
496,69,2020-2021,2nd Semester,N/A,4,1.58,3.21,2.07,3.30,Permanent Part-time,50.80%,,18/08/2021 06:49:12,15/06/2023 08:49:52
497,69,2021-2022,1st Semester,N/A,5,3.12,2.00,3.53,3.54,Permanent Part-time,60.95%,,18/09/2021 23:48:27,13/02/2023 01:52:40
498,69,2021-2022,2nd Semester,AWOL,0,0,0,0,0,Permanent Part-time,0%,,19/06/2022 17:05:55,28/05/2023 11:31:23
499,70,2018-2019,1st Semester,N/A,0,4.67,3.89,3.68,3.91,Permanent Full-time,80.75%,,12/11/2019 10:34:18,30/07/2023 21:51:25
500,70,2018-2019,2nd Semester,N/A,1,3.38,3.05,2.84,1.10,Permanent Full-time,51.85%,,9/7/2022 23:11:25,15/07/2023 18:32:26
501,70,2019-2020,1st Semester,N/A,2,2.40,2.10,3.93,2.87,Permanent Full-time,56.50%,,3/8/2022 0:54:23,09/09/2023 15:57:41
502,70,2019-2020,2nd Semester,N/A,3,2.79,3.28,4.40,2.85,Permanent Full-time,66.60%,,27/09/2018 08:57:09,02/04/2023 22:45:12
503,70,2020-2021,1st Semester,N/A,3,4.16,4.24,4.45,4.59,Permanent Full-time,87.20%,,5/2/2018 21:36:36,13/02/2023 13:17:42
504,70,2020-2021,2nd Semester,N/A,0,4.26,4.1,3.66,3.59,Permanent Full-time,78.05%,,5/3/2018 21:36:36,13/02/2023 13:17:43
505,70,2021-2022,1st Semester,N/A,1,3.4,3.94,3.33,3.35,Permanent Full-time,70.10%,,5/4/2018 21:36:36,13/02/2023 13:17:44
506,70,2021-2022,2nd Semester,N/A,2,4.75,4.92,3.86,3.18,Permanent Full-time,83.55%,,5/5/2018 21:36:36,13/02/2023 13:17:45
507,70,2022-2023,1st Semester,N/A,3,4.1,3.9,4.39,3.01,Permanent Full-time,77.00%,,5/6/2018 21:36:36,13/02/2023 13:17:46
508,70,2022-2023,2nd Semester,N/A,0,3.45,4.88,4.32,2.84,Permanent Full-time,77.45%,,5/7/2018 21:36:36,13/02/2023 13:17:47
509,71,2018-2019,1st Semester,N/A,1,3.37,3.76,4.15,4.09,Contractual Part-time,76.85%,,25/10/2020 02:37:28,30/05/2023 09:37:26
510,71,2018-2019,2nd Semester,N/A,3,4.30,4.65,4.92,4.79,Contractual Part-time,93.30%,,20/01/2021 17:43:48,21/09/2023 05:49:47
511,71,2019-2020,1st Semester,N/A,1,4.88,4.84,4.82,4.96,Contractual Part-time,97.50%,,25/10/2020 02:37:28,30/05/2023 09:37:26
512,71,2019-2020,2nd Semester,N/A,2,5.00,5.00,5.00,5.00,Contractual Part-time,100.00%,,20/01/2021 17:43:48,21/09/2023 05:49:47
513,71,2020-2021,1st Semester,N/A,1,5.00,5.00,5.00,5.00,Contractual Part-time,100.00%,,25/10/2020 02:37:28,30/05/2023 09:37:26
514,71,2020-2021,2nd Semester,N/A,1,5.00,5.00,5.00,5.00,Contractual Part-time,100.00%,,20/01/2021 17:43:48,21/09/2023 05:49:47
515,71,2021-2022,1st Semester,N/A,1,4.90,4.85,5.00,5.00,Contractual Part-time,98.75%,,25/10/2020 02:37:28,30/05/2023 09:37:26
516,71,2021-2022,2nd Semester,N/A,1,4.80,4.70,4.90,4.85,Contractual Part-time,96.25%,,20/01/2021 17:43:48,21/09/2023 05:49:47
517,71,2022-2023,1st Semester,N/A,1,5.00,5.00,5.00,5.00,Contractual Part-time,100.00%,,25/10/2020 02:37:28,30/05/2023 09:37:26
518,71,2022-2023,2nd Semester,N/A,0,4.60,4.80,5.00,5.00,Contractual Part-time,97.00%,,20/01/2021 17:43:48,21/09/2023 05:49:47
519,72,2018-2019,1st Semester,N/A,2,3.81,2.81,2.01,3.63,Contractual Full-time,61.30%,,8/3/2022 8:49:39,07/05/2023 13:38:08
520,72,2018-2019,2nd Semester,N/A,3,3.50,2.09,3.76,1.28,Contractual Full-time,53.15%,,25/07/2019 14:52:24,18/03/2023 22:25:51
521,72,2019-2020,1st Semester,N/A,4,2.02,3.69,3.09,1.83,Contractual Full-time,53.15%,,19/12/2022 09:44:11,21/04/2023 17:36:01
522,72,2019-2020,2nd Semester,N/A,5,4.74,4.75,4.28,4.10,Contractual Full-time,89.35%,,15/10/2019 17:21:48,13/07/2023 15:17:27
523,72,2020-2021,1st Semester,N/A,6,3.60,2.72,4.83,2.60,Contractual Full-time,63.75%,,5/7/2021 6:50:06,15/01/2023 17:59:34
524,72,2020-2021,2nd Semester,N/A,7,3.32,4.98,4.02,4.89,Contractual Full-time,76.05%,,11/1/2022 15:16:43,04/05/2023 14:10:28
525,72,2021-2022,1st Semester,N/A,0,3.71,2.65,2.41,2.91,Contractual Full-time,58.40%,,18/10/2019 08:29:53,13/07/2023 02:52:33
526,72,2021-2022,2nd Semester,N/A,1,3.63,3.88,4.35,3.11,Contractual Full-time,74.85%,,9/10/2021 11:29:13,25/05/2023 01:30:08
527,72,2022-2023,1st Semester,N/A,2,4.45,2.96,2.94,3.67,Contractual Full-time,70.10%,,2/12/2018 21:48:49,21/05/2023 19:27:06
528,72,2022-2023,2nd Semester,N/A,2,4.47,4.47,4.57,4.58,Contractual Full-time,90.45%,,2/12/2018 21:48:49,21/05/2023 19:27:06
529,73,2018-2019,1st Semester,N/A,1,3.97,3.68,4.40,4.27,Contractual Part-time,81.60%,,9/6/2022 5:48:00,17/07/2023 22:50:07
530,73,2018-2019,2nd Semester,N/A,1,3.14,3.54,4.17,3.71,Contractual Part-time,83.55%,,9/6/2022 5:48:00,17/07/2023 22:50:07
531,73,2019-2020,1st Semester,N/A,1,4.14,3.90,4.51,4.43,Contractual Part-time,84.90%,,9/6/2022 5:48:00,17/07/2023 22:50:07
532,73,2019-2020,2nd Semester,N/A,1,4.31,4.10,4.59,4.56,Contractual Part-time,87.80%,,9/6/2022 5:48:00,17/07/2023 22:50:07
533,73,2020-2021,1st Semester,N/A,1,3.75,4.32,4.38,4.47,Contractual Part-time,84.60%,,9/6/2022 5:48:00,17/07/2023 22:50:07
534,73,2020-2021,2nd Semester,N/A,1,3.56,4.51,3.92,3.83,Contractual Part-time,79.10%,,9/6/2022 5:48:00,17/07/2023 22:50:07
535,73,2021-2022,1st Semester,N/A,1,3.76,4.29,4.00,4.29,Contractual Part-time,81.70%,,9/6/2022 5:48:00,17/07/2023 22:50:07
536,73,2021-2022,2nd Semester,N/A,1,3.44,4.13,4.22,4.43,Contractual Part-time,81.10%,,9/6/2022 5:48:00,17/07/2023 22:50:07
537,73,2022-2023,1st Semester,N/A,1,3.00,3.32,3.62,3.58,Contractual Part-time,67.60%,,9/6/2022 5:48:00,17/07/2023 22:50:07
538,73,2022-2023,2nd Semester,N/A,1,3.63,3.41,3.80,3.90,Contractual Part-time,73.70%,,9/6/2022 5:48:00,17/07/2023 22:50:07
539,74,2018-2019,1st Semester,N/A,2,4.11,4.14,3.53,3.99,Permanent Full-time,78.85%,,17/03/2022 03:49:37,31/05/2023 10:50:19
540,74,2018-2019,2nd Semester,N/A,3,2.22,3.14,3.52,3.32,Permanent Full-time,61.00%,,7/8/2020 22:21:21,22/01/2023 10:46:13
541,74,2019-2020,1st Semester,N/A,4,4.11,4.14,3.53,3.99,Permanent Full-time,78.85%,,17/03/2022 03:49:37,31/05/2023 10:50:19
542,74,2019-2020,2nd Semester,N/A,3,2.01,2.86,3.29,3.12,Permanent Full-time,56.40%,,7/8/2020 22:21:21,22/01/2023 10:46:13
543,74,2020-2021,1st Semester,N/A,4,2.16,2.73,2.91,2.97,Permanent Full-time,78.85%,,17/03/2022 03:49:37,31/05/2023 10:50:19
544,74,2020-2021,2nd Semester,N/A,4,1.79,2.41,2.53,2.63,Permanent Full-time,46.80%,,7/8/2020 22:21:21,22/01/2023 10:46:13
545,75,2018-2019,1st Semester,N/A,5,2.25,3.57,2.37,3.38,Permanent Part-time,57.85%,,5/3/2021 20:21:34,27/02/2023 07:13:44
546,75,2018-2019,2nd Semester,N/A,6,5.00,3.72,3.64,2.88,Permanent Part-time,66.20%,,28/04/2021 23:22:02,03/02/2023 4:37:28
547,75,2019-2020,1st Semester,N/A,7,2.93,3.85,3.56,2.19,Permanent Part-time,52.65%,,22/11/2020 05:55:45,30/03/2023 02:16:10
548,75,2019-2020,2nd Semester,N/A,0,4.12,3.93,3.01,4.65,Permanent Part-time,78.55%,,9/7/2020 8:18:54,10/02/2023 0:58:58
549,75,2020-2021,1st Semester,AWOL,3,2.19,1.94,2.28,2.32,Permanent Part-time,44%,,5/4/2022 23:54:47,18/06/2023 11:12:05
550,76,2018-2019,1st Semester,AWOL,0,0,0,0,0,Permanent Full-time,0%,,5/12/2022 11:58:35,10/07/2023 15:21:18
551,77,2018-2019,1st Semester,N/A,7,4.30,2.58,4.00,4.93,Permanent Full-time,69.05%,,23/06/2019 14:39:22,31/01/2023 18:39:48
552,77,2018-2019,2nd Semester,N/A,0,3.07,3.97,4.33,4.99,Permanent Full-time,71.80%,,23/09/2018 21:52:04,11/05/2023 10:53:37
553,77,2019-2020,1st Semester,N/A,4,2.39,2.23,2.45,2.49,Permanent Full-time,48%,,3/3/2018 11:26:23,17/07/2023 08:15:18
554,78,2018-2019,1st Semester,N/A,0,4.10,3.36,4.07,4.09,Guest Lecturer,78.10%,,15/12/2020 12:04:34,28/04/2023 00:36:08
555,78,2018-2019,2nd Semester,N/A,1,2.89,3.99,2.59,2.52,Guest Lecturer,59.95%,,12/3/2018 16:11:06,20/09/2023 23:45:17
556,78,2019-2020,1st Semester,N/A,2,3.34,4.77,4.73,4.27,Guest Lecturer,85.55%,,1/3/2018 0:25:30,01/04/2023 10:44:42
557,78,2019-2020,2nd Semester,N/A,3,3.68,3.41,3.63,2.17,Guest Lecturer,64.45%,,24/12/2020 10:13:23,31/08/2023 16:58:05
558,78,2020-2021,1st Semester,N/A,4,3.16,3.08,3.46,3.58,Guest Lecturer,66.40%,,18/04/2020 10:35:43,11/04/2023 9:54:19
559,78,2020-2021,2nd Semester,N/A,4,3.16,3.08,3.46,3.58,Guest Lecturer,66.40%,,1/12/2020 17:20:27,18/06/2023 21:41:45
560,79,2018-2019,1st Semester,N/A,1,4.26,4.38,4.90,3.80,Contractual Part-time,76.70%,,27/01/2023 11:19:29,07/09/2023 3:25:27
561,79,2018-2019,2nd Semester,N/A,2,3.09,3.05,3.26,4.60,Contractual Part-time,70.00%,,15/04/2022 21:10:44,06/05/2023 5:36:03
562,79,2019-2020,1st Semester,N/A,3,2.64,3.17,4.25,4.60,Contractual Part-time,73.30%,,24/10/2018 19:56:37,30/07/2023 10:47:21
563,79,2019-2020,2nd Semester,N/A,4,3.55,4.25,3.19,3.26,Contractual Part-time,71.25%,,3/7/2019 1:14:24,18/02/2023 23:29:49
564,79,2020-2021,1st Semester,N/A,5,3.15,3.80,2.62,2.57,Contractual Part-time,60.70%,,2/4/2022 22:42:10,26/04/2023 15:31:40
565,79,2020-2021,2nd Semester,N/A,6,3.75,2.62,4.71,4.61,Contractual Part-time,73.45%,,12/9/2023 23:55:08,18/07/2023 08:13:32
566,79,2021-2022,1st Semester,N/A,7,4.63,3.22,3.76,3.78,Contractual Part-time,66.95%,,31/12/2022 09:37:42,18/04/2023 12:38:57
567,79,2021-2022,2nd Semester,N/A,0,3.79,2.26,2.95,2.43,Contractual Part-time,57.15%,,28/11/2022 21:29:21,10/02/2023 1:32:53
568,79,2022-2023,1st Semester,N/A,1,3.22,4.53,3.73,3.12,Contractual Part-time,73.00%,,21/09/2023 12:24:07,26/05/2023 01:37:27
569,80,2018-2019,1st Semester,N/A,2,2.85,1.93,2.80,2.60,Contractual Full-time,50.90%,,9/3/2021 2:34:27,29/01/2023 15:08:16
570,80,2018-2019,2nd Semester,N/A,2,3.09,3.05,3.26,4.60,Contractual Full-time,70.00%,,30/01/2018 06:55:54,23/08/2023 22:26:44
571,80,2019-2020,1st Semester,N/A,3,2.64,3.17,4.25,4.60,Contractual Full-time,73.30%,,9/3/2021 2:34:27,29/01/2023 15:08:16
572,80,2019-2020,2nd Semester,N/A,4,3.55,4.25,3.19,3.26,Contractual Full-time,71.25%,,30/01/2018 06:55:54,23/08/2023 22:26:44
573,80,2020-2021,1st Semester,N/A,5,3.15,3.80,2.62,2.57,Contractual Full-time,60.70%,,9/3/2021 2:34:27,29/01/2023 15:08:16
574,80,2020-2021,2nd Semester,N/A,6,3.75,2.62,4.71,4.61,Contractual Full-time,73.45%,,30/01/2018 06:55:54,23/08/2023 22:26:44
575,80,2021-2022,1st Semester,N/A,7,4.63,3.22,3.76,3.78,Contractual Full-time,66.95%,,9/3/2021 2:34:27,29/01/2023 15:08:16
576,80,2021-2022,2nd Semester,N/A,0,3.79,2.26,2.95,2.43,Contractual Full-time,57.15%,,30/01/2018 06:55:54,23/08/2023 22:26:44
577,80,2022-2023,1st Semester,N/A,1,3.22,4.53,3.73,3.12,Contractual Full-time,73.00%,,9/3/2021 2:34:27,29/01/2023 15:08:16
578,81,2018-2019,1st Semester,N/A,3,4.58,3.69,3.35,4.49,Guest Lecturer,80.55%,,6/5/2022 4:05:39,28/04/2023 03:09:14
579,81,2018-2019,2nd Semester,N/A,4,2.66,3.31,4.27,3.09,Guest Lecturer,66.65%,,18/09/2023 13:55:18,24/09/2023 02:47:27
580,81,2019-2020,1st Semester,N/A,5,3.74,3.23,2.72,4.10,Guest Lecturer,68.95%,,5/11/2018 22:51:33,26/05/2023 12:03:46
581,81,2019-2020,2nd Semester,N/A,6,2.61,3.93,3.14,3.43,Guest Lecturer,60.55%,,6/5/2021 22:10:37,19/09/2023 00:20:13
582,81,2020-2021,1st Semester,N/A,7,2.54,3.38,3.79,4.27,Guest Lecturer,59.90%,,6/2/2019 3:13:47,02/03/2023 15:27:16
583,81,2020-2021,2nd Semester,N/A,0,3.91,2.62,3.89,3.96,Guest Lecturer,71.90%,,13/11/2020 04:17:17,19/01/2023 20:48:49
584,81,2021-2022,1st Semester,N/A,1,4.32,4.70,4.18,4.23,Guest Lecturer,87.15%,,5/4/2019 2:45:41,19/04/2023 10:20:27
585,81,2021-2022,2nd Semester,N/A,1,4.32,4.70,4.18,4.23,Guest Lecturer,87.15%,,19/01/2023 02:26:58,20/07/2023 05:30:49
586,82,2018-2019,1st Semester,N/A,4,3.20,4.04,2.92,3.53,Permanent Full-time,68.45%,,20/11/2021 12:50:46,02/03/2023 19:10:52
587,82,2018-2019,2nd Semester,N/A,5,3.06,3.14,4.36,4.64,Permanent Full-time,76.00%,,1/1/2022 1:11:54,19/09/2023 20:04:22
588,82,2019-2020,1st Semester,N/A,6,2.47,2.73,3.92,3.92,Permanent Full-time,55.20%,,18/07/2022 05:22:02,04/07/2023 8:08:57
589,82,2019-2020,2nd Semester,N/A,3,2.14,2.30,1.97,2.70,Permanent Full-time,45.55%,,24/12/2019 04:09:23,27/04/2023 06:51:53
590,83,2018-2019,1st Semester,N/A,5,3.22,3.34,3.78,3.28,Contractual Full-time,68.10%,,21/03/2019 04:09:04,08/09/2023 22:16:14
591,83,2018-2019,2nd Semester,N/A,6,3.43,2.24,2.80,2.78,Contractual Full-time,51.25%,,13/12/2021 20:51:12,17/06/2023 12:36:03
592,83,2019-2020,1st Semester,N/A,7,4.73,4.80,4.48,3.37,Contractual Full-time,76.90%,,30/01/2018 00:56:33,06/02/2023 20:35:02
593,83,2019-2020,2nd Semester,N/A,0,2.17,2.78,2.12,3.62,Contractual Full-time,53.45%,,12/8/2018 16:57:27,09/03/2023 10:10:41
594,83,2020-2021,1st Semester,N/A,1,4.59,4.78,3.90,4.90,Contractual Full-time,90.85%,,11/2/2022 12:25:14,30/04/2023 10:48:32
595,83,2020-2021,2nd Semester,N/A,2,2.92,1.48,2.29,3.87,Contractual Full-time,52.80%,,12/3/2023 18:01:56,15/09/2023 23:25:17
596,83,2021-2022,1st Semester,N/A,1,4.59,4.78,3.90,4.90,Contractual Full-time,90.85%,,26/06/2023 21:08:08,09/09/2023 14:24:38
597,84,2018-2019,1st Semester,N/A,6,2.75,3.54,2.24,3.70,Permanent Part-time,56.15%,,25/05/2018 14:56:36,25/03/2023 12:45:11
598,84,2018-2019,2nd Semester,N/A,7,3.14,3.47,3.81,3.02,Permanent Part-time,57.20%,,21/12/2018 01:51:02,27/03/2023 10:49:42
599,84,2019-2020,1st Semester,N/A,0,3.63,3.06,3.56,2.42,Permanent Part-time,63.35%,,26/02/2020 06:11:40,06/01/2023 2:42:06
600,84,2019-2020,2nd Semester,N/A,1,4.02,4.41,4.56,4.45,Permanent Part-time,87.20%,,5/12/2022 16:00:04,17/05/2023 01:45:35
601,84,2020-2021,1st Semester,N/A,2,3.19,3.32,2.63,2.25,Permanent Part-time,56.95%,,17/09/2021 04:55:14,04/01/2023 2:06:25
602,84,2020-2021,2nd Semester,N/A,3,3.04,3.06,3.84,2.46,Permanent Part-time,62.00%,,5/7/2018 19:39:43,08/01/2023 10:55:17
603,84,2021-2022,1st Semester,N/A,4,3.98,4.44,4.46,4.79,Permanent Part-time,88.35%,,28/12/2018 01:17:19,22/05/2023 07:46:56
604,84,2021-2022,2nd Semester,N/A,5,3.31,2.65,3.06,2.93,Permanent Part-time,54.75%,,2/8/2021 19:28:28,07/09/2023 12:44:12
605,84,2022-2023,1st Semester,N/A,6,3.78,4.06,3.18,3.93,Permanent Part-time,69.75%,,19/12/2021 03:02:57,30/04/2023 11:39:04
606,85,2018-2019,1st Semester,N/A,7,2.79,4.17,4.61,4.19,Contractual Part-time,68.80%,,5/7/2023 16:15:59,18/06/2023 20:09:45
607,85,2018-2019,2nd Semester,N/A,0,3.34,3.60,2.61,4.88,Contractual Part-time,72.15%,,30/06/2020 09:56:09,18/08/2023 01:53:54
608,85,2019-2020,1st Semester,N/A,1,3.82,4.83,4.28,4.08,Contractual Part-time,85.05%,,26/05/2023 12:53:50,04/06/2023 20:14:21
609,85,2019-2020,2nd Semester,N/A,2,3.85,4.85,4.76,4.41,Contractual Part-time,89.35%,,7/11/2018 16:33:41,09/04/2023 22:38:19
610,85,2020-2021,1st Semester,N/A,3,3.18,3.40,3.20,2.63,Contractual Part-time,62.05%,,25/05/2022 18:39:14,11/03/2023 11:30:36
611,85,2020-2021,2nd Semester,N/A,4,4.15,3.91,2.89,4.14,Contractual Part-time,75.45%,,16/01/2021 00:41:30,10/02/2023 2:39:10
612,85,2021-2022,1st Semester,N/A,5,3.42,3.71,2.03,3.23,Contractual Part-time,61.95%,,16/08/2020 22:50:05,07/03/2023 15:24:35
613,85,2021-2022,2nd Semester,N/A,2,3.85,4.85,4.76,4.41,Contractual Part-time,89.35%,,28/07/2021 11:42:53,26/05/2023 09:56:20
614,86,2018-2019,1st Semester,N/A,0,4.97,4.30,2.86,4.31,Contractual Part-time,82.20%,,15/11/2019 05:18:50,15/07/2023 06:22:20
615,86,2018-2019,2nd Semester,AWOL,0,0,0,0,0,Contractual Part-time,0%,,14/03/2022 04:46:48,14/06/2023 16:31:19
616,87,2018-2019,1st Semester,N/A,1,2.67,2.53,3.63,3.32,Permanent Part-time,60.75%,,23/07/2021 08:02:58,26/08/2023 00:56:58
617,87,2018-2019,2nd Semester,N/A,2,2.74,3.46,2.85,3.49,Permanent Part-time,62.70%,,20/03/2020 15:38:43,06/06/2023 0:23:07
618,87,2019-2020,1st Semester,N/A,3,4.76,3.82,4.50,4.95,Permanent Part-time,90.15%,,1/3/2020 22:55:20,03/02/2023 17:28:14
619,87,2019-2020,2nd Semester,N/A,4,2.59,3.49,4.27,3.28,Permanent Part-time,68.15%,,11/2/2021 11:51:17,13/01/2023 16:30:39
620,87,2020-2021,1st Semester,N/A,5,3.34,3.01,4.08,3.53,Permanent Part-time,69.80%,,27/10/2020 21:28:44,15/05/2023 07:03:31
621,87,2020-2021,2nd Semester,N/A,6,3.15,2.62,3.20,2.88,Permanent Part-time,54.25%,,4/12/2022 6:58:26,28/03/2023 23:59:58
622,87,2021-2022,1st Semester,N/A,7,4.24,4.19,3.72,4.42,Permanent Part-time,72.85%,,15/05/2022 06:56:11,06/09/2023 22:42:40
623,87,2021-2022,2nd Semester,N/A,0,2.96,2.79,3.39,1.50,Permanent Part-time,53.20%,,1/4/2022 9:36:37,28/04/2023 17:53:13
624,87,2022-2023,1st Semester,N/A,1,4.95,3.02,2.54,4.51,Permanent Part-time,75.10%,,17/03/2019 11:02:53,24/08/2023 02:09:18
625,88,2018-2019,1st Semester,AWOL,0,0,0,0,0,Permanent Full-time,0%,,23/02/2019 09:48:45,19/04/2023 19:36:29
626,89,2018-2019,1st Semester,N/A,3,4.16,3.18,2.51,3.72,Guest Lecturer,67.85%,,25/04/2022 20:56:29,28/08/2023 06:55:13
627,89,2018-2019,2nd Semester,N/A,4,3.52,4.86,4.00,3.75,Guest Lecturer,80.65%,,7/1/2022 23:37:25,28/09/2023 06:21:59
628,89,2019-2020,1st Semester,N/A,5,3.03,3.95,2.99,2.35,Guest Lecturer,61.60%,,12/5/2019 4:32:43,28/05/2023 14:32:48
629,89,2019-2020,2nd Semester,N/A,6,4.49,4.24,4.14,4.01,Guest Lecturer,79.40%,,11/4/2021 12:46:31,23/03/2023 14:39:41
630,89,2020-2021,1st Semester,AWOL,0,0,0,0,0,Guest Lecturer,0%,,1/8/2021 8:12:08,31/03/2023 08:15:20
631,90,2018-2019,1st Semester,N/A,4,4.82,3.48,4.62,3.24,Permanent Part-time,80.80%,,19/07/2022 04:35:33,08/03/2023 10:55:27
632,90,2018-2019,2nd Semester,AWOL,0,0,0,0,0,Permanent Part-time,0%,,2/10/2020 22:53:41,02/06/2023 9:26:28
633,91,2018-2019,1st Semester,N/A,5,3.00,3.89,3.15,2.20,Contractual Part-time,61.20%,,8/3/2023 11:42:32,16/01/2023 09:11:37
634,91,2018-2019,2nd Semester,N/A,6,2.34,3.80,3.83,1.66,Contractual Part-time,58.15%,,25/12/2022 22:36:50,01/09/2023 15:31:51
635,91,2019-2020,1st Semester,AWOL,0,0,0,0,0,Contractual Part-time,0%,,10/2/2019 0:50:35,02/01/2023 8:19:20
636,92,2018-2019,1st Semester,N/A,6,3.34,2.75,3.08,3.69,Permanent Full-time,59.30%,,13/12/2020 11:04:02,08/08/2023 16:24:36
637,92,2018-2019,2nd Semester,N/A,7,4.96,3.59,2.65,3.30,Permanent Full-time,62.50%,,5/12/2019 22:21:41,05/02/2023 18:51:03
638,92,2019-2020,1st Semester,N/A,0,3.45,3.22,3.25,3.66,Permanent Full-time,67.90%,,5/10/2019 9:34:27,03/03/2023 12:32:45
639,92,2019-2020,2nd Semester,N/A,1,2.67,3.29,2.44,2.80,Permanent Full-time,56.00%,,20/09/2018 23:07:46,20/01/2023 05:13:13
640,92,2020-2021,1st Semester,N/A,2,1.88,2.13,2.98,3.02,Permanent Full-time,50.05%,,7/2/2018 4:53:08,26/08/2023 09:13:15
641,92,2020-2021,2nd Semester,N/A,3,4.17,3.53,3.01,4.32,Permanent Full-time,75.15%,,3/9/2022 18:51:41,13/06/2023 11:14:31
642,92,2021-2022,1st Semester,N/A,4,2.75,3.28,1.58,3.23,Permanent Full-time,54.20%,,19/05/2023 13:54:46,18/09/2023 23:37:14
643,92,2021-2022,2nd Semester,N/A,5,3.38,2.66,1.79,3.31,Permanent Full-time,55.70%,,16/11/2020 02:25:50,03/06/2023 4:40:03
644,92,2022-2023,1st Semester,N/A,6,3.64,3.20,3.34,3.09,Permanent Full-time,61.35%,,26/12/2021 11:06:08,08/02/2023 2:11:53
645,93,2018-2019,1st Semester,N/A,7,3.41,3.57,3.14,3.08,Permanent Full-time,56.00%,,30/05/2022 03:22:37,07/07/2023 14:59:17
646,94,2018-2019,1st Semester,N/A,0,3.20,2.27,3.15,2.71,Permanent Part-time,56.65%,,5/10/2019 23:31:19,25/07/2023 21:56:59
647,94,2018-2019,2nd Semester,N/A,1,3.26,4.69,3.41,3.23,Permanent Part-time,72.95%,,30/05/2022 19:48:53,08/03/2023 11:10:08
648,94,2019-2020,1st Semester,N/A,2,2.22,2.93,1.99,3.57,Permanent Part-time,53.55%,,23/02/2021 10:56:48,21/09/2023 06:45:26
649,94,2019-2020,2nd Semester,N/A,3,3.10,3.04,3.57,1.81,Permanent Part-time,57.60%,,28/06/2020 04:35:18,23/03/2023 18:42:14
650,94,2020-2021,1st Semester,N/A,4,3.93,4.66,4.94,3.70,Permanent Part-time,86.15%,,19/10/2022 03:18:52,10/06/2023 1:17:49
651,94,2020-2021,2nd Semester,N/A,5,2.52,3.30,2.74,3.79,Permanent Part-time,61.75%,,28/06/2023 14:55:06,16/03/2023 07:30:06
652,94,2021-2022,1st Semester,N/A,6,4.46,3.04,3.29,4.00,Permanent Part-time,68.95%,,29/11/2020 20:23:36,01/06/2023 18:11:54
653,94,2021-2022,2nd Semester,AWOL,0,0,0,0,0,Permanent Part-time,0%,,17/08/2023 05:41:49,04/05/2023 16:36:18
654,95,2018-2019,1st Semester,N/A,1,5.00,4.46,4.41,3.43,Contractual Full-time,86.50%,,1/9/2022 13:26:34,26/05/2023 19:57:54
655,95,2018-2019,2nd Semester,N/A,2,3.49,4.48,3.51,2.87,Contractual Full-time,71.75%,,1/4/2018 17:11:17,04/07/2023 0:52:42
656,95,2019-2020,1st Semester,N/A,3,4.94,3.39,4.19,4.24,Contractual Full-time,83.80%,,16/04/2020 07:14:33,09/02/2023 23:18:56
657,95,2019-2020,2nd Semester,N/A,4,3.85,3.28,4.42,4.30,Contractual Full-time,79.25%,,17/11/2019 19:33:01,19/07/2023 01:29:02
658,95,2020-2021,1st Semester,N/A,5,2.88,3.27,3.14,2.00,Contractual Full-time,56.45%,,23/08/2022 04:44:24,06/07/2023 2:13:58
659,95,2020-2021,2nd Semester,N/A,6,3.86,2.56,3.08,5.00,Contractual Full-time,67.50%,,6/2/2023 3:39:48,29/06/2023 00:03:56
660,95,2021-2022,1st Semester,AWOL,0,0,0,0,0,Contractual Full-time,0%,,15/01/2019 07:13:44,21/09/2023 19:57:47
661,96,2018-2019,1st Semester,N/A,2,2.55,3.84,2.74,2.09,Contractual Part-time,56.10%,,28/05/2019 04:57:59,04/06/2023 7:40:49
662,96,2018-2019,2nd Semester,N/A,3,2.62,3.70,4.22,2.61,Contractual Part-time,65.75%,,17/01/2021 20:58:44,08/09/2023 3:13:51
663,96,2019-2020,1st Semester,N/A,4,3.02,3.97,2.25,2.14,Contractual Part-time,56.90%,,19/12/2021 01:51:47,29/08/2023 19:40:58
664,96,2019-2020,2nd Semester,AWOL,0,0,0,0,0,Contractual Part-time,0%,,27/07/2022 03:38:04,16/02/2023 21:07:28
665,97,2018-2019,1st Semester,N/A,3,3.00,3.84,4.16,4.74,Guest Lecturer,78.70%,,6/3/2021 19:05:10,18/01/2023 02:55:22
666,97,2018-2019,2nd Semester,N/A,4,4.84,4.90,4.85,3.36,Guest Lecturer,89.75%,,1/2/2022 13:44:06,16/08/2023 05:49:34
667,97,2019-2020,1st Semester,N/A,5,2.00,1.63,3.41,3.79,Guest Lecturer,54.15%,,20/07/2019 21:54:11,03/09/2023 14:09:15
668,97,2019-2020,2nd Semester,N/A,6,3.59,3.10,4.60,4.98,Guest Lecturer,76.35%,,12/1/2021 4:04:33,31/01/2023 03:05:58
669,97,2020-2021,1st Semester,N/A,7,4.88,2.77,3.23,3.09,Guest Lecturer,59.85%,,5/8/2021 15:08:21,11/02/2023 9:00:44
670,97,2020-2021,2nd Semester,N/A,0,2.94,3.44,3.83,1.90,Guest Lecturer,60.55%,,3/7/2020 23:10:12,06/07/2023 22:09:21
671,97,2021-2022,1st Semester,AWOL,0,0,0,0,0,Guest Lecturer,0%,,21/11/2018 02:37:46,27/06/2023 12:51:55
672,98,2018-2019,1st Semester,N/A,4,2.68,2.27,3.43,2.42,Contractual Full-time,54.00%,,30/07/2019 00:52:06,13/09/2023 02:16:10
673,98,2018-2019,2nd Semester,N/A,5,3.72,4.60,3.02,4.94,Contractual Full-time,81.40%,,27/11/2021 07:35:02,09/07/2023 16:33:19
674,98,2019-2020,1st Semester,N/A,6,3.57,3.88,4.73,4.93,Contractual Full-time,85.55%,,24/11/2021 07:28:37,25/06/2023 12:16:37
675,98,2019-2020,2nd Semester,N/A,7,4.52,3.40,4.94,4.26,Contractual Full-time,75.60%,,3/10/2018 20:48:19,31/07/2023 11:24:47
676,98,2020-2021,1st Semester,N/A,3,4.23,4.86,3.66,3.00,Contractual Full-time,78.75%,,9/7/2023 10:24:49,11/03/2023 19:53:40
677,98,2020-2021,2nd Semester,N/A,1,2.48,2.60,2.37,2.70,Contractual Full-time,50.75%,,10/5/2022 4:06:27,28/02/2023 11:24:53
678,98,2021-2022,1st Semester,N/A,2,3.18,4.25,4.43,4.93,Contractual Full-time,83.95%,,17/09/2023 04:02:36,09/05/2023 16:08:29
679,98,2021-2022,2nd Semester,N/A,3,3.32,1.99,1.45,3.31,Contractual Full-time,50.35%,,25/11/2022 21:26:12,09/05/2023 12:11:02
680,98,2022-2023,1st Semester,N/A,4,3.28,4.00,3.10,3.92,Contractual Full-time,71.50%,,1/9/2019 10:06:57,05/02/2023 18:57:48
681,99,2018-2019,1st Semester,N/A,5,4.44,4.02,3.92,4.50,Permanent Part-time,84.40%,,17/01/2019 08:30:05,17/02/2023 18:41:07
682,99,2018-2019,2nd Semester,N/A,6,4.18,4.13,4.61,4.25,Permanent Part-time,80.85%,,20/03/2022 09:04:43,17/04/2023 07:28:16
683,99,2019-2020,1st Semester,N/A,7,2.68,2.72,3.31,3.55,Permanent Part-time,51.30%,,15/03/2019 02:19:57,05/05/2023 3:47:41
684,99,2019-2020,2nd Semester,N/A,0,3.42,3.89,3.68,3.20,Permanent Part-time,70.95%,,25/05/2018 09:31:02,03/09/2023 0:34:03
685,99,2020-2021,1st Semester,N/A,1,3.01,4.52,3.14,5.00,Permanent Part-time,78.35%,,6/4/2022 10:38:34,01/03/2023 18:30:57
686,99,2020-2021,2nd Semester,N/A,2,3.73,3.72,2.85,3.72,Permanent Part-time,70.10%,,2/4/2020 7:52:00,22/07/2023 18:01:42
687,99,2021-2022,1st Semester,N/A,3,3.11,4.23,4.41,4.94,Permanent Part-time,83.45%,,13/10/2019 08:10:34,18/03/2023 23:56:32
688,99,2021-2022,2nd Semester,N/A,4,3.00,4.00,3.00,5.00,Permanent Part-time,75.00%,,16/01/2018 17:24:22,12/05/2023 3:58:30
689,99,2022-2023,1st Semester,N/A,5,4.54,3.42,2.56,3.62,Permanent Part-time,70.70%,,15/03/2020 18:33:33,03/01/2023 8:52:22
690,100,2018-2019,1st Semester,AWOL,0,0,0,0,0,Permanent Full-time,0%,,18/08/2020 19:22:30,04/08/2023 14:07:48
691,101,2018-2019,1st Semester,N/A,2,4.77,3.99,4.56,3.22,Contractual Full-time,82.70%,,2/23/2018 7:07:00,6/1/2023 7:36
692,101,2018-2019,2nd Semester,N/A,3,4.08,3.56,4.51,3.13,Contractual Full-time,76.40%,,7/17/2018 7:36:00,7/26/2023 16:17
693,101,2019-2020,1st Semester,N/A,4,5,3.21,3.59,3.2,Contractual Full-time,75.00%,,12/23/2019 8:26:00,8/3/2023 16:32
694,101,2019-2020,2nd Semester,N/A,5,3.31,3.3,4.09,3.44,Contractual Full-time,70.70%,,1/1/2019 10:01:00,8/22/2023 16:46
695,101,2020-2021,1st Semester,N/A,6,3.2,3.33,4.81,3.21,Contractual Full-time,67.75%,,1/6/2020 15:21:00,8/23/2023 16:53
696,101,2020-2021,2nd Semester,N/A,0,4.91,4.32,3.66,3.44,Contractual Full-time,81.65%,,2/16/2020 15:40:00,8/30/2023 17:08
697,101,2021-2022,1st Semester,N/A,2,4.53,3.92,3.6,4.43,Contractual Full-time,82.40%,,5/11/2021 17:26:00,9/5/2023 17:25
698,101,2021-2022,2nd Semester,N/A,3,4.35,3.27,4.52,3.15,Contractual Full-time,76.45%,,8/4/2021 16:43:00,9/8/2023 17:36
699,101,2022-2023,1st Semester,N/A,4,4.63,4.68,3.71,3.38,Contractual Full-time,82.00%,,8/26/2022 17:41:00,9/11/2023 18:38
700,102,2018-2019,1st Semester,N/A,0,3.77,3.66,4.54,4.91,Permanent Full-time,84.40%,,9/20/2022 19:23:00,9/19/2023 19:51
701,102,2018-2019,2nd Semester,N/A,3,4.64,4.4,3.01,3.95,Permanent Full-time,80.00%,,12/16/2018 13:20:00,10/12/2023 20:00
702,102,2019-2020,1st Semester,N/A,4,3.86,3.68,4.23,3.98,Permanent Full-time,78.75%,,3/2/2019 13:24:00,10/20/2023 20:54
703,102,2019-2020,2nd Semester,N/A,5,4.1,4.48,4.41,4.21,Permanent Full-time,86.00%,,3/22/2019 14:22:00,10/27/2023 16:53
704,102,2020-2021,1st Semester,N/A,6,4.93,3.56,4.22,3.56,Permanent Full-time,76.35%,,5/9/2020 14:56:00,11/27/2023 16:17
705,102,2020-2021,2nd Semester,N/A,7,4.83,3.78,3.44,4.69,Permanent Full-time,73.70%,,6/13/2020 10:55:00,12/4/2023 15:16
706,102,2021-2022,1st Semester,N/A,0,3.02,3.61,3.2,4.94,Permanent Full-time,73.85%,,9/13/2021 11:09:00,12/7/2023 13:08
707,102,2021-2022,2nd Semester,N/A,0,4.88,3,3.53,4.04,Permanent Full-time,77.25%,,4/11/2021 12:26:00,12/20/2023 11:47
708,102,2022-2023,1st Semester,N/A,4,4.79,4.04,4.64,4.46,Permanent Full-time,89.65%,,2/5/2022 13:03:00,6/6/2023 10:14
709,103,2018-2019,1st Semester,N/A,5,4.27,3.55,4.28,3.04,Permanent Full-time,75.70%,,2/19/2022 13:20:00,6/13/2023 10:47
710,103,2018-2019,2nd Semester,N/A,6,3.01,4.21,4.47,4.39,Permanent Full-time,75.40%,,2/26/2018 8:26:00,6/15/2023 10:57
711,103,2019-2020,1st Semester,N/A,7,3.28,4.44,3.65,4.5,Permanent Full-time,69.35%,,6/5/2019 9:25:00,6/21/2023 14:51
712,103,2019-2020,2nd Semester,N/A,3,3.92,3.11,4.78,4.18,Permanent Full-time,79.95%,,2/4/2019 10:33:00,7/28/2023 16:17
713,103,2020-2021,1st Semester,N/A,1,3.98,4.43,3.53,4.85,Permanent Full-time,73.95%,,2/8/2020 12:41:00,7/31/2023 16:46
714,103,2020-2021,2nd Semester,N/A,2,3.26,3.84,3.01,3.53,Permanent Full-time,58.20%,,4/1/2020 12:42:00,8/17/2023 18:33
715,103,2021-2022,1st Semester,N/A,3,4.57,4.66,3.37,3.36,Permanent Full-time,69.80%,,8/26/2021 13:44:00,8/31/2023 11:39
716,103,2021-2022,2nd Semester,N/A,4,4.52,3.37,4.87,4.62,Permanent Full-time,76.90%,,10/23/2021 14:11:00,9/1/2023 13:01
717,103,2022-2023,1st Semester,N/A,5,3.24,4.76,3.03,3.73,Permanent Full-time,63.80%,,11/20/2022 14:41:00,9/4/2023 14:20
718,104,2018-2019,1st Semester,N/A,6,4.95,3.55,4.74,4.31,Permanent Full-time,82.75%,,12/10/2022 17:25:00,9/5/2023 15:32
719,104,2018-2019,2nd Semester,N/A,7,4.1,4.22,3,4.7,Permanent Full-time,70.10%,,9/22/2018 20:37:00,9/20/2023 7:37
720,104,2019-2020,1st Semester,N/A,0,4.31,3.35,3.68,3.59,Permanent Full-time,74.65%,,2/4/2019 7:14:00,10/3/2023 9:46
721,104,2019-2020,2nd Semester,N/A,1,4.99,3,3.95,4.55,Permanent Full-time,82.45%,,2/5/2019 8:05:00,10/10/2023 10:01
722,104,2020-2021,1st Semester,N/A,2,3.21,3.8,4.9,3.62,Permanent Full-time,77.65%,,7/23/2020 8:59:00,10/20/2023 16:32
723,104,2020-2021,2nd Semester,N/A,3,4.45,3.3,4.26,4.17,Permanent Full-time,80.90%,,11/25/2020 9:46:00,11/2/2023 17:16
724,104,2021-2022,1st Semester,N/A,4,3.17,4.71,4.2,4.84,Permanent Full-time,84.60%,,12/17/2021 10:27:00,11/7/2023 20:00
725,104,2021-2022,2nd Semester,N/A,5,3.36,4.54,3.91,3.72,Permanent Full-time,77.65%,,5/10/2021 10:58:00,11/9/2023 20:41
726,104,2022-2023,1st Semester,N/A,2,3.8,3.08,3.08,4.39,Permanent Full-time,71.75%,,7/25/2022 11:01:00,11/10/2023 13:37
727,105,2018-2019,1st Semester,N/A,3,3.54,3.4,3.83,4.64,Permanent Full-time,77.05%,,7/26/2022 11:45:00,11/20/2023 9:50
728,105,2018-2019,2nd Semester,N/A,4,4.32,3.35,4.37,3.18,Permanent Full-time,76.10%,,8/3/2018 13:20:00,12/7/2023 10:49
729,105,2019-2020,1st Semester,N/A,5,4.72,4.1,3.46,3.73,Permanent Full-time,80.05%,,8/29/2019 14:10:00,12/12/2023 11:30
730,105,2019-2020,2nd Semester,N/A,6,3.08,4.96,3.47,3.71,Permanent Full-time,76.10%,,3/27/2019 14:41:00,12/20/2023 13:09
731,105,2020-2021,1st Semester,N/A,0,3.7,3.78,3.39,3.7,Permanent Full-time,72.85%,,4/5/2020 15:12:00,12/21/2023 15:25
732,105,2020-2021,2nd Semester,N/A,2,3.8,4.4,3.45,3.78,Permanent Full-time,77.15%,,5/1/2020 16:43:00,12/26/2023 17:00
733,105,2021-2022,1st Semester,N/A,3,4.16,3.74,4.76,4.08,Permanent Full-time,83.70%,,2/15/2021 13:44:00,6/19/2023 15:13
734,105,2021-2022,2nd Semester,N/A,4,4.6,4.01,4.31,3.06,Permanent Full-time,79.90%,,7/4/2021 13:44:00,7/10/2023 7:46
735,105,2022-2023,1st Semester,N/A,0,4.01,3.9,4.71,4.61,Permanent Full-time,86.15%,,8/9/2022 14:50:00,7/12/2023 8:14
736,106,2018-2019,1st Semester,N/A,3,4.33,3.04,4.47,5,Permanent Full-time,84.20%,,9/3/2022 10:53:00,7/17/2023 8:14
737,106,2018-2019,2nd Semester,N/A,4,4.12,4.02,4.82,3.99,Permanent Full-time,84.75%,,10/29/2018 7:50:00,7/20/2023 9:29
738,106,2019-2020,1st Semester,N/A,5,3.86,3.24,4.51,3.98,Permanent Full-time,77.95%,,12/12/2019 8:35:00,7/26/2023 9:06
739,106,2019-2020,2nd Semester,N/A,6,3.2,3.24,4.54,4.74,Permanent Full-time,73.60%,,1/4/2019 9:34:00,7/27/2023 9:46
740,106,2020-2021,1st Semester,N/A,7,4.49,4.94,3.22,3.65,Permanent Full-time,71.50%,,2/22/2020 9:34:00,8/10/2023 9:29
741,106,2020-2021,2nd Semester,N/A,0,4.92,3.38,3.29,4,Permanent Full-time,77.95%,,4/16/2020 10:48:00,8/29/2023 7:38
742,106,2021-2022,1st Semester,N/A,0,3.91,4.18,4.4,3.69,Permanent Full-time,80.90%,,5/6/2021 10:58:00,9/8/2023 10:10
743,106,2021-2022,2nd Semester,N/A,4,4.78,3.15,3.53,3.75,Permanent Full-time,76.05%,,9/3/2021 12:36:00,9/12/2023 10:43
744,106,2022-2023,1st Semester,N/A,5,4.24,3.97,3.13,3.92,Permanent Full-time,76.30%,,9/5/2022 13:24:00,9/18/2023 10:42
745,107,2018-2019,1st Semester,N/A,6,3.89,3.1,4.47,3.17,Permanent Full-time,68.15%,,12/10/2022 14:26:00,9/20/2023 11:00
746,107,2018-2019,2nd Semester,N/A,7,3.2,4.96,3,3.89,Permanent Full-time,65.25%,,1/13/2018 15:21:00,10/5/2023 11:12
747,107,2019-2020,1st Semester,N/A,3,3.09,4.55,3.15,3.08,Permanent Full-time,69.35%,,4/8/2019 10:22:00,10/6/2023 11:46
748,107,2019-2020,2nd Semester,N/A,1,3.35,3.73,4.97,3.78,Permanent Full-time,79.15%,,6/24/2019 11:22:00,10/16/2023 11:44
749,107,2020-2021,1st Semester,N/A,2,4.85,4.31,3.19,3.46,Permanent Full-time,79.05%,,9/14/2020 12:41:00,10/25/2023 10:43
750,107,2020-2021,2nd Semester,N/A,3,4.76,3.46,4.07,4.46,Permanent Full-time,83.75%,,8/13/2020 14:46:00,11/13/2023 13:19
751,107,2021-2022,1st Semester,N/A,4,3.53,4.32,4.68,3.38,Permanent Full-time,79.55%,,2/4/2021 16:43:00,11/23/2023 14:49
752,107,2021-2022,2nd Semester,N/A,5,4.7,3.27,3.75,3.68,Permanent Full-time,77.00%,,4/20/2021 7:42:00,11/27/2023 14:10
753,107,2022-2023,1st Semester,N/A,6,4.77,4.5,4.53,4.94,Permanent Full-time,88.70%,,4/27/2022 20:08:00,12/1/2023 17:33
754,108,2018-2019,1st Semester,N/A,7,3.92,4.55,3.2,5,Contractual Full-time,73.35%,,11/9/2022 18:07:00,12/4/2023 16:41
755,108,2018-2019,2nd Semester,N/A,0,3.78,4.01,4.29,3.7,Contractual Full-time,78.90%,,11/29/2018 13:15:00,12/5/2023 17:09
756,108,2019-2020,1st Semester,N/A,1,4.63,3.7,3.84,3.58,Contractual Full-time,78.75%,,2/24/2019 12:36:00,12/26/2023 18:26
757,108,2019-2020,2nd Semester,N/A,2,4.24,4.65,4.12,3.27,Contractual Full-time,81.40%,,3/14/2019 12:36:00,12/28/2023 18:39
758,108,2020-2021,1st Semester,N/A,3,3.43,4.45,3.84,3.61,Contractual Full-time,76.65%,,1/26/2020 9:55:00,6/5/2023 20:40
759,108,2020-2021,2nd Semester,N/A,4,4.23,3.53,4.79,3.51,Contractual Full-time,80.30%,,4/30/2020 8:59:00,6/7/2023 12:45
760,108,2021-2022,1st Semester,N/A,2,4.01,4.01,3.11,3.71,Contractual Full-time,74.20%,,5/1/2021 7:33:00,6/16/2023 10:10
761,108,2021-2022,2nd Semester,N/A,3,3.1,4.18,4.8,3.99,Contractual Full-time,80.35%,,6/6/2021 15:08:00,7/13/2023 11:01
762,108,2022-2023,1st Semester,N/A,4,4.45,4.95,3.82,3.57,Contractual Full-time,83.95%,,8/13/2022 7:42:00,7/31/2023 12:02
763,109,2018-2019,1st Semester,N/A,5,4.76,4.2,3.15,3.17,Permanent Full-time,76.40%,,9/21/2022 11:03:00,8/3/2023 13:42
764,109,2018-2019,2nd Semester,N/A,6,4.84,3.07,3.31,3.18,Permanent Full-time,72.00%,,10/15/2018 11:35:00,8/10/2023 16:09
765,109,2019-2020,1st Semester,N/A,0,3.7,3.68,4.88,3.59,Permanent Full-time,79.25%,,4/22/2019 12:37:00,8/11/2023 18:24
766,109,2019-2020,2nd Semester,N/A,2,4.39,4.13,3.33,3.48,Permanent Full-time,76.65%,,12/17/2019 15:13:00,8/15/2023 19:42
767,109,2020-2021,1st Semester,N/A,3,3.84,3.97,3.94,4.19,Permanent Full-time,80.50%,,12/18/2020 16:23:00,8/22/2023 20:55
768,109,2020-2021,2nd Semester,N/A,4,3.43,3.58,3.6,3.93,Permanent Full-time,72.70%,,3/10/2020 18:50:00,8/25/2023 10:44
769,109,2021-2022,1st Semester,N/A,0,3.32,4.38,3.85,4.71,Permanent Full-time,81.30%,,3/13/2021 19:14:00,9/7/2023 8:11
770,109,2021-2022,2nd Semester,N/A,3,3.67,4.3,3.06,4.67,Permanent Full-time,78.50%,,6/11/2021 19:45:00,9/15/2023 8:40
771,109,2022-2023,1st Semester,N/A,4,4.99,3.03,3.97,3.33,Permanent Full-time,76.60%,,6/12/2022 20:56:00,9/19/2023 9:23
772,110,2018-2019,1st Semester,N/A,5,4.9,4.4,4.32,3.69,Permanent Full-time,86.55%,,12/16/2022 11:30:00,10/16/2023 10:15
773,110,2018-2019,2nd Semester,N/A,6,3.76,3.22,3.01,4.47,Permanent Full-time,72.30%,,2/22/2018 12:37:00,10/24/2023 12:12
774,110,2019-2020,1st Semester,N/A,7,4.71,3.5,4.7,4.64,Permanent Full-time,87.75%,,3/11/2019 13:41:00,11/6/2023 12:45
775,110,2019-2020,2nd Semester,N/A,0,4.71,3.07,3.32,4.41,Permanent Full-time,77.55%,,5/4/2019 15:09:00,11/7/2023 13:26
776,110,2020-2021,1st Semester,N/A,0,4.14,4.39,4.17,3.25,Permanent Full-time,79.75%,,8/18/2020 16:23:00,11/9/2023 14:07
777,110,2020-2021,2nd Semester,N/A,4,4.94,4.44,4.91,4.98,Permanent Full-time,96.35%,,11/12/2020 19:12:00,11/14/2023 14:54
778,110,2021-2022,1st Semester,N/A,5,2.75,1.52,4.92,4.47,Permanent Full-time,Subject for deliberation,,1/12/2021 8:18:00,11/21/2023 15:25
779,110,2021-2022,2nd Semester,N/A,6,3.65,4.3,4.79,4.92,Permanent Full-time,83.30%,,2/3/2021 8:40:00,11/22/2023 16:41
780,110,2022-2023,1st Semester,N/A,7,4.29,3.52,4.89,4.57,Permanent Full-time,76.35%,,5/18/2022 9:39:00,11/27/2023 17:55
781,111,2018-2019,1st Semester,N/A,3,3.12,3.05,3.89,3.21,Permanent Full-time,66.35%,,12/23/2022 16:01:00,12/25/2023 18:25
782,111,2018-2019,2nd Semester,N/A,1,4.41,4.18,3.79,3.95,Permanent Full-time,81.65%,,4/5/2018 19:03:00,12/28/2023 18:39
783,111,2019-2020,1st Semester,N/A,2,3.51,3.17,3.12,3.04,Permanent Full-time,64.20%,,1/17/2019 9:50:00,6/7/2023 19:45
784,111,2019-2020,2nd Semester,N/A,3,3.25,4.79,4.05,4.15,Permanent Full-time,81.20%,,2/19/2019 12:17:00,6/9/2023 8:54
785,111,2020-2021,1st Semester,N/A,4,4.26,4.1,3.66,3.59,Permanent Full-time,78.05%,,3/28/2020 14:35:00,6/16/2023 9:46
786,111,2020-2021,2nd Semester,N/A,5,3.4,3.94,3.33,3.35,Permanent Full-time,70.10%,,8/9/2020 15:33:00,6/22/2023 10:42
787,111,2021-2022,1st Semester,N/A,6,4.75,4.92,3.86,3.18,Permanent Full-time,78.55%,,8/28/2021 17:33:00,6/30/2023 11:09
788,111,2021-2022,2nd Semester,N/A,7,3.78,4.82,4.5,3.74,Permanent Full-time,74.20%,,10/1/2021 19:40:00,7/5/2023 12:02
789,111,2022-2023,1st Semester,N/A,0,4.77,3.89,3.74,4.9,Permanent Full-time,86.50%,,12/10/2022 9:39:00,7/18/2023 13:42
790,112,2018-2019,1st Semester,N/A,1,4.51,4.66,4.27,4.78,Permanent Full-time,91.10%,,2/7/2022 7:42:00,7/27/2023 13:26
791,112,2018-2019,2nd Semester,N/A,2,3.35,3.06,4.83,4.43,Permanent Full-time,78.35%,,5/8/2018 11:22:00,7/31/2023 14:19
792,112,2019-2020,1st Semester,N/A,3,3.09,3.09,3.12,4.49,Permanent Full-time,68.95%,,8/14/2019 13:00:00,8/11/2023 15:37
793,112,2019-2020,2nd Semester,N/A,4,4.47,3.92,4.24,3.44,Permanent Full-time,80.35%,,9/30/2019 15:19:00,9/29/2023 15:20
794,112,2020-2021,1st Semester,N/A,5,3.09,4.27,3.49,4.38,Permanent Full-time,76.15%,,10/28/2020 16:57:00,10/20/2023 17:06
795,112,2020-2021,2nd Semester,N/A,0,3.61,3.2,3.45,3.95,Permanent Full-time,71.05%,,2/28/2020 11:13:00,10/23/2023 17:55
796,112,2021-2022,1st Semester,N/A,3,4.79,3.13,3.94,3.68,Permanent Full-time,77.70%,,1/22/2021 16:21:00,10/24/2023 18:25
797,112,2021-2022,2nd Semester,N/A,4,4.4,4.53,4.03,3.89,Permanent Full-time,84.25%,,6/3/2021 17:48:00,10/27/2023 19:22
798,112,2022-2023,1st Semester,N/A,5,3.52,4.94,4.66,4.68,Permanent Full-time,89.00%,,6/9/2022 8:18:00,10/30/2023 8:45
799,113,2018-2019,1st Semester,N/A,4,3.51,4.15,3.33,3.53,Contractual Full-time,72.60%,,7/13/2022 18:00:00,10/31/2023 8:32
800,113,2018-2019,2nd Semester,N/A,5,3.47,3.48,4.35,4.36,Contractual Full-time,78.30%,,8/19/2018 11:16:00,11/2/2023 7:46
801,113,2019-2020,1st Semester,N/A,4,3.82,4.22,4.69,4.03,Contractual Full-time,83.80%,,9/17/2019 9:38:00,11/6/2023 20:59
802,113,2019-2020,2nd Semester,N/A,3,3.57,4.93,4.83,3.76,Contractual Full-time,85.45%,,11/8/2019 12:25:00,11/16/2023 19:22
803,113,2020-2021,1st Semester,N/A,3,4.44,3.88,3.9,3.41,Contractual Full-time,78.15%,,11/26/2020 13:19:00,11/23/2023 17:55
804,113,2020-2021,2nd Semester,N/A,2,3.1,3.74,3.67,3.06,Contractual Full-time,67.85%,,3/22/2020 16:11:00,11/28/2023 18:39
805,113,2021-2022,1st Semester,N/A,5,4.44,4.47,3.29,3.22,Contractual Full-time,77.10%,,5/12/2021 19:07:00,12/5/2023 19:30
806,113,2021-2022,2nd Semester,N/A,7,4.23,3.14,3.33,4.34,Contractual Full-time,65.20%,,9/5/2021 19:45:00,12/19/2023 20:46
807,113,2022-2023,1st Semester,N/A,6,3.73,4.28,3.88,4.7,Contractual Full-time,77.95%,,9/27/2022 9:30:00,12/21/2023 9:06
808,114,2018-2019,1st Semester,N/A,5,3.09,4.27,3.94,3.93,Permanent Full-time,76.15%,,5/24/2022 10:07:00,6/1/2023 8:40
809,114,2018-2019,2nd Semester,N/A,6,4.64,3.94,4.57,3.77,Permanent Full-time,79.60%,,9/13/2018 10:07:00,6/7/2023 10:10
810,114,2019-2020,1st Semester,N/A,3,4,4.19,3.37,3,Permanent Full-time,72.80%,,11/26/2019 11:35:00,6/14/2023 11:46
811,114,2019-2020,2nd Semester,N/A,4,3.07,4.56,4.77,3.64,Permanent Full-time,80.20%,,12/7/2019 15:11:00,7/4/2023 13:19
812,114,2020-2021,1st Semester,N/A,6,4.09,4.96,4.93,3.41,Permanent Full-time,81.95%,,2/5/2020 18:36:00,7/13/2023 14:07
813,114,2020-2021,2nd Semester,N/A,7,4.06,3.21,4.39,4.51,Permanent Full-time,70.85%,,4/18/2020 19:20:00,7/17/2023 14:57
814,114,2021-2022,1st Semester,N/A,1,3.61,5,3.98,4.05,Permanent Full-time,83.20%,,11/13/2021 18:52:00,7/18/2023 15:25
815,114,2021-2022,2nd Semester,N/A,4,3.59,4.86,3.89,4.61,Permanent Full-time,84.75%,,12/26/2021 20:17:00,7/21/2023 18:06
816,114,2022-2023,1st Semester,N/A,5,4.91,3.26,4.45,3.05,Permanent Full-time,78.35%,,1/16/2022 19:27:00,7/25/2023 18:35
817,115,2018-2019,1st Semester,N/A,4,4.18,3.96,4.23,3.24,Permanent Full-time,78.05%,,1/27/2022 11:35:00,7/27/2023 18:49
818,115,2018-2019,2nd Semester,N/A,3,4.66,4.54,3.24,3.12,Permanent Full-time,77.80%,,2/26/2018 9:50:00,8/3/2023 17:01
819,115,2019-2020,1st Semester,N/A,3,3.25,3.49,4.84,4.76,Permanent Full-time,81.70%,,9/1/2019 8:40:00,8/11/2023 17:33
820,115,2019-2020,2nd Semester,N/A,2,4.59,4.99,3.64,3.41,Permanent Full-time,83.15%,,12/14/2019 16:40:00,8/29/2023 19:45
821,115,2020-2021,1st Semester,N/A,5,3.97,3.24,3.39,3.9,Permanent Full-time,72.50%,,2/17/2020 16:15:00,9/18/2023 10:10
822,115,2020-2021,2nd Semester,N/A,7,4.43,3.35,3.86,4.5,Permanent Full-time,70.70%,,5/6/2020 16:33:00,10/12/2023 11:29
823,115,2021-2022,1st Semester,N/A,6,3.97,4,3.68,3.13,Permanent Full-time,73.90%,,7/27/2021 18:44:00,10/20/2023 13:37
824,115,2021-2022,2nd Semester,N/A,5,4.79,3.53,3.94,3.51,Permanent Full-time,78.85%,,10/5/2021 19:12:00,10/23/2023 15:37
825,115,2022-2023,1st Semester,N/A,6,3.66,4.62,4.89,3.22,Permanent Full-time,76.95%,,6/15/2022 18:22:00,10/24/2023 16:41
826,116,2018-2019,1st Semester,N/A,3,4.57,4.01,3.09,4.52,Contractual Full-time,80.95%,,6/22/2022 11:03:00,11/1/2023 8:14
827,116,2018-2019,2nd Semester,N/A,4,4.09,4.78,3.64,4.27,Contractual Full-time,83.90%,,7/25/2018 19:59:00,11/20/2023 9:06
828,116,2019-2020,1st Semester,N/A,6,4.39,4.04,3.55,3.65,Contractual Full-time,73.15%,,1/11/2019 20:32:00,11/24/2023 9:49
829,116,2019-2020,2nd Semester,N/A,7,4.8,4.18,3.62,4.45,Contractual Full-time,75.25%,,4/5/2019 19:48:00,12/8/2023 10:39
830,116,2020-2021,1st Semester,N/A,1,4.48,4.07,4.85,4.2,Contractual Full-time,88.00%,,4/6/2020 17:27:00,12/12/2023 11:09
831,116,2020-2021,2nd Semester,N/A,4,3.35,4.91,4.65,5,Contractual Full-time,89.55%,,5/25/2020 17:48:00,12/14/2023 11:12
832,116,2021-2022,1st Semester,N/A,5,3.47,4.98,4.65,5,Contractual Full-time,90.50%,,5/26/2021 13:00:00,12/25/2023 13:19
833,116,2021-2022,2nd Semester,N/A,4,4.58,4.74,3.4,3.7,Contractual Full-time,82.10%,,7/25/2021 13:00:00,6/13/2023 14:19
834,116,2022-2023,1st Semester,N/A,3,3.77,3.93,3.57,4.09,Contractual Full-time,76.80%,,10/16/2022 13:00:00,6/27/2023 15:25
835,117,2018-2019,1st Semester,N/A,3,3.54,4.29,4.19,4.43,Permanent Full-time,82.25%,,3/5/2022 9:15:00,7/3/2023 15:52
836,117,2018-2019,2nd Semester,N/A,2,4.47,3.39,3.74,3.88,Permanent Full-time,77.40%,,3/25/2018 9:38:00,7/14/2023 16:18
837,117,2019-2020,1st Semester,N/A,5,4.85,3.92,4.9,4.45,Permanent Full-time,90.60%,,3/29/2019 9:30:00,7/27/2023 10:42
838,117,2019-2020,2nd Semester,N/A,7,4.25,4.65,4.5,3.88,Permanent Full-time,86.40%,,8/15/2019 8:06:00,8/9/2023 11:00
839,117,2020-2021,1st Semester,N/A,6,3.2,4.65,4.13,3.49,Permanent Full-time,77.35%,,10/4/2020 7:11:00,8/10/2023 11:29
840,117,2020-2021,2nd Semester,N/A,5,4.74,4.12,4.92,4.36,Permanent Full-time,90.70%,,2/21/2020 7:56:00,8/18/2023 11:46
841,117,2021-2022,1st Semester,N/A,5,4.77,3.39,4.2,3.69,Permanent Full-time,80.25%,,5/15/2021 8:00:00,8/25/2023 15:20
842,117,2021-2022,2nd Semester,N/A,3,3.96,4.01,4.13,3.06,Permanent Full-time,75.80%,,7/1/2021 7:05:00,9/7/2023 17:01
843,117,2022-2023,1st Semester,N/A,4,5,3.47,4.04,4.4,Permanent Full-time,84.55%,,8/24/2022 8:26:00,9/8/2023 18:24
844,118,2018-2019,1st Semester,N/A,6,3.03,3.89,3.28,3.16,Permanent Full-time,61.80%,,9/1/2022 9:05:00,9/13/2023 18:49
845,118,2018-2019,2nd Semester,N/A,7,3.05,4.5,4.38,3.08,Permanent Full-time,65.05%,,10/5/2018 10:00:00,9/19/2023 19:38
846,118,2019-2020,1st Semester,N/A,1,4.56,3.25,3.73,4.02,Permanent Full-time,77.80%,,10/7/2019 10:27:00,10/10/2023 20:22
847,118,2019-2020,2nd Semester,N/A,4,3.99,4.32,3.64,3.47,Permanent Full-time,77.10%,,1/19/2019 11:38:00,10/11/2023 9:29
848,118,2020-2021,1st Semester,N/A,5,4.67,4.88,4.92,3.2,Permanent Full-time,88.35%,,3/11/2020 12:22:00,10/12/2023 10:15
849,118,2020-2021,2nd Semester,N/A,4,4.19,3.8,4.25,4.65,Permanent Full-time,84.45%,,3/29/2020 13:00:00,10/20/2023 10:52
850,118,2021-2022,1st Semester,N/A,3,4.31,4.22,3.66,4.16,Permanent Full-time,81.75%,,5/11/2021 8:39:00,10/24/2023 11:12
851,118,2021-2022,2nd Semester,N/A,3,4.65,4.94,3.22,4.1,Permanent Full-time,84.55%,,7/12/2021 7:54:00,11/3/2023 13:19
852,118,2022-2023,1st Semester,N/A,2,4.09,4.09,4.84,4.14,Permanent Full-time,85.80%,,11/3/2022 9:05:00,11/20/2023 15:25
853,119,2018-2019,1st Semester,N/A,5,3.42,4.16,4.97,4.94,Contractual Full-time,87.45%,,12/21/2022 10:23:00,12/1/2023 18:06
854,119,2018-2019,2nd Semester,N/A,7,4.48,3.62,4.25,3.63,Contractual Full-time,69.90%,,10/4/2018 13:04:00,12/4/2023 18:30
855,119,2019-2020,1st Semester,N/A,6,3.83,4.62,4.61,3.78,Contractual Full-time,79.20%,,11/25/2019 15:48:00,12/8/2023 18:25
856,119,2019-2020,2nd Semester,N/A,5,3.06,3.58,4.37,3.28,Contractual Full-time,71.45%,,12/15/2019 18:07:00,12/11/2023 18:53
857,119,2020-2021,1st Semester,N/A,2,3.24,3.97,4.5,4.1,Contractual Full-time,79.05%,,2/2/2020 7:52:00,12/27/2023 19:38
858,119,2020-2021,2nd Semester,N/A,3,4.81,3.98,4.79,3.66,Contractual Full-time,86.20%,,4/18/2020 8:26:00,6/6/2023 14:06
859,119,2021-2022,1st Semester,N/A,4,4.81,4.96,3.04,4.9,Contractual Full-time,88.55%,,9/6/2021 10:24:00,6/8/2023 15:24
860,119,2021-2022,2nd Semester,N/A,6,4.36,3.95,3.62,4.13,Contractual Full-time,75.30%,,9/12/2021 13:00:00,6/12/2023 8:45
861,119,2022-2023,1st Semester,N/A,7,3.5,3.96,3.8,4.06,Contractual Full-time,66.60%,,10/12/2022 20:45:00,6/22/2023 9:06
862,120,2018-2019,1st Semester,N/A,1,4.57,3.37,4.8,3.22,Permanent Full-time,79.80%,,11/30/2022 18:50:00,6/30/2023 7:00
863,120,2018-2019,2nd Semester,N/A,4,3.35,3.09,4.15,4.24,Permanent Full-time,74.15%,,1/14/2018 19:33:00,7/3/2023 8:22
864,120,2019-2020,1st Semester,N/A,5,4.14,3.02,4.41,4.8,Permanent Full-time,81.85%,,2/20/2019 16:00:00,7/20/2023 10:30
865,120,2019-2020,2nd Semester,N/A,4,3.52,3.07,4.06,3.27,Permanent Full-time,69.60%,,7/24/2019 13:40:00,8/7/2023 12:02
866,120,2020-2021,1st Semester,N/A,3,3.34,4.87,3.2,3.26,Permanent Full-time,73.35%,,10/24/2020 14:00:00,8/21/2023 12:47
867,120,2020-2021,2nd Semester,N/A,3,4.53,4.11,4.8,3.88,Permanent Full-time,86.60%,,3/10/2020 15:15:00,9/6/2023 14:35
868,120,2021-2022,1st Semester,N/A,2,4.45,4.43,4.34,4.68,Permanent Full-time,89.50%,,5/18/2021 18:08:00,9/8/2023 15:29
869,120,2021-2022,2nd Semester,N/A,5,3.28,3.28,3.07,4.94,Permanent Full-time,72.85%,,5/21/2021 19:16:00,9/13/2023 16:49
870,120,2022-2023,1st Semester,N/A,7,4.56,3.19,4.09,3.35,Permanent Full-time,65.95%,,8/7/2022 13:40:00,9/19/2023 17:55
871,121,2018-2019,1st Semester,N/A,6,3.3,3.04,4.35,3.84,Permanent Full-time,67.65%,,4/20/2022 12:12:00,9/20/2023 18:35
872,121,2018-2019,2nd Semester,N/A,5,3.52,4.28,4.7,4.8,Permanent Full-time,86.50%,,5/7/2018 18:07:00,10/10/2023 20:30
873,121,2019-2020,1st Semester,N/A,6,3.68,4.69,4.19,3.96,Permanent Full-time,77.60%,,5/21/2019 20:08:00,10/12/2023 18:26
874,121,2019-2020,2nd Semester,N/A,3,4.22,3.24,3.62,3.72,Permanent Full-time,74.00%,,9/8/2019 7:56:00,10/23/2023 13:45
875,121,2020-2021,1st Semester,N/A,4,4.63,3.65,3.58,4.68,Permanent Full-time,82.70%,,10/28/2020 11:11:00,10/25/2023 14:33
876,121,2020-2021,2nd Semester,N/A,6,3.86,3.86,3.6,4.38,Permanent Full-time,73.50%,,11/10/2020 11:11:00,11/14/2023 14:58
877,121,2021-2022,1st Semester,N/A,7,4.44,3.75,4.77,4.14,Permanent Full-time,75.50%,,6/20/2021 11:11:00,11/23/2023 15:29
878,121,2021-2022,2nd Semester,N/A,1,4.78,3.03,4.41,4.98,Permanent Full-time,86.00%,,7/22/2021 11:36:00,12/8/2023 16:03
879,121,2022-2023,1st Semester,N/A,4,3.29,4.43,4.37,4.42,Permanent Full-time,82.55%,,8/26/2022 12:06:00,12/11/2023 16:28
880,122,2018-2019,1st Semester,N/A,5,4,4.25,4.02,3.11,Contractual Full-time,76.90%,,9/15/2022 12:46:00,12/12/2023 13:58
881,122,2018-2019,2nd Semester,N/A,4,3.12,4.12,3.17,4.63,Contractual Full-time,75.20%,,3/16/2018 15:29:00,12/15/2023 17:30
882,122,2019-2020,1st Semester,N/A,3,4.13,4.67,3.05,4.25,Contractual Full-time,80.50%,,5/2/2019 17:19:00,12/18/2023 17:42
883,122,2019-2020,2nd Semester,N/A,3,4.28,3.88,3.53,4.45,Contractual Full-time,80.70%,,3/23/2019 18:07:00,6/2/2023 18:26
884,122,2020-2021,1st Semester,N/A,2,3.17,4.58,4.99,4.13,Contractual Full-time,84.35%,,11/19/2020 20:36:00,6/9/2023 19:27
885,122,2020-2021,2nd Semester,N/A,5,4.22,4.05,3.03,4.37,Contractual Full-time,78.35%,,8/12/2020 12:32:00,6/19/2023 20:14
886,122,2021-2022,1st Semester,N/A,7,4.82,3.08,3.24,3.28,Contractual Full-time,62.10%,,1/17/2021 15:29:00,6/20/2023 12:42
887,122,2021-2022,2nd Semester,N/A,6,4.13,3.5,4.21,4.37,Contractual Full-time,76.05%,,2/11/2021 18:40:00,6/23/2023 13:45
888,122,2022-2023,1st Semester,N/A,5,3.7,3.83,3.6,4.26,Contractual Full-time,76.95%,,3/6/2022 19:53:00,6/26/2023 13:58
889,123,2018-2019,1st Semester,N/A,7,3.25,3.93,3.06,3.9,Permanent Full-time,60.70%,,6/11/2022 9:37:00,6/27/2023 14:35
890,123,2018-2019,2nd Semester,N/A,3,4.93,3.12,4,3.24,Permanent Full-time,76.45%,,8/3/2018 10:27:00,7/4/2023 15:27
891,123,2019-2020,1st Semester,N/A,4,4.78,4.53,4.35,4.87,Permanent Full-time,92.65%,,12/16/2019 10:45:00,8/15/2023 15:46
892,123,2019-2020,2nd Semester,N/A,6,3.33,3.01,4.12,4.12,Permanent Full-time,67.90%,,12/21/2019 13:14:00,9/4/2023 14:46
893,123,2020-2021,1st Semester,N/A,7,4.87,3.4,3.61,4.99,Permanent Full-time,74.35%,,2/26/2020 13:35:00,9/7/2023 12:22
894,123,2020-2021,2nd Semester,N/A,1,4.38,4.68,3.54,3.24,Permanent Full-time,79.20%,,5/20/2020 14:07:00,9/11/2023 10:56
895,123,2021-2022,1st Semester,N/A,4,4.95,3.26,3.6,3.42,Permanent Full-time,76.15%,,6/21/2021 10:27:00,9/20/2023 9:02
896,123,2021-2022,2nd Semester,N/A,5,4.11,4.87,4.37,4.01,Permanent Full-time,86.80%,,6/24/2021 9:05:00,10/16/2023 16:21
897,123,2022-2023,1st Semester,N/A,4,3.89,3.28,4.21,4.38,Permanent Full-time,78.80%,,9/8/2022 10:03:00,10/20/2023 18:22
898,124,2018-2019,1st Semester,N/A,3,3.65,3.76,4.34,4.86,Permanent Full-time,83.05%,,10/6/2022 13:22:00,10/25/2023 19:27
899,124,2018-2019,2nd Semester,N/A,3,4.94,4.02,3.65,3.83,Permanent Full-time,82.20%,,11/18/2018 13:51:00,11/24/2023 15:42
900,124,2019-2020,1st Semester,N/A,2,4.35,3.42,4.53,3.33,Permanent Full-time,78.15%,,12/17/2019 15:15:00,11/27/2023 14:33
901,124,2019-2020,2nd Semester,N/A,5,3.42,3.14,3.07,4.37,Permanent Full-time,70.00%,,12/23/2019 18:08:00,11/30/2023 12:29
902,124,2020-2021,1st Semester,N/A,7,3.57,4.84,4.52,3.37,Permanent Full-time,71.50%,,1/7/2020 18:50:00,12/7/2023 15:46
903,124,2020-2021,2nd Semester,N/A,6,4.6,4.81,4.5,3.11,Permanent Full-time,80.10%,,3/18/2020 19:46:00,12/8/2023 16:28
904,124,2021-2022,1st Semester,N/A,5,3.8,3.31,3.04,4.34,Permanent Full-time,72.45%,,3/31/2021 19:19:00,12/13/2023 17:41
905,124,2021-2022,2nd Semester,N/A,7,3.68,4.03,4.5,3.19,Permanent Full-time,67.00%,,4/13/2021 20:42:00,12/14/2023 18:40
906,124,2022-2023,1st Semester,N/A,3,4.18,4.66,3.9,4.32,Permanent Full-time,85.30%,,5/6/2022 15:10:00,12/15/2023 9:56