mrNumApproved,mrNum,college,department,ay,semester,num_emp_required,employment_status,position,category,category_textbox,replacement_dropdown,replacement_others_textbox,budget,fileInput,expertise_textbox,regular,probationary,contractual,studassistant,total,approval_status,chairsignature,deansignature,vpasignature,directorsignature,daterequested,dateapproved,created_at,updated_at
1,1,College of Business Administration,Customs Administration Department,2018-2019,1st Semester,4,Contractual Full-time,Teaching,Additional,Please see attached excess load from the dept.,,,Budgeted,,,4,3,3,2,12,Disapproved,chair.esignature1.png,dean.esignature2.png,vpa.esignature3.png,director.esignature4.png,2018-06-19 20:10:34,2018-06-21,6/26/2023 13:58,6/26/2023 13:58
2,2,College of Business Administration,Customs Administration Department,2018-2019,2nd Semester,4,Contractual Full-time,Teaching,Replacement,,Others,To load those units which were temporarily assigned to other teachers,Budgeted,,,4,1,2,2,9,Completed,chair.esignature1.png,dean.esignature2.png,vpa.esignature3.png,director.esignature4.png,2018-10-26 23:57:37,2018-11-11,6/27/2023 14:35,6/27/2023 14:35
3,3,College of Business Administration,Customs Administration Department,2019-2020,1st Semester,6,Contractual Part-time,Teaching,Replacement,,Others,to handle one subject (capital market/sat/3:00-6:00 pm),Budgeted,,,1,3,4,2,10,Completed,chair.esignature1.png,dean.esignature2.png,vpa.esignature3.png,director.esignature4.png,2019-06-01 15:24:53,2019-06-12,7/4/2023 15:27,7/4/2023 15:27
4,6,College of Business Administration,Customs Administration Department,2020-2021,2nd Semester,4,Permanent Full-time,Teaching,Additional,Excess units that the current roster of Department can no longer accomodate,,,Budgeted,,,5,3,3,2,13,Completed,chair.esignature1.png,dean.esignature2.png,vpa.esignature3.png,director.esignature4.png,2020-12-27 01:21:38,2020-12-29,9/7/2023 12:22,9/7/2023 12:22
5,7,College of Business Administration,Customs Administration Department,2021-2022,1st Semester,3,Permanent Full-time,Teaching,Replacement,,Others,Replacement if unhired faculty members. (Dr. Hernando Diaz & Ms. Mitchelle),Budgeted,,,0,1,1,1,3,Approved,chair.esignature1.png,dean.esignature2.png,vpa.esignature3.png,director.esignature4.png,2021-06-29 19:30:57,2021-07-03,9/11/2023 10:56,9/11/2023 10:56
6,8,College of Business Administration,Customs Administration Department,2021-2022,2nd Semester,4,Permanent Full-time,Teaching,Additional,2 Faculty members went Taiwan for MS & PhD. 1 Faculty member retired,,,Budgeted,,,2,1,1,2,6,Approved,chair.esignature1.png,dean.esignature2.png,vpa.esignature3.png,director.esignature4.png,2021-11-25 03:38:39,2021-11-28,9/20/2023 9:02,9/20/2023 9:02
7,9,College of Business Administration,Customs Administration Department,2022-2023,1st Semester,5,Permanent Full-time,Teaching,Replacement,,Others,This is in replacement for the 2 faculty members who left the department,Budgeted,,,1,0,5,1,7,Disapproved,chair.esignature1.png,dean.esignature2.png,vpa.esignature3.png,director.esignature4.png,2022-06-29 19:30:57,2022-07-01,10/16/2023 16:21,10/16/2023 16:21
8,10,College of Business Administration,Customs Administration Department,2022-2023,2nd Semester,5,Permanent Full-time,Teaching,Additional,Too many understanding the self classes and too many petitioned subjects,,,Budgeted,,,3,1,2,1,7,Waiting for Approval,chair.esignature1.png,dean.esignature2.png,vpa.esignature3.png,director.esignature4.png,2022-11-25 03:38:39,2022-12-23,10/20/2023 18:22,10/20/2023 18:22
9,11,College of Business Administration,Finance and Economics Department,2018-2019,1st Semester,6,Contractual Full-time,Teaching,Replacement,,Others,Insufficient number of Full-time faculty member,Budgeted,,,3,0,1,2,6,Waiting for Approval,chair.esignature1.png,dean.esignature2.png,vpa.esignature3.png,director.esignature4.png,2018-06-27 16:01:49,2018-07-03,10/25/2023 19:27,10/25/2023 19:27
10,12,College of Business Administration,Finance and Economics Department,2018-2019,2nd Semester,2,Contractual Full-time,Teaching,Additional,"Instead of Hiring Special Lectureres, 1 Prefer to have a full time faculty member, this is also in preparation for the major subj. For the New Curriculum",,,Budgeted,,,3,2,4,0,9,Waiting for Approval,chair.esignature1.png,dean.esignature2.png,vpa.esignature3.png,director.esignature4.png,2018-12-17 15:24:33,2018-12-19,11/24/2023 15:42,11/24/2023 15:42
11,13,College of Business Administration,Finance and Economics Department,2019-2020,1st Semester,5,Permanent Full-time,Teaching,Replacement,,Others,Replcement for Mr.Uytico & Mr. Albacite,Budgeted,,,1,1,4,0,6,Waiting for Approval,chair.esignature1.png,dean.esignature2.png,vpa.esignature3.png,director.esignature4.png,2019-05-28 04:34:03,2019-06-05,11/27/2023 14:33,11/27/2023 14:33
12,14,College of Business Administration,Finance and Economics Department,2019-2020,2nd Semester,3,Contractual Full-time,Teaching,Replacement,,Others,Replcement for Mr.Uytico & Mr. Albacite,Budgeted,,,1,3,5,1,10,Waiting for Approval,chair.esignature1.png,dean.esignature2.png,vpa.esignature3.png,director.esignature4.png,2019-11-14 00:27:57,2019-12-11,11/30/2023 12:29,11/30/2023 12:29
13,15,College of Business Administration,Finance and Economics Department,2020-2021,1st Semester,5,Contractual Full-time,Teaching,Additional,Additional Subjects/courses due to new curriculum and k-12 transition in college.,,,Budgeted,,,5,0,2,2,9,Waiting for Approval,chair.esignature1.png,dean.esignature2.png,vpa.esignature3.png,director.esignature4.png,2020-05-29 16:50:39,2020-06-28,12/7/2023 15:46,12/7/2023 15:46
14,16,College of Business Administration,Finance and Economics Department,2020-2021,2nd Semester,5,Contractual Part-time,Teaching,Replacement,,Transfer,,Budgeted,,,2,3,1,1,7,Waiting for Approval,chair.esignature1.png,dean.esignature2.png,vpa.esignature3.png,director.esignature4.png,2020-12-29 20:10:06,2021-01-18,12/8/2023 16:28,12/8/2023 16:28
15,17,College of Business Administration,Finance and Economics Department,2021-2022,1st Semester,2,Contractual Full-time,Teaching,New,"2 faculty availed of redundancy, 1 faculty retired",,,Budgeted,,,3,0,4,1,8,Waiting for Approval,chair.esignature1.png,dean.esignature2.png,vpa.esignature3.png,director.esignature4.png,2021-06-24 18:55:38,2021-07-05,12/13/2023 17:41,12/13/2023 17:41
16,18,College of Business Administration,Finance and Economics Department,2021-2022,2nd Semester,3,Contractual Full-time,Teaching,New,"Instead of Hiring Special Lectureres, 1 Prefer to have a full time faculty member, this is also in preparation for the major subj. For the New Curriculum",,,Budgeted,,,3,3,0,1,7,Waiting for Approval,chair.esignature1.png,dean.esignature2.png,vpa.esignature3.png,director.esignature4.png,2022-11-24 18:28:25,2022-12-09,12/14/2023 18:40,12/14/2023 18:40
17,19,College of Business Administration,Finance and Economics Department,2022-2023,1st Semester,3,Permanent Full-time,Teaching,New,"Instead of Hiring Special Lectureres, 1 Prefer to have a full time faculty member, this is also in preparation for the major subj. For the New Curriculum",,,Budgeted,,,3,3,0,0,6,Waiting for Approval,chair.esignature1.png,dean.esignature2.png,vpa.esignature3.png,director.esignature4.png,2022-05-28 12:29:49,2022-06-12,12/15/2023 9:56,12/15/2023 9:56
18,20,College of Business Administration,Finance and Economics Department,2022-2023,2nd Semester,3,Contractual Full-time,Teaching,Additional,No overload & assigning only,,,Budgeted,,,2,1,3,2,8,Waiting for Approval,chair.esignature1.png,dean.esignature2.png,vpa.esignature3.png,director.esignature4.png,2022-12-28 09:08:48,2023-01-27,12/20/2023 9:34,12/20/2023 9:34
19,21,College of Business Administration,Accountancy Department,2018-2019,1st Semester,6,Contractual Part-time,Teaching,Additional,No overload & assigning only,,,Budgeted,,,3,2,3,1,9,Waiting for Approval,chair.esignature1.png,dean.esignature2.png,vpa.esignature3.png,director.esignature4.png,2018-05-19 19:48:33,2018-06-16,6/1/2023 10:35,6/1/2023 10:35
20,22,College of Business Administration,Accountancy Department,2018-2019,2nd Semester,4,Permanent Full-time,Teaching,Replacement,,Resigned,,Budgeted,,,2,1,3,0,6,Completed,chair.esignature1.png,dean.esignature2.png,vpa.esignature3.png,director.esignature4.png,2018-10-17 13:41:44,2018-10-21,6/8/2023 11:10,6/8/2023 11:10
21,23,College of Business Administration,Accountancy Department,2019-2020,1st Semester,6,Contractual Full-time,Teaching,Replacement,,Transfer,,Budgeted,,,1,3,1,0,5,Completed,chair.esignature1.png,dean.esignature2.png,vpa.esignature3.png,director.esignature4.png,2019-06-29 21:10:21,2019-07-02,6/12/2023 12:00,6/12/2023 12:00
22,24,College of Business Administration,Accountancy Department,2019-2020,2nd Semester,2,Permanent Full-time,Teaching,Additional,No available faculty on TLA would handle the 2 subjects during peak hours since everyone has assigned class already,,,Budgeted,,,2,3,2,1,8,Completed,chair.esignature1.png,dean.esignature2.png,vpa.esignature3.png,director.esignature4.png,2020-12-20 03:53:03,2020-12-22,6/19/2023 12:29,6/19/2023 12:29
23,25,College of Business Administration,Accountancy Department,2020-2021,1st Semester,4,Contractual Full-time,Teaching,Replacement,,Resigned,,Budgeted,,,2,3,3,2,10,Completed,chair.esignature1.png,dean.esignature2.png,vpa.esignature3.png,director.esignature4.png,2020-06-25 18:19:13,2022-06-28,6/21/2023 13:12,6/21/2023 13:12
24,26,College of Business Administration,Accountancy Department,2020-2021,2nd Semester,4,Contractual Full-time,Teaching,New,For possible de loading of our faculty.,,,Budgeted,,,1,1,4,0,6,Completed,chair.esignature1.png,dean.esignature2.png,vpa.esignature3.png,director.esignature4.png,2020-12-17 15:24:33,2020-12-20,6/22/2023 7:25,6/22/2023 7:25
25,27,College of Business Administration,Accountancy Department,2021-2022,1st Semester,4,Permanent Full-time,Teaching,Replacement,,Promotion,,Budgeted,,,1,2,1,1,5,Disapproved,chair.esignature1.png,dean.esignature2.png,vpa.esignature3.png,director.esignature4.png,2020-06-25 18:19:13,2021-06-20,6/26/2023 9:07,6/26/2023 9:07
26,28,College of Business Administration,Accountancy Department,2021-2022,2nd Semester,2,Permanent Full-time,Teaching,New,There are some faculty who resigned and the manpower is not enough for next semester,,,Budgeted,,,2,3,3,0,8,Completed,chair.esignature1.png,dean.esignature2.png,vpa.esignature3.png,director.esignature4.png,2021-11-17 12:53:25,2021-11-24,6/29/2023 9:07,6/29/2023 9:07
27,29,College of Business Administration,Accountancy Department,2022-2023,1st Semester,2,Permanent Full-time,Teaching,New,"Two part time lecturers to resign effective 2nd sem SY19-20, One full time faculty will shift as part-time, off semester subjects will be loaded to new faculty members",,,Budgeted,,,4,2,2,1,9,Completed,chair.esignature1.png,dean.esignature2.png,vpa.esignature3.png,director.esignature4.png,2022-05-27 04:40:48,2022-05-29,7/6/2023 11:59,7/6/2023 11:59
28,30,College of Business Administration,Accountancy Department,2022-2023,2nd Semester,5,Contractual Full-time,Teaching,Replacement,,Promotion,,Budgeted,,,3,2,1,2,8,Completed,chair.esignature1.png,dean.esignature2.png,vpa.esignature3.png,director.esignature4.png,2022-10-14 18:45:57,2022-10-19,7/14/2023 12:28,7/14/2023 12:28
29,31,College of Business Administration,Hospitality Management Department,2018-2019,1st Semester,6,Contractual Part-time,Teaching,New,Need for full time in lieu of SHS teacher handling temporary load assignments,,,Budgeted,,,3,0,1,0,4,Completed,chair.esignature1.png,dean.esignature2.png,vpa.esignature3.png,director.esignature4.png,2018-07-03 00:14:30,2018-07-09,7/27/2023 12:55,7/27/2023 12:55
30,32,College of Business Administration,Hospitality Management Department,2018-2019,2nd Semester,6,Permanent Full-time,Teaching,Additional,"Research deloading of faculty memos, clinical pharmacy specialists",,,Budgeted,,,4,1,3,2,10,Completed,chair.esignature1.png,dean.esignature2.png,vpa.esignature3.png,director.esignature4.png,2018-12-22 01:37:40,2018-12-28,8/23/2023 14:46,8/23/2023 14:46
31,33,College of Business Administration,Hospitality Management Department,2019-2020,1st Semester,4,Permanent Part-time,Teaching,Replacement,,Others,Replacement of 4 part-time P.E faculty members,Budgeted,,,2,0,3,2,7,Completed,chair.esignature1.png,dean.esignature2.png,vpa.esignature3.png,director.esignature4.png,2019-06-23 06:06:50,2019-06-28,8/31/2023 17:30,8/31/2023 17:30
32,34,College of Business Administration,Hospitality Management Department,2019-2020,2nd Semester,2,Permanent Full-time,Teaching,Replacement,,Others,Lack of teaching Fore-Manpower in PE Department,Budgeted,,,2,2,2,2,8,Completed,chair.esignature1.png,dean.esignature2.png,vpa.esignature3.png,director.esignature4.png,2019-11-14 04:19:15,2019-11-18,9/6/2023 18:16,9/6/2023 18:16
33,35,College of Business Administration,Hospitality Management Department,2020-2021,1st Semester,7,Contractual Full-time,Teaching,Additional,Insufficient faculty members.,,,Budgeted,,,4,1,5,2,12,Disapproved,chair.esignature1.png,dean.esignature2.png,vpa.esignature3.png,director.esignature4.png,2019-06-23 06:06:50,2020-07-08,9/8/2023 18:53,9/8/2023 18:53
34,36,College of Business Administration,Hospitality Management Department,2020-2021,2nd Semester,4,Permanent Full-time,Teaching,Additional,"To handle the classes or the resigned faculty member, Mr. Pontejos",,,Budgeted,,,2,3,3,1,9,Completed,chair.esignature1.png,dean.esignature2.png,vpa.esignature3.png,director.esignature4.png,2020-10-25 19:16:32,2020-10-29,9/13/2023 19:27,9/13/2023 19:27
35,37,College of Business Administration,Hospitality Management Department,2021-2022,1st Semester,3,Permanent Full-time,Teaching,Replacement,,Others,Resignation of 2 faculty members and the non-availability of another one,Budgeted,,,1,0,3,0,4,Waiting for Approval,chair.esignature1.png,dean.esignature2.png,vpa.esignature3.png,director.esignature4.png,2020-07-03 09:02:56,2021-07-23,9/20/2023 20:30,9/20/2023 20:30
36,38,College of Business Administration,Hospitality Management Department,2021-2022,2nd Semester,4,Permanent Full-time,Teaching,New,To substitute courses assigned to Engr. Joan Sta.Ana on her maternity leave,,,Budgeted,,,4,2,2,2,10,Waiting for Approval,chair.esignature1.png,dean.esignature2.png,vpa.esignature3.png,director.esignature4.png,2020-10-25 19:16:32,2021-12-23,10/5/2023 11:49,10/5/2023 11:49
37,39,College of Business Administration,Hospitality Management Department,2022-2023,1st Semester,3,Contractual Part-time,Teaching,Additional,Insuffcient number of faculty members to serve the courses offered.,,,Budgeted,,,3,1,3,0,7,Waiting for Approval,chair.esignature1.png,dean.esignature2.png,vpa.esignature3.png,director.esignature4.png,2021-05-24 05:01:38,2022-06-17,10/19/2023 9:07,10/19/2023 9:07
38,40,College of Business Administration,Hospitality Management Department,2022-2023,2nd Semester,3,Permanent Full-time,Teaching,Replacement,,Others,SPL Ar.Alfonso took out due to imProcessing eye operation,Budgeted,,,3,3,2,2,10,Waiting for Approval,chair.esignature1.png,dean.esignature2.png,vpa.esignature3.png,director.esignature4.png,2021-12-07 08:15:27,2022-11-20,11/3/2023 9:56,11/3/2023 9:56
39,41,College of Business Administration,Management and Marketing Department,2018-2019,1st Semester,3,Permanent Full-time,Teaching,Replacement,,Others,Replacement for 2 full time faculty,Budgeted,,,4,3,4,2,13,Waiting for Approval,chair.esignature1.png,dean.esignature2.png,vpa.esignature3.png,director.esignature4.png,2022-06-13 15:46:11,2018-07-04,11/6/2023 10:32,11/6/2023 10:32
40,42,College of Business Administration,Management and Marketing Department,2018-2019,2nd Semester,5,Permanent Full-time,Teaching,Replacement,,Others,"Replace units of new chairpersons, as full-time permanent faculty.",Budgeted,,,3,1,1,1,6,Waiting for Approval,chair.esignature1.png,dean.esignature2.png,vpa.esignature3.png,director.esignature4.png,2022-11-15 10:10:40,2018-12-29,11/23/2023 12:16,11/23/2023 12:16
41,43,College of Business Administration,Management and Marketing Department,2019-2020,1st Semester,3,Contractual Part-time,Teaching,Replacement,,Others,"We request for manpower to replace faculty members who were not allowed to be re-appointed anymore as per CFCP's decision. In addition, we need additional faculty due to addition of subject load for next sem",Budgeted,,,4,1,4,0,9,Waiting for Approval,chair.esignature1.png,dean.esignature2.png,vpa.esignature3.png,director.esignature4.png,2018-06-26 21:25:10,2018-07-04,11/30/2023 12:35,11/30/2023 12:35
42,44,College of Business Administration,Management and Marketing Department,2019-2020,2nd Semester,3,Permanent Part-time,Teaching,Additional,Insuffcient number of faculty members.,,,Budgeted,,,2,1,4,1,8,Waiting for Approval,chair.esignature1.png,dean.esignature2.png,vpa.esignature3.png,director.esignature4.png,2018-12-22 04:58:19,2019-11-19,12/1/2023 13:43,12/1/2023 13:43
43,45,College of Business Administration,Management and Marketing Department,2020-2021,1st Semester,4,Permanent Full-time,Teaching,Replacement,To replace the current part-time faculty (Mr. Albert Dela Cruz) who will not be renewed next semester.,Promotion,,Budgeted,,,4,2,3,2,11,Waiting for Approval,chair.esignature1.png,dean.esignature2.png,vpa.esignature3.png,director.esignature4.png,2019-06-16 13:26:43,2020-06-15,12/21/2023 14:35,12/21/2023 14:35
44,46,College of Business Administration,Management and Marketing Department,2020-2021,2nd Semester,4,Permanent Full-time,Teaching,Replacement,A new teacher is needed to teach a specialized professional course just in case the current roster of faculty members cannot teach it.,Transfer,,Budgeted,,,1,0,1,2,4,Waiting for Approval,chair.esignature1.png,dean.esignature2.png,vpa.esignature3.png,director.esignature4.png,2019-10-24 09:37:09,2020-12-26,11/3/2023 15:19,11/3/2023 15:19
45,47,College of Business Administration,Management and Marketing Department,2021-2022,1st Semester,4,Contractual Full-time,Teaching,Additional,Units in professional courses w/ RIE are higher in 2nd semester and above required additional faculty members.,,,Budgeted,,,2,1,2,1,6,Waiting for Approval,chair.esignature1.png,dean.esignature2.png,vpa.esignature3.png,director.esignature4.png,2020-05-27 20:39:21,2021-06-29,11/10/2023 15:57,11/10/2023 15:57
46,48,College of Business Administration,Management and Marketing Department,2021-2022,2nd Semester,4,Permanent Full-time,Teaching,Replacement,,Others,Replacement of Engr. Raymond R. Raguindin for the reason that he is full time as ITSO Coordinator.,Budgeted,,,2,1,1,2,6,Waiting for Approval,chair.esignature1.png,dean.esignature2.png,vpa.esignature3.png,director.esignature4.png,2020-11-02 10:06:04,2021-12-26,11/13/2023 9:34,11/13/2023 9:34
47,49,College of Business Administration,Management and Marketing Department,2022-2023,1st Semester,5,Contractual Full-time,Teaching,Additional,"This is to replace our resigned faculty member, needed another FT faculty for our service courses.",,,Budgeted,,,4,3,1,0,8,Completed,chair.esignature1.png,dean.esignature2.png,vpa.esignature3.png,director.esignature4.png,2022-05-22 00:39:07,2022-05-28,11/20/2023 10:30,11/20/2023 10:30
48,50,College of Business Administration,Management and Marketing Department,2022-2023,2nd Semester,3,Permanent Full-time,Teaching,New,,,,Budgeted,,,2,1,1,1,5,Completed,chair.esignature1.png,dean.esignature2.png,vpa.esignature3.png,director.esignature4.png,2022-11-05 08:47:33,2022-11-09,6/20/2023 10:49,6/20/2023 10:49
49,51,College of Science,Chemistry Department,2018-2019,1st Semester,4,Permanent Full-time,Teaching,New,Insufficient faculty members.,,,Budgeted,,,1,2,2,1,6,Completed,chair.esignature1.png,dean.esignature2.png,vpa.esignature3.png,director.esignature4.png,2018-06-28 06:52:45,2018-07-03,7/12/2023 11:26,7/12/2023 11:26
50,52,College of Science,Chemistry Department,2018-2019,2nd Semester,3,Permanent Full-time,Teaching,Additional,Insufficient faculty members.,,,Budgeted,,,5,0,2,1,8,Completed,chair.esignature1.png,dean.esignature2.png,vpa.esignature3.png,director.esignature4.png,2018-11-17 00:06:19,2018-11-21,7/20/2023 12:17,7/20/2023 12:17
51,53,College of Science,Chemistry Department,2019-2020,1st Semester,4,Permanent Part-time,Teaching,Additional,Insufficient faculty members.,,,Budgeted,,,3,0,0,1,4,Completed,chair.esignature1.png,dean.esignature2.png,vpa.esignature3.png,director.esignature4.png,2018-05-27 12:23:20,2018-05-29,7/26/2023 16:21,7/26/2023 16:21
52,54,College of Science,Chemistry Department,2019-2020,2nd Semester,4,Permanent Part-time,Teaching,New,Insufficient faculty members.,,,Budgeted,,,4,1,0,0,5,Completed,chair.esignature1.png,dean.esignature2.png,vpa.esignature3.png,director.esignature4.png,2019-12-18 13:14:31,2019-12-23,7/31/2023 17:17,7/31/2023 17:17
53,55,College of Science,Chemistry Department,2020-2021,1st Semester,2,Permanent Full-time,Teaching,New,Insufficient faculty members.,,,Budgeted,,,2,1,2,2,7,Completed,chair.esignature1.png,dean.esignature2.png,vpa.esignature3.png,director.esignature4.png,2020-05-23 06:21:54,2020-05-27,8/10/2023 17:41,8/10/2023 17:41
54,56,College of Science,Chemistry Department,2020-2021,2nd Semester,5,Contractual Full-time,Teaching,New,Insufficient faculty members.,,,Budgeted,,,3,0,1,0,4,Completed,chair.esignature1.png,dean.esignature2.png,vpa.esignature3.png,director.esignature4.png,2020-10-18 16:13:04,2020-10-24,8/15/2023 13:46,8/15/2023 13:46
55,57,College of Science,Chemistry Department,2021-2022,1st Semester,3,Permanent Full-time,Teaching,New,Insufficient faculty members.,,,Budgeted,,,3,2,0,1,6,Completed,chair.esignature1.png,dean.esignature2.png,vpa.esignature3.png,director.esignature4.png,2021-07-19 10:26:53,2021-07-23,9/4/2023 14:35,9/4/2023 14:35
56,58,College of Science,Chemistry Department,2021-2022,2nd Semester,4,Contractual Part-time,Teaching,Additional,For possible de loading of our faculty.,,,Budgeted,,,4,3,2,1,10,Completed,chair.esignature1.png,dean.esignature2.png,vpa.esignature3.png,director.esignature4.png,2022-11-28 12:18:24,2022-12-03,9/8/2023 15:29,9/8/2023 15:29
57,59,College of Science,Chemistry Department,2022-2023,1st Semester,4,Contractual Full-time,Teaching,Additional,For possible de loading of our faculty.,,,Budgeted,,,2,2,0,0,4,Completed,chair.esignature1.png,dean.esignature2.png,vpa.esignature3.png,director.esignature4.png,2022-07-06 19:25:54,2022-07-14,9/12/2023 16:00,9/12/2023 16:00
58,60,College of Science,Chemistry Department,2022-2023,2nd Semester,6,Contractual Part-time,Teaching,New,For possible de loading of our faculty.,,,Budgeted,,,0,3,3,1,7,Completed,chair.esignature1.png,dean.esignature2.png,vpa.esignature3.png,director.esignature4.png,2022-10-22 05:29:48,2022-10-28,7/4/2023 20:30,7/4/2023 20:30
59,61,College of Science,Computer Science Department,2018-2019,1st Semester,4,Permanent Full-time,Teaching,New,For possible de loading of our faculty.,,,Budgeted,,,3,2,1,1,7,Approved,chair.esignature1.png,dean.esignature2.png,vpa.esignature3.png,director.esignature4.png,2018-06-26 01:12:52,2018-06-28,7/6/2023 19:40,7/6/2023 19:40
60,62,College of Science,Computer Science Department,2018-2019,2nd Semester,5,Permanent Full-time,Teaching,Additional,For possible de loading of our faculty.,,,Budgeted,,,2,3,2,2,9,Approved,chair.esignature1.png,dean.esignature2.png,vpa.esignature3.png,director.esignature4.png,2018-12-11 15:34:46,2018-12-15,7/10/2023 18:22,7/10/2023 18:22
61,63,College of Science,Computer Science Department,2019-2020,1st Semester,4,Permanent Full-time,Teaching,Additional,For possible de loading of our faculty.,,,Budgeted,,,3,0,4,0,7,Approved,chair.esignature1.png,dean.esignature2.png,vpa.esignature3.png,director.esignature4.png,2019-07-07 22:43:14,2019-07-10,7/14/2023 18:35,7/14/2023 18:35
62,64,College of Science,Computer Science Department,2019-2020,2nd Semester,4,Contractual Part-time,Teaching,Additional,For possible de loading of our faculty.,,,Budgeted,,,4,1,4,1,10,Approved,chair.esignature1.png,dean.esignature2.png,vpa.esignature3.png,director.esignature4.png,2019-11-28 19:45:22,2019-12-04,7/21/2023 13:58,7/21/2023 13:58
63,65,College of Science,Computer Science Department,2020-2021,1st Semester,3,Permanent Full-time,Teaching,Additional,For possible de loading of our faculty.,,,Budgeted,,,3,2,3,1,9,Disapproved,chair.esignature1.png,dean.esignature2.png,vpa.esignature3.png,director.esignature4.png,2019-07-07 22:43:14,2020-07-26,7/25/2023 14:46,7/25/2023 14:46
64,66,College of Science,Computer Science Department,2020-2021,2nd Semester,5,Contractual Part-time,Teaching,New,To handle the petitioned / tutorial classes,,,Budgeted,,,4,2,1,1,8,Completed,chair.esignature1.png,dean.esignature2.png,vpa.esignature3.png,director.esignature4.png,2020-11-21 21:12:53,2020-11-29,7/28/2023 12:28,7/28/2023 12:28
65,67,College of Science,Computer Science Department,2021-2022,1st Semester,3,Contractual Full-time,Teaching,New,To handle the petitioned / tutorial classes,,,Budgeted,,,0,3,3,0,6,Completed,chair.esignature1.png,dean.esignature2.png,vpa.esignature3.png,director.esignature4.png,2021-05-29 17:20:21,2021-06-04,8/11/2023 12:47,8/11/2023 12:47
66,68,College of Science,Computer Science Department,2021-2022,2nd Semester,4,Contractual Full-time,Teaching,New,To handle the petitioned / tutorial classes,,,Budgeted,,,4,2,4,1,11,Completed,chair.esignature1.png,dean.esignature2.png,vpa.esignature3.png,director.esignature4.png,2021-10-18 19:27:37,2021-10-21,8/31/2023 13:51,8/31/2023 13:51
67,69,College of Science,Computer Science Department,2022-2023,1st Semester,3,Permanent Full-time,Teaching,New,To handle the petitioned / tutorial classes,,,Budgeted,,,4,3,3,0,10,Waiting for Approval,chair.esignature1.png,dean.esignature2.png,vpa.esignature3.png,director.esignature4.png,2021-05-29 17:20:21,2022-06-08,9/1/2023 14:46,9/1/2023 14:46
68,70,College of Science,Computer Science Department,2022-2023,2nd Semester,6,Permanent Full-time,Teaching,New,To handle the petitioned / tutorial classes,,,Budgeted,,,1,1,4,0,6,Waiting for Approval,chair.esignature1.png,dean.esignature2.png,vpa.esignature3.png,director.esignature4.png,2021-10-18 19:27:37,2022-11-05,9/14/2023 15:42,9/14/2023 15:42
69,71,College of Science,Information Technology and Information System Department,2018-2019,1st Semester,4,Permanent Full-time,Teaching,Additional,To handle the petitioned / tutorial classes,,,Budgeted,,,2,1,0,1,4,Waiting for Approval,chair.esignature1.png,dean.esignature2.png,vpa.esignature3.png,director.esignature4.png,2022-05-23 19:31:51,2018-06-08,9/27/2023 16:00,9/27/2023 16:00
70,72,College of Science,Information Technology and Information System Department,2018-2019,2nd Semester,4,Contractual Part-time,Teaching,New,To handle the petitioned / tutorial classes,,,Budgeted,,,3,3,5,2,13,Disapproved,chair.esignature1.png,dean.esignature2.png,vpa.esignature3.png,director.esignature4.png,2022-10-25 01:52:13,2018-12-13,10/2/2023 11:49,10/2/2023 11:49
71,73,College of Science,Information Technology and Information System Department,2019-2020,1st Semester,6,Contractual Full-time,Teaching,Additional,To handle the petitioned / tutorial classes,,,Budgeted,,,2,2,1,0,5,Completed,chair.esignature1.png,dean.esignature2.png,vpa.esignature3.png,director.esignature4.png,2019-07-12 15:34:18,2019-07-16,10/10/2023 11:59,10/10/2023 11:59
72,74,College of Science,Information Technology and Information System Department,2019-2020,2nd Semester,3,Contractual Full-time,Teaching,New,To handle the petitioned / tutorial classes,,,Budgeted,,,3,1,1,1,6,Approved,chair.esignature1.png,dean.esignature2.png,vpa.esignature3.png,director.esignature4.png,2019-12-01 13:03:22,2019-12-08,11/22/2023 12:16,11/22/2023 12:16
73,75,College of Science,Information Technology and Information System Department,2020-2021,1st Semester,5,Contractual Full-time,Teaching,New,To handle the petitioned / tutorial classes,,,Budgeted,,,3,2,2,1,8,Approved,chair.esignature1.png,dean.esignature2.png,vpa.esignature3.png,director.esignature4.png,2020-07-02 02:10:33,2020-07-09,11/23/2023 12:29,11/23/2023 12:29
74,76,College of Science,Information Technology and Information System Department,2020-2021,2nd Semester,4,Contractual Full-time,Teaching,Additional,To handle the petitioned / tutorial classes,,,Budgeted,,,0,0,3,2,5,Approved,chair.esignature1.png,dean.esignature2.png,vpa.esignature3.png,director.esignature4.png,2020-11-27 22:58:59,2020-12-03,11/24/2023 12:42,11/24/2023 12:42
75,77,College of Science,Information Technology and Information System Department,2021-2022,1st Semester,6,Permanent Full-time,Teaching,Additional,Please see attached excess load from the dept.,,,Budgeted,,,2,3,2,2,9,Approved,chair.esignature1.png,dean.esignature2.png,vpa.esignature3.png,director.esignature4.png,2021-06-09 13:19:50,2021-06-12,12/5/2023 17:22,12/5/2023 17:22
76,78,College of Science,Information Technology and Information System Department,2021-2022,2nd Semester,2,Contractual Part-time,Teaching,New,Please see attached excess load from the dept.,,,Budgeted,,,2,3,3,0,8,Approved,chair.esignature1.png,dean.esignature2.png,vpa.esignature3.png,director.esignature4.png,2021-11-04 20:37:00,2021-11-12,12/15/2023 18:22,12/15/2023 18:22
77,79,College of Science,Information Technology and Information System Department,2022-2023,1st Semester,3,Contractual Part-time,Teaching,Additional,Please see attached excess load from the dept.,,,Budgeted,,,2,1,1,2,6,Approved,chair.esignature1.png,dean.esignature2.png,vpa.esignature3.png,director.esignature4.png,2022-06-17 06:46:06,2022-06-20,6/5/2023 8:00,6/5/2023 8:00
78,80,College of Science,Information Technology and Information System Department,2022-2023,2nd Semester,3,Contractual Full-time,Teaching,Additional,Please see attached excess load from the dept.,,,Budgeted,,,5,1,3,2,11,Approved,chair.esignature1.png,dean.esignature2.png,vpa.esignature3.png,director.esignature4.png,2022-11-02 23:09:14,2022-11-05,6/6/2023 9:34,6/6/2023 9:34
79,81,College of Science,Information Technology and Information System Department,2018-2019,1st Semester,3,Permanent Full-time,Teaching,New,Please see attached excess load from the dept.,,,Budgeted,,,0,3,2,0,0,Approved,chair.esignature1.png,dean.esignature2.png,vpa.esignature3.png,director.esignature4.png,2018-06-09 23:34:55,2018-06-11,6/23/2023 13:45,6/23/2023 13:45
80,82,College of Science,Information Technology and Information System Department,2018-2019,2nd Semester,5,Permanent Full-time,Teaching,Additional,Please see attached excess load from the dept.,,,Budgeted,,,3,0,0,0,1,Approved,chair.esignature1.png,dean.esignature2.png,vpa.esignature3.png,director.esignature4.png,2018-10-29 06:55:06,2018-11-03,6/19/2023 20:14,6/19/2023 20:14
81,83,College of Science,Information Technology and Information System Department,2018-2019,1st Semester,4,Permanent Full-time,Teaching,Additional,Please see attached excess load from the dept.,,,Budgeted,,,1,1,2,0,1,Approved,chair.esignature1.png,dean.esignature2.png,vpa.esignature3.png,director.esignature4.png,2018-05-23 03:13:30,2018-05-25,6/20/2023 12:42,6/20/2023 12:42
82,84,College of Science,Information Technology and Information System Department,2018-2019,2nd Semester,4,Contractual Full-time,Teaching,Additional,Please see attached excess load from the dept.,,,Budgeted,,,3,2,1,1,0,Approved,chair.esignature1.png,dean.esignature2.png,vpa.esignature3.png,director.esignature4.png,2018-11-15 19:17:37,2018-11-21,6/23/2023 13:45,6/23/2023 13:45
83,85,College of Science,Information Technology and Information System Department,2018-2019,1st Semester,5,Contractual Full-time,Teaching,Replacement,Please see attached excess load from the dept.,Resigned,,Budgeted,,,0,3,2,2,2,Approved,chair.esignature1.png,dean.esignature2.png,vpa.esignature3.png,director.esignature4.png,2018-06-13 13:37:54,2018-06-18,6/19/2023 20:14,6/19/2023 20:14
84,86,College of Science,Math and Physics Department,2018-2019,1st Semester,6,Contractual Part-time,Teaching,New,Please see attached excess load from the dept.,,,Budgeted,,,3,2,4,2,11,Approved,chair.esignature1.png,dean.esignature2.png,vpa.esignature3.png,director.esignature4.png,2018-05-22 20:31:21,2018-05-29,6/20/2023 10:48,6/20/2023 10:48
85,87,College of Science,Math and Physics Department,2018-2019,2nd Semester,4,Permanent Full-time,Teaching,New,Please see attached excess load from the dept.,,,Budgeted,,,2,3,3,2,10,Approved,chair.esignature1.png,dean.esignature2.png,vpa.esignature3.png,director.esignature4.png,2018-10-28 17:06:01,2018-11-02,7/5/2023 11:10,7/5/2023 11:10
86,88,College of Science,Math and Physics Department,2019-2020,1st Semester,3,Permanent Full-time,Teaching,Additional,Please see attached excess load from the dept.,,,Budgeted,,,1,2,3,2,8,Approved,chair.esignature1.png,dean.esignature2.png,vpa.esignature3.png,director.esignature4.png,2019-05-16 14:04:08,2019-05-20,7/13/2023 18:10,7/13/2023 18:10
87,89,College of Science,Math and Physics Department,2019-2020,2nd Semester,7,Contractual Full-time,Teaching,Additional,Please see attached excess load from the dept.,,,Budgeted,,,3,0,5,2,10,Approved,chair.esignature1.png,dean.esignature2.png,vpa.esignature3.png,director.esignature4.png,2019-11-05 05:58:24,2019-11-08,7/28/2023 18:40,7/28/2023 18:40
88,90,College of Science,Math and Physics Department,2020-2021,1st Semester,4,Permanent Full-time,Teaching,New,Please see attached excess load from the dept.,,,Budgeted,,,1,0,2,2,5,Approved,chair.esignature1.png,dean.esignature2.png,vpa.esignature3.png,director.esignature4.png,2020-05-29 10:09:48,2020-06-01,8/11/2023 19:27,8/11/2023 19:27
89,91,College of Science,Math and Physics Department,2020-2021,2nd Semester,4,Contractual Part-time,Teaching,Additional,Please see attached excess load from the dept.,,,Budgeted,,,2,1,2,0,5,Approved,chair.esignature1.png,dean.esignature2.png,vpa.esignature3.png,director.esignature4.png,2020-11-08 02:04:36,2020-11-11,8/17/2023 19:40,8/17/2023 19:40
90,92,College of Science,Math and Physics Department,2021-2022,1st Semester,2,Contractual Full-time,Teaching,New,Insufficient faculty members.,,,Budgeted,,,5,1,3,2,11,Approved,chair.esignature1.png,dean.esignature2.png,vpa.esignature3.png,director.esignature4.png,2021-06-19 15:12:56,2021-06-22,8/18/2023 20:35,8/18/2023 20:35
91,93,College of Science,Math and Physics Department,2021-2022,2nd Semester,6,Permanent Full-time,Teaching,Replacement,,Resigned,,Budgeted,,,4,2,2,2,10,Approved,chair.esignature1.png,dean.esignature2.png,vpa.esignature3.png,director.esignature4.png,2021-11-08 03:42:44,2021-11-11,8/22/2023 18:16,8/22/2023 18:16
92,94,College of Science,Math and Physics Department,2022-2023,1st Semester,6,Permanent Full-time,Teaching,Additional,Insufficient faculty members.,,,Budgeted,,,3,1,2,0,6,Approved,chair.esignature1.png,dean.esignature2.png,vpa.esignature3.png,director.esignature4.png,2022-07-01 05:19:34,2022-07-03,8/28/2023 15:42,8/28/2023 15:42
93,95,College of Science,Math and Physics Department,2022-2023,2nd Semester,5,Contractual Part-time,Teaching,Additional,Insufficient faculty members.,,,Budgeted,,,0,0,2,0,2,Approved,chair.esignature1.png,dean.esignature2.png,vpa.esignature3.png,director.esignature4.png,2022-10-29 08:07:29,2022-11-03,9/5/2023 16:18,9/5/2023 16:18
94,96,College of Science,Biology Department,2018-2019,1st Semester,3,Permanent Full-time,Teaching,Additional,Insufficient faculty members.,,,Budgeted,,,2,2,0,0,4,Approved,chair.esignature1.png,dean.esignature2.png,vpa.esignature3.png,director.esignature4.png,2018-07-01 10:16:10,2018-07-06,9/8/2023 17:41,9/8/2023 17:41
95,97,College of Science,Biology Department,2018-2019,2nd Semester,5,Permanent Full-time,Teaching,Additional,Insufficient faculty members.,,,Budgeted,,,4,1,2,2,9,Approved,chair.esignature1.png,dean.esignature2.png,vpa.esignature3.png,director.esignature4.png,2018-12-21 19:03:09,2018-12-26,10/16/2023 9:02,10/16/2023 9:02
96,98,College of Science,Biology Department,2019-2020,1st Semester,6,Contractual Full-time,Teaching,New,Insufficient faculty members.,,,Budgeted,,,1,2,4,1,8,Approved,chair.esignature1.png,dean.esignature2.png,vpa.esignature3.png,director.esignature4.png,2019-06-03 08:42:18,2019-06-07,10/17/2023 9:56,10/17/2023 9:56
97,99,College of Science,Biology Department,2019-2020,2nd Semester,2,Permanent Full-time,Teaching,New,Insufficient faculty members.,,,Budgeted,,,1,3,4,1,9,Approved,chair.esignature1.png,dean.esignature2.png,vpa.esignature3.png,director.esignature4.png,2019-10-29 15:32:01,2019-11-02,11/6/2023 10:30,11/6/2023 10:30
98,100,College of Science,Biology Department,2020-2021,1st Semester,5,Contractual Full-time,Teaching,New,To handle the petitioned / tutorial classes,,,Budgeted,,,3,2,3,0,8,Approved,chair.esignature1.png,dean.esignature2.png,vpa.esignature3.png,director.esignature4.png,2020-06-19 06:25:08,2020-06-21,11/29/2023 10:49,11/29/2023 10:49
99,101,College of Science,Biology Department,2020-2021,2nd Semester,3,Permanent Full-time,Teaching,New,To handle the petitioned / tutorial classes,,,Budgeted,,,5,3,4,0,12,Approved,chair.esignature1.png,dean.esignature2.png,vpa.esignature3.png,director.esignature4.png,2020-11-02 10:28:04,2020-11-06,12/22/2023 11:26,12/22/2023 11:26
100,102,College of Science,Biology Department,2021-2022,1st Semester,2,Permanent Full-time,Teaching,Additional,Excess units that the current roster of Department can no longer accomodate,,,Budgeted,,,4,0,2,2,8,Approved,chair.esignature1.png,dean.esignature2.png,vpa.esignature3.png,director.esignature4.png,2021-06-09 19:12:14,2021-06-11,12/25/2023 12:16,12/25/2023 12:16
101,103,College of Science,Biology Department,2021-2022,2nd Semester,3,Permanent Full-time,Teaching,Additional,To handle the petitioned / tutorial classes,,,Budgeted,,,4,2,0,2,8,Completed,chair.esignature1.png,dean.esignature2.png,vpa.esignature3.png,director.esignature4.png,2021-11-19 00:16:50,2021-11-23,8/2/2023 12:42,8/2/2023 12:42
102,104,College of Science,Biology Department,2022-2023,1st Semester,4,Permanent Full-time,Teaching,Additional,To handle the petitioned / tutorial classes,,,Budgeted,,,0,3,2,2,7,Completed,chair.esignature1.png,dean.esignature2.png,vpa.esignature3.png,director.esignature4.png,2022-06-07 06:33:32,2022-06-10,8/3/2023 16:16,8/3/2023 16:16
103,105,College of Science,Biology Department,2022-2023,2nd Semester,4,Permanent Full-time,Teaching,New,To handle the petitioned / tutorial classes,,,Budgeted,,,3,0,3,2,8,Approved,chair.esignature1.png,dean.esignature2.png,vpa.esignature3.png,director.esignature4.png,2022-11-15 07:38:49,2022-11-17,8/9/2023 10:56,8/9/2023 10:56
104,106,College of Science,Biology Department,2020-2021,2nd Semester,3,Permanent Part-time,Teaching,Replacement,For possible de loading of our faculty.,Resigned,,Budgeted,,,2,3,0,2,1,Disapproved,chair.esignature1.png,dean.esignature2.png,vpa.esignature3.png,director.esignature4.png,2022-06-07 06:33:32,2020-01-06,6/20/2023 12:42,6/20/2023 12:42
105,107,College of Science,Biology Department,2020-2021,1st Semester,4,Permanent Full-time,Teaching,New,For possible de loading of our faculty.,,,Budgeted,,,1,2,2,2,1,Completed,chair.esignature1.png,dean.esignature2.png,vpa.esignature3.png,director.esignature4.png,2020-05-14 11:37:45,2020-05-18,6/23/2023 13:45,6/23/2023 13:45
106,108,College of Science,Biology Department,2020-2021,2nd Semester,6,Contractual Part-time,Teaching,New,For possible de loading of our faculty.,,,Budgeted,,,1,0,0,1,0,Completed,chair.esignature1.png,dean.esignature2.png,vpa.esignature3.png,director.esignature4.png,2020-10-19 05:39:43,2020-10-21,6/19/2023 20:14,6/19/2023 20:14
107,109,College of Science,Biology Department,2020-2021,1st Semester,4,Permanent Full-time,Teaching,New,For possible de loading of our faculty.,,,Budgeted,,,3,3,1,0,2,Completed,chair.esignature1.png,dean.esignature2.png,vpa.esignature3.png,director.esignature4.png,2020-06-15 06:44:58,2020-06-20,6/20/2023 12:42,6/20/2023 12:42
108,110,College of Science,Biology Department,2020-2021,2nd Semester,5,Permanent Full-time,Teaching,New,For possible de loading of our faculty.,,,Budgeted,,,1,0,0,1,1,Waiting for Approval,chair.esignature1.png,dean.esignature2.png,vpa.esignature3.png,director.esignature4.png,2020-10-19 05:39:43,2020-11-03,6/23/2023 13:45,6/23/2023 13:45
109,111,College of Science,Psychology Department,2018-2019,1st Semester,4,Permanent Full-time,Teaching,New,To handle the petitioned / tutorial classes,,,Budgeted,,,4,3,3,0,10,Waiting for Approval,chair.esignature1.png,dean.esignature2.png,vpa.esignature3.png,director.esignature4.png,2020-06-15 06:44:58,2018-07-19,8/17/2023 9:43,8/17/2023 9:43
110,112,College of Science,Psychology Department,2018-2019,2nd Semester,4,Permanent Full-time,Teaching,New,Excess units that the current roster of Department can no longer accomodate,,,Budgeted,,,1,1,1,2,5,Waiting for Approval,chair.esignature1.png,dean.esignature2.png,vpa.esignature3.png,director.esignature4.png,2020-10-18 06:10:29,2018-11-24,8/30/2023 10:30,8/30/2023 10:30
111,113,College of Science,Psychology Department,2019-2020,1st Semester,5,Permanent Full-time,Teaching,Additional,Excess units that the current roster of Department can no longer accomodate,,,Budgeted,,,0,3,4,1,8,Waiting for Approval,chair.esignature1.png,dean.esignature2.png,vpa.esignature3.png,director.esignature4.png,2018-06-12 04:49:32,2019-06-25,9/5/2023 11:49,9/5/2023 11:49
112,114,College of Science,Psychology Department,2019-2020,2nd Semester,5,Permanent Full-time,Teaching,Additional,One of our full time faculty member will be on leave,,,Budgeted,,,2,3,4,2,11,Waiting for Approval,chair.esignature1.png,dean.esignature2.png,vpa.esignature3.png,director.esignature4.png,2018-11-16 09:58:31,2019-11-17,9/6/2023 12:23,9/6/2023 12:23
113,115,College of Science,Psychology Department,2020-2021,1st Semester,6,Contractual Full-time,Teaching,Additional,One of our full time faculty member will be on leave,,,Budgeted,,,2,0,3,0,5,Waiting for Approval,chair.esignature1.png,dean.esignature2.png,vpa.esignature3.png,director.esignature4.png,2019-05-22 05:42:42,2020-06-12,9/11/2023 13:12,9/11/2023 13:12
114,116,College of Science,Psychology Department,2020-2021,2nd Semester,5,Contractual Part-time,Teaching,Additional,To handle the petitioned / tutorial classes,,,Budgeted,,,3,1,2,2,8,Waiting for Approval,chair.esignature1.png,dean.esignature2.png,vpa.esignature3.png,director.esignature4.png,2019-11-12 23:29:30,2020-11-03,9/19/2023 16:03,9/19/2023 16:03
115,117,College of Science,Psychology Department,2021-2022,1st Semester,3,Contractual Full-time,Teaching,New,To handle the petitioned / tutorial classes,,,Budgeted,,,3,1,5,2,11,Waiting for Approval,chair.esignature1.png,dean.esignature2.png,vpa.esignature3.png,director.esignature4.png,2020-06-09 13:23:56,2021-06-02,9/29/2023 18:53,9/29/2023 18:53
116,118,College of Science,Psychology Department,2021-2022,2nd Semester,4,Permanent Full-time,Teaching,New,To handle the petitioned / tutorial classes,,,Budgeted,,,3,3,5,0,11,Completed,chair.esignature1.png,dean.esignature2.png,vpa.esignature3.png,director.esignature4.png,2021-11-09 21:25:58,2021-11-13,10/20/2023 7:24,10/20/2023 7:24
117,119,College of Science,Psychology Department,2022-2023,1st Semester,4,Permanent Part-time,Teaching,New,To handle the petitioned / tutorial classes,,,Budgeted,,,1,2,2,2,7,Completed,chair.esignature1.png,dean.esignature2.png,vpa.esignature3.png,director.esignature4.png,2022-06-17 00:12:45,2022-06-23,10/25/2023 8:25,10/25/2023 8:25
118,120,College of Science,Psychology Department,2022-2023,2nd Semester,3,Permanent Full-time,Teaching,New,To handle the petitioned / tutorial classes,,,Budgeted,,,1,1,4,1,7,Completed,chair.esignature1.png,dean.esignature2.png,vpa.esignature3.png,director.esignature4.png,2022-11-17 09:48:34,2022-11-21,11/6/2023 9:07,11/6/2023 9:07
119,121,College of Architecture,Architecture Department,2018-2019,1st Semester,5,Permanent Full-time,Teaching,Replacement,,Resigned,,Budgeted,,,3,3,1,2,9,Completed,chair.esignature1.png,dean.esignature2.png,vpa.esignature3.png,director.esignature4.png,2018-06-02 17:50:07,2018-06-07,6/2/2023 10:04,6/2/2023 10:04
120,122,College of Architecture,Architecture Department,2018-2019,2nd Semester,3,Permanent Full-time,Teaching,Additional,For possible de loading of our faculty.,,,Budgeted,,,3,0,4,2,9,Completed,chair.esignature1.png,dean.esignature2.png,vpa.esignature3.png,director.esignature4.png,2018-10-29 06:53:22,2018-11-04,6/9/2023 10:44,6/9/2023 10:44
121,123,College of Architecture,Architecture Department,2019-2020,1st Semester,8,Contractual Full-time,Teaching,Additional,For possible de loading of our faculty.,,,Budgeted,,,1,2,5,0,8,Disapproved,chair.esignature1.png,dean.esignature2.png,vpa.esignature3.png,director.esignature4.png,2018-06-02 17:50:07,2019-07-21,6/20/2023 11:55,6/20/2023 11:55
122,124,College of Architecture,Architecture Department,2019-2020,2nd Semester,4,Permanent Full-time,Teaching,Additional,For possible de loading of our faculty.,,,Budgeted,,,2,0,2,1,5,Waiting for Approval,chair.esignature1.png,dean.esignature2.png,vpa.esignature3.png,director.esignature4.png,2018-10-29 06:53:22,2019-12-22,7/7/2023 12:21,7/7/2023 12:21
123,125,College of Architecture,Architecture Department,2020-2021,1st Semester,4,Permanent Full-time,Teaching,New,For possible de loading of our faculty.,,,Budgeted,,,5,2,4,1,12,Waiting for Approval,chair.esignature1.png,dean.esignature2.png,vpa.esignature3.png,director.esignature4.png,2019-07-19 19:43:41,2020-06-17,7/10/2023 13:13,7/10/2023 13:13
124,126,College of Architecture,Architecture Department,2020-2021,2nd Semester,5,Permanent Full-time,Teaching,New,For possible de loading of our faculty.,,,Budgeted,,,4,2,0,0,6,Waiting for Approval,chair.esignature1.png,dean.esignature2.png,vpa.esignature3.png,director.esignature4.png,2019-12-18 09:17:50,2020-12-09,7/25/2023 13:41,7/25/2023 13:41
125,127,College of Architecture,Architecture Department,2021-2022,1st Semester,4,Contractual Full-time,Teaching,New,To handle the petitioned / tutorial classes,,,Budgeted,,,1,3,1,1,6,Waiting for Approval,chair.esignature1.png,dean.esignature2.png,vpa.esignature3.png,director.esignature4.png,2020-06-12 13:05:18,2021-07-20,10/13/2023 15:17,10/13/2023 15:17
126,128,College of Architecture,Architecture Department,2021-2022,2nd Semester,4,Contractual Full-time,Teaching,New,To handle the petitioned / tutorial classes,,,Budgeted,,,1,0,2,2,5,Waiting for Approval,chair.esignature1.png,dean.esignature2.png,vpa.esignature3.png,director.esignature4.png,2020-11-25 21:41:31,2021-11-21,10/17/2023 15:39,10/17/2023 15:39
127,129,College of Architecture,Architecture Department,2022-2023,1st Semester,6,Permanent Full-time,Teaching,Additional,To handle the petitioned / tutorial classes,,,Budgeted,,,1,3,2,1,7,Waiting for Approval,chair.esignature1.png,dean.esignature2.png,vpa.esignature3.png,director.esignature4.png,2021-07-18 11:47:24,2022-07-19,10/27/2023 17:03,10/27/2023 17:03
128,130,College of Architecture,Architecture Department,2022-2023,2nd Semester,2,Permanent Full-time,Teaching,Additional,To handle the petitioned / tutorial classes,,,Budgeted,,,1,3,0,2,6,Completed,chair.esignature1.png,dean.esignature2.png,vpa.esignature3.png,director.esignature4.png,2022-12-02 19:27:58,2022-12-06,10/31/2023 17:38,10/31/2023 17:38
129,131,College of Education and Liberal Arts,Communication Department,2018-2019,1st Semester,1,Contractual Part-time,Teaching,New,To handle the petitioned / tutorial classes,,,Budgeted,,,2,2,3,0,7,Waiting for Approval,chair.esignature1.png,dean.esignature2.png,vpa.esignature3.png,director.esignature4.png,2022-07-10 07:06:44,2018-06-20,11/9/2023 13:31,11/9/2023 13:31
130,132,College of Education and Liberal Arts,Communication Department,2018-2019,2nd Semester,4,Permanent Full-time,Teaching,New,For possible de loading of our faculty.,,,Budgeted,,,2,1,4,0,7,Completed,chair.esignature1.png,dean.esignature2.png,vpa.esignature3.png,director.esignature4.png,2019-11-27 15:31:03,2019-12-02,11/22/2023 14:32,11/22/2023 14:32
131,133,College of Education and Liberal Arts,Communication Department,2019-2020,1st Semester,6,Contractual Full-time,Teaching,New,For possible de loading of our faculty.,,,Budgeted,,,3,2,4,2,11,Completed,chair.esignature1.png,dean.esignature2.png,vpa.esignature3.png,director.esignature4.png,2019-05-22 00:50:33,2019-05-26,11/27/2023 10:03,11/27/2023 10:03
132,134,College of Education and Liberal Arts,Communication Department,2019-2020,2nd Semester,4,Permanent Full-time,Teaching,Additional,For possible de loading of our faculty.,,,Budgeted,,,1,0,4,0,5,Completed,chair.esignature1.png,dean.esignature2.png,vpa.esignature3.png,director.esignature4.png,2019-11-24 05:58:44,2019-11-28,11/29/2023 10:56,11/29/2023 10:56
133,135,College of Education and Liberal Arts,Communication Department,2020-2021,1st Semester,4,Contractual Full-time,Teaching,Replacement,,Resigned,,Budgeted,,,3,3,1,1,8,Waiting for Approval,chair.esignature1.png,dean.esignature2.png,vpa.esignature3.png,director.esignature4.png,2019-05-22 00:50:33,2020-06-06,11/30/2023 7:24,11/30/2023 7:24
134,136,College of Education and Liberal Arts,Communication Department,2020-2021,2nd Semester,4,Contractual Part-time,Teaching,Additional,For possible de loading of our faculty.,,,Budgeted,,,1,2,2,2,7,Completed,chair.esignature1.png,dean.esignature2.png,vpa.esignature3.png,director.esignature4.png,2020-10-29 12:43:53,2020-11-01,12/12/2023 8:51,12/12/2023 8:51
135,137,College of Education and Liberal Arts,Communication Department,2021-2022,1st Semester,3,Permanent Full-time,Teaching,New,Insufficient faculty members.,,,Budgeted,,,4,3,4,1,12,Completed,chair.esignature1.png,dean.esignature2.png,vpa.esignature3.png,director.esignature4.png,2021-06-24 09:17:35,2021-06-26,6/30/2023 16:06,6/30/2023 16:06
136,138,College of Education and Liberal Arts,Communication Department,2021-2022,2nd Semester,4,Contractual Part-time,Teaching,New,Insufficient faculty members.,,,Budgeted,,,3,1,1,0,5,Waiting for Approval,chair.esignature1.png,dean.esignature2.png,vpa.esignature3.png,director.esignature4.png,2020-10-29 12:43:53,2021-12-28,7/17/2023 17:42,7/17/2023 17:42
137,139,College of Education and Liberal Arts,Communication Department,2022-2023,1st Semester,5,Permanent Full-time,Teaching,New,Insufficient faculty members.,,,Budgeted,,,0,2,2,2,6,Completed,chair.esignature1.png,dean.esignature2.png,vpa.esignature3.png,director.esignature4.png,2022-06-16 06:50:16,2022-06-22,7/18/2023 17:38,7/18/2023 17:38
138,140,College of Education and Liberal Arts,Communication Department,2022-2023,2nd Semester,5,Permanent Full-time,Teaching,Additional,Insufficient faculty members.,,,Budgeted,,,3,2,2,1,8,Completed,chair.esignature1.png,dean.esignature2.png,vpa.esignature3.png,director.esignature4.png,2022-12-23 00:43:06,2022-12-26,7/27/2023 18:04,7/27/2023 18:04
139,141,College of Education and Liberal Arts,Education Department,2018-2019,1st Semester,6,Contractual Full-time,Teaching,Additional,Insufficient faculty members.,,,Budgeted,,,4,2,5,1,12,Completed,chair.esignature1.png,dean.esignature2.png,vpa.esignature3.png,director.esignature4.png,2018-06-23 12:09:56,2018-06-30,7/31/2023 18:20,7/31/2023 18:20
140,142,College of Education and Liberal Arts,Education Department,2018-2019,2nd Semester,2,Permanent Full-time,Teaching,Additional,Insufficient faculty members.,,,Budgeted,,,1,1,5,0,7,Waiting for Approval,chair.esignature1.png,dean.esignature2.png,vpa.esignature3.png,director.esignature4.png,2022-12-23 00:43:06,2018-12-05,8/7/2023 10:18,8/7/2023 10:18
141,143,College of Education and Liberal Arts,Education Department,2019-2020,1st Semester,5,Permanent Full-time,Teaching,New,Replacement for 2 full time faculty,,,Budgeted,,,2,1,3,2,8,Completed,chair.esignature1.png,dean.esignature2.png,vpa.esignature3.png,director.esignature4.png,2019-06-03 00:01:24,2019-06-07,8/22/2023 12:03,8/22/2023 12:03
142,144,College of Education and Liberal Arts,Education Department,2019-2020,2nd Semester,3,Permanent Full-time,Teaching,New,Replacement for 2 full time faculty,,,Budgeted,,,2,1,3,0,6,Completed,chair.esignature1.png,dean.esignature2.png,vpa.esignature3.png,director.esignature4.png,2019-11-26 17:20:18,2019-11-28,8/28/2023 8:40,8/28/2023 8:40
143,145,College of Education and Liberal Arts,Education Department,2020-2021,1st Semester,5,Permanent Full-time,Teaching,Replacement,,Resigned,,Budgeted,,,2,0,1,2,5,Waiting for Approval,chair.esignature1.png,dean.esignature2.png,vpa.esignature3.png,director.esignature4.png,2019-06-03 00:01:24,2020-07-14,9/5/2023 10:04,9/5/2023 10:04
144,146,College of Education and Liberal Arts,Education Department,2020-2021,2nd Semester,5,Permanent Full-time,Teaching,Replacement,,Promotion,,Budgeted,,,5,1,2,0,8,Disapproved,chair.esignature1.png,dean.esignature2.png,vpa.esignature3.png,director.esignature4.png,2019-11-26 17:20:18,2020-11-30,10/4/2023 13:41,10/4/2023 13:41
145,147,College of Education and Liberal Arts,Education Department,2021-2022,1st Semester,2,Contractual Full-time,Teaching,Replacement,,Transfer,,Budgeted,,,4,3,3,2,12,Completed,chair.esignature1.png,dean.esignature2.png,vpa.esignature3.png,director.esignature4.png,2021-07-02 14:38:53,2021-07-07,10/9/2023 15:10,10/9/2023 15:10
146,148,College of Education and Liberal Arts,Education Department,2021-2022,2nd Semester,2,Contractual Full-time,Teaching,Additional,To handle the petitioned / tutorial classes,,,Budgeted,,,3,2,2,0,7,Completed,chair.esignature1.png,dean.esignature2.png,vpa.esignature3.png,director.esignature4.png,2021-10-21 02:13:32,2021-10-25,10/13/2023 17:38,10/13/2023 17:38
147,149,College of Education and Liberal Arts,Education Department,2022-2023,1st Semester,3,Permanent Full-time,Teaching,Additional,To handle the petitioned / tutorial classes,,,Budgeted,,,3,2,0,1,6,Waiting for Approval,chair.esignature1.png,dean.esignature2.png,vpa.esignature3.png,director.esignature4.png,2021-07-02 14:38:53,2022-07-11,10/23/2023 17:59,10/23/2023 17:59
148,150,College of Education and Liberal Arts,Education Department,2022-2023,2nd Semester,3,Contractual Part-time,Teaching,New,Insufficient faculty members.,,,Budgeted,,,4,0,5,2,11,Completed,chair.esignature1.png,dean.esignature2.png,vpa.esignature3.png,director.esignature4.png,2022-11-26 02:47:10,2022-12-01,10/24/2023 18:17,10/24/2023 18:17
149,151,College of Education and Liberal Arts,Languages Department,2018-2019,1st Semester,3,Contractual Full-time,Teaching,Additional,Insufficient faculty members.,,,Budgeted,,,4,2,4,2,12,Completed,chair.esignature1.png,dean.esignature2.png,vpa.esignature3.png,director.esignature4.png,2018-06-18 06:33:11,2018-06-26,10/25/2023 19:15,10/25/2023 19:15
150,152,College of Education and Liberal Arts,Languages Department,2018-2019,2nd Semester,5,Permanent Full-time,Teaching,New,Insufficient faculty members.,,,Budgeted,,,0,3,0,1,4,Completed,chair.esignature1.png,dean.esignature2.png,vpa.esignature3.png,director.esignature4.png,2018-12-12 00:31:10,2018-12-18,11/7/2023 19:38,11/7/2023 19:38
151,153,College of Education and Liberal Arts,Languages Department,2019-2020,1st Semester,5,Permanent Full-time,Teaching,New,Insufficient faculty members.,,,Budgeted,,,1,3,4,0,8,Waiting for Approval,chair.esignature1.png,dean.esignature2.png,vpa.esignature3.png,director.esignature4.png,2018-06-18 06:33:11,2019-07-19,11/9/2023 20:42,11/9/2023 20:42
152,154,College of Education and Liberal Arts,Languages Department,2019-2020,2nd Semester,4,Contractual Full-time,Teaching,Replacement,,,,Budgeted,,,4,2,3,2,11,Completed,chair.esignature1.png,dean.esignature2.png,vpa.esignature3.png,director.esignature4.png,2019-11-12 21:26:40,2019-11-15,11/10/2023 20:51,11/10/2023 20:51
153,155,College of Education and Liberal Arts,Languages Department,2020-2021,1st Semester,3,Permanent Full-time,Teaching,Additional,No overload & assigning only,,,Budgeted,,,3,2,0,1,6,Completed,chair.esignature1.png,dean.esignature2.png,vpa.esignature3.png,director.esignature4.png,2020-06-10 21:07:07,2020-06-13,11/28/2023 19:25,11/28/2023 19:25
154,156,College of Education and Liberal Arts,Languages Department,2020-2021,2nd Semester,2,Contractual Part-time,Teaching,New,No overload & assigning only,,,Budgeted,,,5,1,1,2,9,Waiting for Approval,chair.esignature1.png,dean.esignature2.png,vpa.esignature3.png,director.esignature4.png,2019-11-12 21:26:40,2020-12-07,12/1/2023 15:18,12/1/2023 15:18
155,157,College of Education and Liberal Arts,Languages Department,2021-2022,1st Semester,4,Contractual Part-time,Teaching,New,No overload & assigning only,,,Budgeted,,,3,2,2,1,8,Completed,chair.esignature1.png,dean.esignature2.png,vpa.esignature3.png,director.esignature4.png,2021-06-03 04:42:59,2021-06-09,12/6/2023 14:39,12/6/2023 14:39
156,158,College of Education and Liberal Arts,Languages Department,2021-2022,2nd Semester,5,Contractual Part-time,Teaching,Replacement,,Promotion,,Budgeted,,,5,1,3,0,9,Completed,chair.esignature1.png,dean.esignature2.png,vpa.esignature3.png,director.esignature4.png,2021-11-25 14:16:13,2021-11-28,12/29/2023 12:19,12/29/2023 12:19
157,159,College of Education and Liberal Arts,Languages Department,2022-2023,1st Semester,4,Permanent Full-time,Teaching,Additional,No overload & assigning only,,,Budgeted,,,4,2,4,0,10,Waiting for Approval,chair.esignature1.png,dean.esignature2.png,vpa.esignature3.png,director.esignature4.png,2021-06-03 04:42:59,2022-06-25,11/10/2023 12:30,11/10/2023 12:30
158,160,College of Education and Liberal Arts,Languages Department,2022-2023,2nd Semester,5,Permanent Full-time,Teaching,Additional,Insufficient faculty members.,,,Budgeted,,,3,2,0,2,7,Completed,chair.esignature1.png,dean.esignature2.png,vpa.esignature3.png,director.esignature4.png,2022-11-24 04:57:05,2022-11-27,11/16/2023 10:03,11/16/2023 10:03
159,161,College of Education and Liberal Arts,Physical Education Department,2018-2019,1st Semester,6,Permanent Full-time,Teaching,New,Insufficient faculty members.,,,Budgeted,,,4,1,4,1,10,Completed,chair.esignature1.png,dean.esignature2.png,vpa.esignature3.png,director.esignature4.png,2018-06-13 19:12:58,2018-06-16,11/28/2023 10:07,11/28/2023 10:07
160,162,College of Education and Liberal Arts,Physical Education Department,2018-2019,2nd Semester,6,Permanent Full-time,Teaching,New,Insufficient faculty members.,,,Budgeted,,,2,2,3,0,7,Completed,chair.esignature1.png,dean.esignature2.png,vpa.esignature3.png,director.esignature4.png,2018-11-02 19:23:48,2018-11-05,12/5/2023 8:05,12/5/2023 8:05
161,163,College of Education and Liberal Arts,Physical Education Department,2019-2020,1st Semester,4,Contractual Full-time,Teaching,New,Insufficient faculty members.,,,Budgeted,,,5,2,2,1,10,Waiting for Approval,chair.esignature1.png,dean.esignature2.png,vpa.esignature3.png,director.esignature4.png,2020-12-20 12:45:19,2020-12-23,12/7/2023 9:03,12/7/2023 9:03
162,164,College of Education and Liberal Arts,Physical Education Department,2019-2020,2nd Semester,2,Contractual Full-time,Teaching,Replacement,,Resigned,,Budgeted,,,4,2,2,1,9,Completed,chair.esignature1.png,dean.esignature2.png,vpa.esignature3.png,director.esignature4.png,2018-11-02 19:23:48,2020-01-03,12/12/2023 20:43,12/12/2023 20:43
163,165,College of Education and Liberal Arts,Physical Education Department,2020-2021,1st Semester,5,Contractual Full-time,Teaching,Additional,Insufficient faculty members.,,,Budgeted,,,3,1,5,2,11,Disapproved,chair.esignature1.png,dean.esignature2.png,vpa.esignature3.png,director.esignature4.png,2019-06-21 18:41:22,2020-06-16,4/22/2023 10:45:00,4/22/2023 10:45:00
164,166,College of Education and Liberal Arts,Physical Education Department,2020-2021,2nd Semester,4,Contractual Part-time,Teaching,Additional,Insufficient faculty members.,,,Budgeted,,,4,0,5,0,9,Waiting for Approval,chair.esignature1.png,dean.esignature2.png,vpa.esignature3.png,director.esignature4.png,2020-12-20 12:45:19,2021-01-07,04/18/2023 14:06:00,04/18/2023 14:06:00
165,167,College of Education and Liberal Arts,Physical Education Department,2021-2022,1st Semester,3,Permanent Full-time,Teaching,Replacement,,Promotion,,Budgeted,,,0,0,2,2,4,Completed,chair.esignature1.png,dean.esignature2.png,vpa.esignature3.png,director.esignature4.png,2021-07-06 13:45:40,2021-07-08,03/02/2023 13:40:47,03/02/2023 13:40:47
166,168,College of Education and Liberal Arts,Physical Education Department,2021-2022,2nd Semester,4,Permanent Full-time,Teaching,New,Insufficient faculty members.,,,Budgeted,,,2,3,4,1,10,Completed,chair.esignature1.png,dean.esignature2.png,vpa.esignature3.png,director.esignature4.png,2022-01-01 10:19:53,2022-01-05,07/20/2023 9:38:18,07/20/2023 9:38:18
167,169,College of Education and Liberal Arts,Physical Education Department,2022-2023,1st Semester,4,Contractual Full-time,Teaching,New,Insufficient faculty members.,,,Budgeted,,,2,2,1,1,6,Waiting for Approval,chair.esignature1.png,dean.esignature2.png,vpa.esignature3.png,director.esignature4.png,2021-07-06 13:45:40,2022-06-05,09/09/2023 12:44:49,09/09/2023 12:44:49
168,170,College of Education and Liberal Arts,Physical Education Department,2022-2023,2nd Semester,3,Contractual Full-time,Teaching,Additional,No overload & assigning only,,,Budgeted,,,1,2,5,2,10,Completed,chair.esignature1.png,dean.esignature2.png,vpa.esignature3.png,director.esignature4.png,2022-11-04 01:52:30,2022-11-06,03/05/2023 5:34:23,03/05/2023 5:34:23
169,171,College of Education and Liberal Arts,Social Science Department,2018-2019,1st Semester,3,Contractual Full-time,Teaching,New,No overload & assigning only,,,Budgeted,,,3,1,4,1,9,Completed,chair.esignature1.png,dean.esignature2.png,vpa.esignature3.png,director.esignature4.png,2018-06-02 16:17:16,2018-06-07,26/02/2023 04:14:11,26/02/2023 04:14:11
170,172,College of Education and Liberal Arts,Social Science Department,2018-2019,2nd Semester,5,Contractual Full-time,Teaching,New,No overload & assigning only,,,Budgeted,,,2,1,1,2,6,Completed,chair.esignature1.png,dean.esignature2.png,vpa.esignature3.png,director.esignature4.png,2019-01-03 17:24:16,2019-01-06,23/01/2023 17:10:49,23/01/2023 17:10:49
171,173,College of Education and Liberal Arts,Social Science Department,2019-2020,1st Semester,3,Contractual Part-time,Teaching,Additional,No overload & assigning only,,,Budgeted,,,0,1,4,0,5,Completed,chair.esignature1.png,dean.esignature2.png,vpa.esignature3.png,director.esignature4.png,2019-06-28 11:07:12,2019-07-01,10/01/2023 23:00:58,10/01/2023 23:00:58
172,174,College of Education and Liberal Arts,Social Science Department,2019-2020,2nd Semester,3,Permanent Full-time,Teaching,New,No overload & assigning only,,,Budgeted,,,2,1,2,0,5,Waiting for Approval,chair.esignature1.png,dean.esignature2.png,vpa.esignature3.png,director.esignature4.png,2019-01-03 17:24:16,2019-11-21,13/02/2023 20:19:03,13/02/2023 20:19:03
173,175,College of Education and Liberal Arts,Social Science Department,2020-2021,1st Semester,4,Contractual Full-time,Teaching,Additional,No overload & assigning only,,,Budgeted,,,0,3,3,2,8,Completed,chair.esignature1.png,dean.esignature2.png,vpa.esignature3.png,director.esignature4.png,2020-05-27 18:01:07,2020-05-29,29/03/2023 08:33:38,29/03/2023 08:33:38
174,177,College of Education and Liberal Arts,Social Science Department,2021-2022,1st Semester,4,Permanent Full-time,Teaching,Additional,For possible de loading of our faculty.,,,Budgeted,,,3,1,3,1,8,Completed,chair.esignature1.png,dean.esignature2.png,vpa.esignature3.png,director.esignature4.png,2021-06-17 07:02:48,2021-06-20,15/04/2023 22:57:45,15/04/2023 22:57:45
175,178,College of Education and Liberal Arts,Social Science Department,2021-2022,2nd Semester,4,Contractual Part-time,Teaching,New,For possible de loading of our faculty.,,,Budgeted,,,3,0,2,0,5,Waiting for Approval,chair.esignature1.png,dean.esignature2.png,vpa.esignature3.png,director.esignature4.png,2020-05-27 18:01:07,2022-01-02,02/03/2023 23:29:43,02/03/2023 23:29:43
176,179,College of Education and Liberal Arts,Social Science Department,2022-2023,1st Semester,5,Permanent Full-time,Teaching,New,For possible de loading of our faculty.,,,Budgeted,,,5,1,1,2,9,Completed,chair.esignature1.png,dean.esignature2.png,vpa.esignature3.png,director.esignature4.png,2022-07-24 18:13:32,2022-07-28,16/02/2023 20:37:51,16/02/2023 20:37:51
177,180,College of Education and Liberal Arts,Social Science Department,2022-2023,2nd Semester,3,Contractual Full-time,Teaching,Additional,For possible de loading of our faculty.,,,Budgeted,,,2,3,2,0,7,Completed,chair.esignature1.png,dean.esignature2.png,vpa.esignature3.png,director.esignature4.png,2022-11-16 14:30:59,2022-11-19,18/05/2023 19:07:42,18/05/2023 19:07:42
178,181,College of Engineering,Chemical Engineering Department,2018-2019,1st Semester,2,Contractual Full-time,Teaching,Additional,Excess units that the current roster of Department can no longer accomodate,,,Budgeted,,,0,3,5,0,8,Waiting for Approval,chair.esignature1.png,dean.esignature2.png,vpa.esignature3.png,director.esignature4.png,2022-01-01 19:15:50,2018-07-22,25/02/2023 16:32:32,25/02/2023 16:32:32
179,182,College of Engineering,Chemical Engineering Department,2018-2019,2nd Semester,3,Contractual Full-time,Teaching,New,Excess units that the current roster of Department can no longer accomodate,,,Budgeted,,,1,1,3,2,7,Completed,chair.esignature1.png,dean.esignature2.png,vpa.esignature3.png,director.esignature4.png,2018-10-26 20:29:13,2018-10-28,27/02/2023 12:08:05,27/02/2023 12:08:05
180,185,College of Engineering,Chemical Engineering Department,2020-2021,1st Semester,2,Contractual Full-time,Teaching,New,Excess units that the current roster of Department can no longer accomodate,,,Budgeted,,,3,1,3,0,7,Waiting for Approval,chair.esignature1.png,dean.esignature2.png,vpa.esignature3.png,director.esignature4.png,2022-11-16 14:30:59,2020-07-12,11/02/2023 15:05:35,11/02/2023 15:05:35
181,186,College of Engineering,Chemical Engineering Department,2020-2021,2nd Semester,4,Contractual Full-time,Teaching,Additional,Excess units that the current roster of Department can no longer accomodate,,,Budgeted,,,2,3,2,0,7,Approved,chair.esignature1.png,dean.esignature2.png,vpa.esignature3.png,director.esignature4.png,2020-11-04 18:03:15,2020-11-07,02/05/2023 8:19:00,02/05/2023 8:19:00
182,187,College of Engineering,Chemical Engineering Department,2021-2022,1st Semester,3,Permanent Full-time,Teaching,Additional,Excess units that the current roster of Department can no longer accomodate,,,Budgeted,,,5,1,2,0,8,Completed,chair.esignature1.png,dean.esignature2.png,vpa.esignature3.png,director.esignature4.png,2021-07-10 10:24:24,2021-07-13,30/05/2023 20:50:16,30/05/2023 20:50:16
183,188,College of Engineering,Chemical Engineering Department,2021-2022,2nd Semester,2,Contractual Full-time,Teaching,New,Please see attached excess load from the dept.,,,Budgeted,,,2,1,2,0,5,Completed,chair.esignature1.png,dean.esignature2.png,vpa.esignature3.png,director.esignature4.png,2021-11-03 08:05:24,2021-11-05,23/06/2023 02:17:29,23/06/2023 02:17:29
184,189,College of Engineering,Chemical Engineering Department,2022-2023,1st Semester,4,Contractual Part-time,Teaching,New,Please see attached excess load from the dept.,,,Budgeted,,,0,1,2,0,3,Waiting for Approval,chair.esignature1.png,dean.esignature2.png,vpa.esignature3.png,director.esignature4.png,2019-11-06 13:46:40,2022-06-06,04/04/2023 22:23:41,04/04/2023 22:23:41
185,190,College of Engineering,Chemical Engineering Department,2022-2023,2nd Semester,4,Permanent Full-time,Teaching,New,Please see attached excess load from the dept.,,,Budgeted,,,4,2,1,0,7,Waiting for Approval,chair.esignature1.png,dean.esignature2.png,vpa.esignature3.png,director.esignature4.png,2020-07-03 14:52:18,2022-11-01,22/05/2023 20:58:45,22/05/2023 20:58:45
186,191,College of Engineering,Civil Engineering Department,2018-2019,1st Semester,4,Permanent Full-time,Teaching,Additional,Please see attached excess load from the dept.,,,Budgeted,,,4,1,0,1,6,Approved,chair.esignature1.png,dean.esignature2.png,vpa.esignature3.png,director.esignature4.png,2018-07-12 11:14:46,2018-07-17,13/03/2023 10:32:35,13/03/2023 10:32:35
187,192,College of Engineering,Civil Engineering Department,2018-2019,2nd Semester,5,Contractual Full-time,Teaching,Additional,Please see attached excess load from the dept.,,,Budgeted,,,0,1,2,1,4,Completed,chair.esignature1.png,dean.esignature2.png,vpa.esignature3.png,director.esignature4.png,2018-12-09 06:09:28,2018-12-11,12/06/2023 16:51:26,12/06/2023 16:51:26
188,193,College of Engineering,Civil Engineering Department,2019-2020,1st Semester,4,Contractual Full-time,Teaching,Additional,Please see attached excess load from the dept.,,,Budgeted,,,0,2,3,2,7,Completed,chair.esignature1.png,dean.esignature2.png,vpa.esignature3.png,director.esignature4.png,2019-06-21 20:10:27,2019-06-27,18/01/2023 03:41:38,18/01/2023 03:41:38
189,194,College of Engineering,Civil Engineering Department,2019-2020,2nd Semester,4,Permanent Full-time,Teaching,New,Please see attached excess load from the dept.,,,Budgeted,,,3,1,1,0,5,Waiting for Approval,chair.esignature1.png,dean.esignature2.png,vpa.esignature3.png,director.esignature4.png,2022-06-06 22:44:47,2019-12-13,13/01/2023 14:25:19,13/01/2023 14:25:19
190,195,College of Engineering,Civil Engineering Department,2020-2021,1st Semester,3,Contractual Full-time,Teaching,New,Please see attached excess load from the dept.,,,Budgeted,,,1,1,4,1,7,Waiting for Approval,chair.esignature1.png,dean.esignature2.png,vpa.esignature3.png,director.esignature4.png,2022-10-15 00:48:41,2020-07-12,11/06/2023 20:42:15,11/06/2023 20:42:15
191,196,College of Engineering,Civil Engineering Department,2020-2021,2nd Semester,5,Contractual Full-time,Teaching,New,Excess units that the current roster of Department can no longer accomodate,,,Budgeted,,,2,1,0,1,4,Approved,chair.esignature1.png,dean.esignature2.png,vpa.esignature3.png,director.esignature4.png,2020-11-10 04:44:26,2020-11-15,06/04/2023 10:40:05,06/04/2023 10:40:05
192,197,College of Engineering,Civil Engineering Department,2021-2022,1st Semester,5,Contractual Full-time,Teaching,Replacement,,Transfer,,Budgeted,,,5,0,3,0,8,Completed,chair.esignature1.png,dean.esignature2.png,vpa.esignature3.png,director.esignature4.png,2021-07-02 14:20:49,2021-07-05,27/05/2023 17:19:31,27/05/2023 17:19:31
193,198,College of Engineering,Civil Engineering Department,2021-2022,2nd Semester,4,Contractual Part-time,Teaching,Additional,Excess units that the current roster of Department can no longer accomodate,,,Budgeted,,,4,0,2,1,7,Completed,chair.esignature1.png,dean.esignature2.png,vpa.esignature3.png,director.esignature4.png,2021-11-03 14:08:35,2021-11-05,15/03/2023 21:02:59,15/03/2023 21:02:59
194,199,College of Engineering,Civil Engineering Department,2022-2023,1st Semester,3,Contractual Full-time,Teaching,New,Excess units that the current roster of Department can no longer accomodate,,,Budgeted,,,0,1,1,1,3,Waiting for Approval,chair.esignature1.png,dean.esignature2.png,vpa.esignature3.png,director.esignature4.png,2019-12-05 10:01:08,2022-06-06,20/02/2023 18:57:38,20/02/2023 18:57:38
195,200,College of Engineering,Civil Engineering Department,2022-2023,2nd Semester,6,Contractual Full-time,Teaching,New,For possible de loading of our faculty.,,,Budgeted,,,1,1,1,0,3,Waiting for Approval,chair.esignature1.png,dean.esignature2.png,vpa.esignature3.png,director.esignature4.png,2020-06-02 08:56:33,2022-11-01,05/05/2023 0:29:24,05/05/2023 0:29:24
196,201,College of Engineering,Computer Engineering Department,2018-2019,1st Semester,4,Contractual Part-time,Teaching,Replacement,,Others,For possible de loading of our faculty.,Budgeted,,,3,2,5,2,12,Approved,chair.esignature1.png,dean.esignature2.png,vpa.esignature3.png,director.esignature4.png,2018-06-12 16:49:20,2018-06-16,17/01/2023 03:11:56,17/01/2023 03:11:56
197,202,College of Engineering,Computer Engineering Department,2018-2019,2nd Semester,4,Permanent Full-time,Teaching,Additional,For possible de loading of our faculty.,,,Budgeted,,,3,2,1,0,6,Completed,chair.esignature1.png,dean.esignature2.png,vpa.esignature3.png,director.esignature4.png,2018-11-27 03:51:26,2018-11-29,22/01/2023 19:00:46,22/01/2023 19:00:46
198,203,College of Engineering,Computer Engineering Department,2019-2020,1st Semester,6,Permanent Full-time,Teaching,Additional,For possible de loading of our faculty.,,,Budgeted,,,0,0,2,0,2,Completed,chair.esignature1.png,dean.esignature2.png,vpa.esignature3.png,director.esignature4.png,2019-06-09 00:59:39,2019-06-11,28/01/2023 13:28:43,28/01/2023 13:28:43
199,204,College of Engineering,Computer Engineering Department,2019-2020,2nd Semester,3,Permanent Full-time,Teaching,Replacement,,Promotion,,Budgeted,,,3,3,3,2,11,Waiting for Approval,chair.esignature1.png,dean.esignature2.png,vpa.esignature3.png,director.esignature4.png,2022-06-03 01:18:12,2019-11-10,20/03/2023 14:10:11,20/03/2023 14:10:11
200,205,College of Engineering,Computer Engineering Department,2020-2021,1st Semester,4,Permanent Full-time,Teaching,Replacement,,Others,Excess units that the current roster of Department can no longer accomodate,Budgeted,,,0,0,4,2,6,Waiting for Approval,chair.esignature1.png,dean.esignature2.png,vpa.esignature3.png,director.esignature4.png,2022-10-22 13:02:36,2020-06-30,11/23/2023 15:29,11/23/2023 15:29
201,206,College of Engineering,Computer Engineering Department,2020-2021,2nd Semester,3,Contractual Full-time,Teaching,Replacement,,Others,Excess units that the current roster of Department can no longer accomodate,Budgeted,,,3,0,2,2,7,Disapproved,chair.esignature1.png,dean.esignature2.png,vpa.esignature3.png,director.esignature4.png,2018-06-12 16:49:20,2020-11-10,12/8/2023 16:03,12/8/2023 16:03
202,207,College of Engineering,Computer Engineering Department,2021-2022,1st Semester,6,Contractual Full-time,Teaching,Additional,For possible de loading of our faculty.,,,Budgeted,,,1,0,1,2,4,Completed,chair.esignature1.png,dean.esignature2.png,vpa.esignature3.png,director.esignature4.png,2021-05-29 21:10:06,2021-06-03,12/11/2023 16:28,12/11/2023 16:28
203,208,College of Engineering,Computer Engineering Department,2021-2022,2nd Semester,2,Contractual Full-time,Teaching,Additional,For possible de loading of our faculty.,,,Budgeted,,,3,3,2,0,8,Completed,chair.esignature1.png,dean.esignature2.png,vpa.esignature3.png,director.esignature4.png,2021-10-30 14:32:33,2021-11-02,12/12/2023 13:58,12/12/2023 13:58
204,209,College of Engineering,Computer Engineering Department,2022-2023,1st Semester,3,Contractual Full-time,Teaching,New,Excess units that the current roster of Department can no longer accomodate,,,Budgeted,,,0,3,2,1,6,Waiting for Approval,chair.esignature1.png,dean.esignature2.png,vpa.esignature3.png,director.esignature4.png,2019-10-17 04:32:09,2022-07-07,12/15/2023 17:30,12/15/2023 17:30
205,210,College of Engineering,Computer Engineering Department,2022-2023,2nd Semester,3,Contractual Full-time,Teaching,Replacement,,Others,Excess units that the current roster of Department can no longer accomodate,Budgeted,,,1,3,3,0,7,Waiting for Approval,chair.esignature1.png,dean.esignature2.png,vpa.esignature3.png,director.esignature4.png,2020-06-15 23:53:21,2023-01-02,12/18/2023 17:42,12/18/2023 17:42
206,211,College of Engineering,Electrical Engineering Department,2018-2019,1st Semester,6,Contractual Full-time,Teaching,Replacement,,Transfer,,Budgeted,,,0,1,5,2,8,Approved,chair.esignature1.png,dean.esignature2.png,vpa.esignature3.png,director.esignature4.png,2018-06-12 18:04:37,2018-06-18,6/2/2023 18:26,6/2/2023 18:26
207,212,College of Engineering,Electrical Engineering Department,2018-2019,2nd Semester,4,Permanent Part-time,Teaching,New,Excess units that the current roster of Department can no longer accomodate,,,Budgeted,,,2,0,5,0,7,Completed,chair.esignature1.png,dean.esignature2.png,vpa.esignature3.png,director.esignature4.png,2018-10-14 03:48:03,2018-10-17,6/9/2023 19:27,6/9/2023 19:27
208,213,College of Engineering,Electrical Engineering Department,2019-2020,1st Semester,3,Permanent Full-time,Teaching,Additional,Excess units that the current roster of Department can no longer accomodate,,,Budgeted,,,5,2,1,0,8,Completed,chair.esignature1.png,dean.esignature2.png,vpa.esignature3.png,director.esignature4.png,2019-07-15 06:17:53,2019-07-18,6/19/2023 20:14,6/19/2023 20:14
209,214,College of Engineering,Electrical Engineering Department,2019-2020,2nd Semester,4,Contractual Full-time,Teaching,New,Excess units that the current roster of Department can no longer accomodate,,,Budgeted,,,2,0,2,2,6,Waiting for Approval,chair.esignature1.png,dean.esignature2.png,vpa.esignature3.png,director.esignature4.png,2022-06-02 17:35:24,2019-12-16,6/20/2023 12:42,6/20/2023 12:42
210,215,College of Engineering,Electrical Engineering Department,2020-2021,1st Semester,5,Permanent Full-time,Teaching,Replacement,,Transfer,,Budgeted,,,3,1,1,1,6,Disapproved,chair.esignature1.png,dean.esignature2.png,vpa.esignature3.png,director.esignature4.png,2023-11-19 02:59:20,2020-06-14,6/23/2023 13:45,6/23/2023 13:45
211,216,College of Engineering,Electrical Engineering Department,2020-2021,2nd Semester,4,Permanent Full-time,Teaching,New,Insufficient faculty members.,,,Budgeted,,,5,2,1,1,9,Approved,chair.esignature1.png,dean.esignature2.png,vpa.esignature3.png,director.esignature4.png,2020-12-24 16:06:54,2020-12-27,6/19/2023 20:14,6/19/2023 20:14
212,217,College of Engineering,Electrical Engineering Department,2021-2022,1st Semester,2,Contractual Full-time,Teaching,Additional,Insufficient faculty members.,,,Budgeted,,,3,3,3,1,10,Completed,chair.esignature1.png,dean.esignature2.png,vpa.esignature3.png,director.esignature4.png,2021-07-15 21:32:19,2021-07-18,6/20/2023 12:42,6/20/2023 12:42
213,218,College of Engineering,Electrical Engineering Department,2021-2022,2nd Semester,5,Contractual Full-time,Teaching,Additional,Insufficient faculty members.,,,Budgeted,,,1,3,5,0,9,Completed,chair.esignature1.png,dean.esignature2.png,vpa.esignature3.png,director.esignature4.png,2021-11-03 09:28:09,2021-11-07,6/23/2023 13:45,6/23/2023 13:45
214,219,College of Engineering,Electrical Engineering Department,2022-2023,1st Semester,6,Contractual Full-time,Teaching,Additional,Insufficient faculty members.,,,Budgeted,,,4,1,1,2,8,Waiting for Approval,chair.esignature1.png,dean.esignature2.png,vpa.esignature3.png,director.esignature4.png,2019-12-10 04:38:40,2022-07-18,6/19/2023 20:14,6/19/2023 20:14
215,220,College of Engineering,Electrical Engineering Department,2022-2023,2nd Semester,5,Contractual Full-time,Teaching,New,Replacement for 2 full time faculty,,,Budgeted,,,3,2,3,2,10,Waiting for Approval,chair.esignature1.png,dean.esignature2.png,vpa.esignature3.png,director.esignature4.png,2020-06-10 07:05:15,2022-12-06,6/20/2023 12:42,6/20/2023 12:42
216,221,College of Engineering,Electronics Engineering Department,2018-2019,1st Semester,3,Contractual Full-time,Teaching,New,Replacement for 2 full time faculty,,,Budgeted,,,5,2,3,2,12,Waiting for Approval,chair.esignature1.png,dean.esignature2.png,vpa.esignature3.png,director.esignature4.png,2020-12-24 16:06:54,2018-06-19,6/23/2023 13:45,6/23/2023 13:45
217,222,College of Engineering,Electronics Engineering Department,2018-2019,2nd Semester,5,Permanent Full-time,Teaching,Replacement,,Resigned,,Budgeted,,,5,1,2,2,10,Completed,chair.esignature1.png,dean.esignature2.png,vpa.esignature3.png,director.esignature4.png,2018-10-14 02:41:02,2018-10-19,6/19/2023 20:14,6/19/2023 20:14
218,223,College of Engineering,Electronics Engineering Department,2019-2020,1st Semester,0,Permanent Full-time,Teaching,Replacement,,Promotion,,Budgeted,,,2,3,1,0,6,Disapproved,chair.esignature1.png,dean.esignature2.png,vpa.esignature3.png,director.esignature4.png,2021-11-03 09:28:09,2019-06-03,6/20/2023 12:42,6/20/2023 12:42
219,224,College of Engineering,Electronics Engineering Department,2019-2020,2nd Semester,5,Contractual Full-time,Teaching,Replacement,,Transfer,,Budgeted,,,3,0,0,2,5,Completed,chair.esignature1.png,dean.esignature2.png,vpa.esignature3.png,director.esignature4.png,2019-10-13 04:16:06,2019-10-17,6/23/2023 13:45,6/23/2023 13:45
220,225,College of Engineering,Electronics Engineering Department,2020-2021,1st Semester,5,Permanent Full-time,Teaching,Additional,To handle the petitioned / tutorial classes,,,Budgeted,,,2,2,5,2,11,Completed,chair.esignature1.png,dean.esignature2.png,vpa.esignature3.png,director.esignature4.png,2020-04-17 19:37:44,2020-04-22,6/19/2023 20:14,6/19/2023 20:14
221,226,College of Engineering,Electronics Engineering Department,2020-2021,2nd Semester,3,Permanent Full-time,Teaching,Additional,To handle the petitioned / tutorial classes,,,Budgeted,,,1,0,5,2,8,Waiting for Approval,chair.esignature1.png,dean.esignature2.png,vpa.esignature3.png,director.esignature4.png,2018-06-17 22:44:50,2020-12-31,6/20/2023 12:42,6/20/2023 12:42
222,227,College of Engineering,Electronics Engineering Department,2021-2022,1st Semester,2,Permanent Full-time,Teaching,New,Insufficient faculty members.,,,Budgeted,,,0,2,4,2,8,Waiting for Approval,chair.esignature1.png,dean.esignature2.png,vpa.esignature3.png,director.esignature4.png,2018-10-14 02:41:02,2021-06-12,6/23/2023 13:45,6/23/2023 13:45
223,228,College of Engineering,Electronics Engineering Department,2021-2022,2nd Semester,3,Permanent Full-time,Teaching,Additional,Insufficient faculty members.,,,Budgeted,,,1,1,4,1,7,Completed,chair.esignature1.png,dean.esignature2.png,vpa.esignature3.png,director.esignature4.png,2021-11-15 05:03:38,2021-11-20,6/19/2023 20:14,6/19/2023 20:14
224,229,College of Engineering,Electronics Engineering Department,2022-2023,1st Semester,5,Contractual Full-time,Teaching,New,Insufficient faculty members.,,,Budgeted,,,2,1,2,0,5,Completed,chair.esignature1.png,dean.esignature2.png,vpa.esignature3.png,director.esignature4.png,2022-06-02 13:43:45,2022-06-08,6/20/2023 12:42,6/20/2023 12:42
225,230,College of Engineering,Electronics Engineering Department,2022-2023,2nd Semester,4,Contractual Full-time,Teaching,New,Insufficient faculty members.,,,Budgeted,,,1,1,1,2,5,Waiting for Approval,chair.esignature1.png,dean.esignature2.png,vpa.esignature3.png,director.esignature4.png,2020-04-17 19:37:44,2023-01-03,6/23/2023 13:45,6/23/2023 13:45
226,231,College of Engineering,Mining Engineering and Geology Department,2018-2019,1st Semester,4,Contractual Full-time,Teaching,Replacement,,Transfer,,Budgeted,,,4,0,0,1,5,Completed,chair.esignature1.png,dean.esignature2.png,vpa.esignature3.png,director.esignature4.png,2018-05-17 01:29:52,2018-05-23,6/19/2023 20:14,6/19/2023 20:14
227,232,College of Engineering,Mining Engineering and Geology Department,2018-2019,2nd Semester,4,Contractual Part-time,Teaching,Additional,No overload & assigning only,,,Budgeted,,,3,3,1,2,9,Completed,chair.esignature1.png,dean.esignature2.png,vpa.esignature3.png,director.esignature4.png,2018-10-18 10:04:47,2018-10-21,6/20/2023 12:42,6/20/2023 12:42
228,233,College of Engineering,Mining Engineering and Geology Department,2019-2020,1st Semester,5,Contractual Full-time,Teaching,New,No overload & assigning only,,,Budgeted,,,2,3,4,2,11,Completed,chair.esignature1.png,dean.esignature2.png,vpa.esignature3.png,director.esignature4.png,2019-05-25 11:36:38,2019-05-27,6/23/2023 13:45,6/23/2023 13:45
229,234,College of Engineering,Mining Engineering and Geology Department,2019-2020,2nd Semester,5,Permanent Full-time,Teaching,New,No overload & assigning only,,,Budgeted,,,5,3,2,2,12,Waiting for Approval,chair.esignature1.png,dean.esignature2.png,vpa.esignature3.png,director.esignature4.png,2022-06-02 13:43:45,2019-11-26,6/19/2023 20:14,6/19/2023 20:14
230,235,College of Engineering,Mining Engineering and Geology Department,2020-2021,1st Semester,4,Permanent Full-time,Teaching,Replacement,,Promotion,,Budgeted,,,3,0,4,1,8,Approved,chair.esignature1.png,dean.esignature2.png,vpa.esignature3.png,director.esignature4.png,2022-11-27 12:08:17,2020-07-18,6/20/2023 12:42,6/20/2023 12:42
231,236,College of Engineering,Mining Engineering and Geology Department,2020-2021,2nd Semester,5,Permanent Full-time,Teaching,Additional,No overload & assigning only,,,Budgeted,,,1,0,3,0,4,Approved,chair.esignature1.png,dean.esignature2.png,vpa.esignature3.png,director.esignature4.png,2018-05-17 01:29:52,2020-11-02,6/23/2023 13:45,6/23/2023 13:45
232,237,College of Engineering,Mining Engineering and Geology Department,2021-2022,1st Semester,4,Permanent Part-time,Teaching,Additional,Insufficient faculty members.,,,Budgeted,,,0,2,4,2,8,Completed,chair.esignature1.png,dean.esignature2.png,vpa.esignature3.png,director.esignature4.png,2018-10-18 10:04:47,2021-07-03,6/19/2023 20:14,6/19/2023 20:14
233,238,College of Engineering,Mining Engineering and Geology Department,2021-2022,2nd Semester,4,Permanent Full-time,Teaching,New,Insufficient faculty members.,,,Budgeted,,,2,0,4,1,7,Approved,chair.esignature1.png,dean.esignature2.png,vpa.esignature3.png,director.esignature4.png,2019-05-25 11:36:38,2021-11-22,6/20/2023 12:42,6/20/2023 12:42
234,239,College of Engineering,Mining Engineering and Geology Department,2022-2023,1st Semester,4,Contractual Part-time,Teaching,New,Insufficient faculty members.,,,Budgeted,,,3,1,4,2,10,Completed,chair.esignature1.png,dean.esignature2.png,vpa.esignature3.png,director.esignature4.png,2019-11-17 12:52:15,2022-07-02,6/23/2023 13:45,6/23/2023 13:45
235,240,College of Engineering,Mining Engineering and Geology Department,2022-2023,2nd Semester,3,Contractual Part-time,Teaching,New,Insufficient faculty members.,,,Budgeted,,,2,0,1,0,3,Completed,chair.esignature1.png,dean.esignature2.png,vpa.esignature3.png,director.esignature4.png,2020-06-06 18:11:20,2022-11-11,6/19/2023 20:14,6/19/2023 20:14
236,241,College of Engineering,Industrial Engineering Department,2018-2019,1st Semester,5,Contractual Part-time,Teaching,Replacement,,Resigned,,Budgeted,,,2,1,0,0,3,Approved,chair.esignature1.png,dean.esignature2.png,vpa.esignature3.png,director.esignature4.png,2020-09-15 12:18:26,2018-06-15,6/20/2023 12:42,6/20/2023 12:42
237,242,College of Engineering,Industrial Engineering Department,2018-2019,2nd Semester,3,Contractual Full-time,Teaching,Additional,Insufficient faculty members.,,,Budgeted,,,1,1,4,0,6,Completed,chair.esignature1.png,dean.esignature2.png,vpa.esignature3.png,director.esignature4.png,2021-06-19 14:41:25,2018-11-14,6/23/2023 13:45,6/23/2023 13:45
238,243,College of Engineering,Industrial Engineering Department,2019-2020,1st Semester,4,Contractual Full-time,Teaching,Additional,Insufficient faculty members.,,,Budgeted,,,2,2,1,1,6,Approved,chair.esignature1.png,dean.esignature2.png,vpa.esignature3.png,director.esignature4.png,2021-10-12 22:25:15,2019-06-21,6/19/2023 20:14,6/19/2023 20:14
239,244,College of Engineering,Industrial Engineering Department,2019-2020,2nd Semester,6,Permanent Full-time,Teaching,Replacement,,Promotion,,Budgeted,,,3,2,1,0,6,Waiting for Approval,chair.esignature1.png,dean.esignature2.png,vpa.esignature3.png,director.esignature4.png,2022-05-15 18:39:14,2020-01-10,6/20/2023 12:42,6/20/2023 12:42
240,245,College of Engineering,Industrial Engineering Department,2020-2021,1st Semester,4,Permanent Full-time,Teaching,New,Insufficient faculty members.,,,Budgeted,,,4,1,1,0,6,Approved,chair.esignature1.png,dean.esignature2.png,vpa.esignature3.png,director.esignature4.png,2022-08-07 07:42:24,2020-07-07,6/23/2023 13:45,6/23/2023 13:45
241,246,College of Engineering,Industrial Engineering Department,2020-2021,2nd Semester,5,Permanent Full-time,Teaching,New,Insufficient faculty members.,,,Budgeted,,,5,2,2,2,11,Completed,chair.esignature1.png,dean.esignature2.png,vpa.esignature3.png,director.esignature4.png,2018-05-29 10:16:37,2020-11-21,6/19/2023 20:14,6/19/2023 20:14
242,247,College of Engineering,Industrial Engineering Department,2021-2022,1st Semester,4,Permanent Full-time,Teaching,Additional,No overload & assigning only,,,Budgeted,,,1,1,3,1,6,Approved,chair.esignature1.png,dean.esignature2.png,vpa.esignature3.png,director.esignature4.png,2018-10-29 00:22:49,2021-06-25,6/20/2023 12:42,6/20/2023 12:42
243,248,College of Engineering,Industrial Engineering Department,2021-2022,2nd Semester,4,Contractual Part-time,Teaching,New,No overload & assigning only,,,Budgeted,,,2,3,3,2,10,Completed,chair.esignature1.png,dean.esignature2.png,vpa.esignature3.png,director.esignature4.png,2019-05-13 23:51:41,2021-11-20,6/23/2023 13:45,6/23/2023 13:45
244,249,College of Engineering,Industrial Engineering Department,2022-2023,1st Semester,6,Permanent Part-time,Teaching,New,No overload & assigning only,,,Budgeted,,,3,3,5,2,13,Completed,chair.esignature1.png,dean.esignature2.png,vpa.esignature3.png,director.esignature4.png,2019-12-10 10:00:02,2022-06-15,6/19/2023 20:14,6/19/2023 20:14
245,251,College of Engineering,Mechanical Engineering Department,2018-2019,1st Semester,5,Contractual Full-time,Teaching,New,No overload & assigning only,,,Budgeted,,,4,3,4,2,13,Waiting for Approval,chair.esignature1.png,dean.esignature2.png,vpa.esignature3.png,director.esignature4.png,2020-05-19 18:24:19,2018-07-05,6/23/2023 13:45,6/23/2023 13:45
246,252,College of Engineering,Mechanical Engineering Department,2018-2019,2nd Semester,4,Permanent Full-time,Teaching,Additional,No overload & assigning only,,,Budgeted,,,3,3,4,0,10,Approved,chair.esignature1.png,dean.esignature2.png,vpa.esignature3.png,director.esignature4.png,2020-10-11 12:14:20,2018-12-17,6/19/2023 20:14,6/19/2023 20:14
247,253,College of Engineering,Mechanical Engineering Department,2019-2020,1st Semester,3,Permanent Full-time,Teaching,New,For possible de loading of our faculty.,,,Budgeted,,,2,1,5,2,10,Completed,chair.esignature1.png,dean.esignature2.png,vpa.esignature3.png,director.esignature4.png,2021-05-14 04:45:52,2019-07-10,6/20/2023 12:42,6/20/2023 12:42
248,254,College of Engineering,Mechanical Engineering Department,2019-2020,2nd Semester,4,Permanent Full-time,Teaching,Additional,For possible de loading of our faculty.,,,Budgeted,,,5,0,2,0,7,Approved,chair.esignature1.png,dean.esignature2.png,vpa.esignature3.png,director.esignature4.png,2021-10-29 03:53:52,2019-11-30,6/23/2023 13:45,6/23/2023 13:45
249,255,College of Engineering,Mechanical Engineering Department,2020-2021,1st Semester,4,Contractual Full-time,Teaching,New,For possible de loading of our faculty.,,,Budgeted,,,1,2,2,1,6,Completed,chair.esignature1.png,dean.esignature2.png,vpa.esignature3.png,director.esignature4.png,2022-05-25 21:02:08,2020-06-20,6/19/2023 20:14,6/19/2023 20:14
250,256,College of Engineering,Mechanical Engineering Department,2020-2021,2nd Semester,4,Contractual Full-time,Teaching,New,For possible de loading of our faculty.,,,Budgeted,,,1,0,4,0,5,Completed,chair.esignature1.png,dean.esignature2.png,vpa.esignature3.png,director.esignature4.png,2022-12-05 09:19:44,2021-01-14,6/20/2023 12:42,6/20/2023 12:42
251,257,College of Engineering,Mechanical Engineering Department,2021-2022,1st Semester,6,Contractual Full-time,Teaching,Additional,For possible de loading of our faculty.,,,Budgeted,,,5,0,0,0,5,Approved,chair.esignature1.png,dean.esignature2.png,vpa.esignature3.png,director.esignature4.png,2018-06-22 11:22:50,2021-07-25,6/23/2023 13:45,6/23/2023 13:45
252,258,College of Engineering,Mechanical Engineering Department,2021-2022,2nd Semester,3,Contractual Full-time,Teaching,Additional,Excess units that the current roster of Department can no longer accomodate,,,Budgeted,,,5,1,4,0,10,Waiting for Approval,chair.esignature1.png,dean.esignature2.png,vpa.esignature3.png,director.esignature4.png,2018-10-01 04:31:45,2021-11-12,6/19/2023 20:14,6/19/2023 20:14
253,259,College of Engineering,Mechanical Engineering Department,2022-2023,1st Semester,4,Contractual Full-time,Teaching,New,Excess units that the current roster of Department can no longer accomodate,,,Budgeted,,,2,3,1,2,8,Approved,chair.esignature1.png,dean.esignature2.png,vpa.esignature3.png,director.esignature4.png,2019-06-09 04:25:15,2022-07-06,6/20/2023 12:42,6/20/2023 12:42
254,260,College of Engineering,Mechanical Engineering Department,2022-2023,2nd Semester,4,Contractual Part-time,Teaching,Additional,Excess units that the current roster of Department can no longer accomodate,,,Budgeted,,,3,3,1,1,8,Completed,chair.esignature1.png,dean.esignature2.png,vpa.esignature3.png,director.esignature4.png,2019-10-09 03:41:33,2023-01-09,6/23/2023 13:45,6/23/2023 13:45
255,261,College of Law,Law Department,2018-2019,1st Semester,6,Contractual Part-time,Teaching,New,Excess units that the current roster of Department can no longer accomodate,,,Budgeted,,,2,2,3,0,7,Approved,chair.esignature1.png,dean.esignature2.png,vpa.esignature3.png,director.esignature4.png,2020-05-25 01:07:04,2018-07-17,6/19/2023 20:14,6/19/2023 20:14
256,262,College of Law,Law Department,2018-2019,2nd Semester,2,Permanent Full-time,Teaching,New,Excess units that the current roster of Department can no longer accomodate,,,Budgeted,,,1,0,1,2,4,Completed,chair.esignature1.png,dean.esignature2.png,vpa.esignature3.png,director.esignature4.png,2021-10-29 00:45:23,2018-11-06,6/20/2023 12:42,6/20/2023 12:42
257,263,College of Law,Law Department,2019-2020,1st Semester,3,Permanent Full-time,Teaching,Additional,Excess units that the current roster of Department can no longer accomodate,,,Budgeted,,,1,0,2,0,3,Completed,chair.esignature1.png,dean.esignature2.png,vpa.esignature3.png,director.esignature4.png,2021-06-13 05:29:54,2019-06-27,6/23/2023 13:45,6/23/2023 13:45
258,264,College of Law,Law Department,2019-2020,2nd Semester,3,Permanent Full-time,Teaching,Additional,Excess units that the current roster of Department can no longer accomodate,,,Budgeted,,,0,0,3,0,3,Approved,chair.esignature1.png,dean.esignature2.png,vpa.esignature3.png,director.esignature4.png,2021-10-22 15:22:28,2019-11-24,6/19/2023 20:14,6/19/2023 20:14
259,265,College of Law,Law Department,2020-2021,1st Semester,6,Permanent Full-time,Teaching,New,Please see attached excess load from the dept.,,,Budgeted,,,2,2,4,0,8,Waiting for Approval,chair.esignature1.png,dean.esignature2.png,vpa.esignature3.png,director.esignature4.png,2022-06-16 14:59:56,2020-07-05,6/20/2023 12:42,6/20/2023 12:42
260,266,College of Law,Law Department,2020-2021,2nd Semester,4,Permanent Full-time,Teaching,New,Please see attached excess load from the dept.,,,Budgeted,,,4,2,1,1,8,Approved,chair.esignature1.png,dean.esignature2.png,vpa.esignature3.png,director.esignature4.png,2022-10-30 13:09:05,2020-12-12,6/23/2023 13:45,6/23/2023 13:45
261,267,College of Law,Law Department,2021-2022,1st Semester,3,Permanent Part-time,Teaching,New,Please see attached excess load from the dept.,,,Budgeted,,,2,0,0,0,2,Completed,chair.esignature1.png,dean.esignature2.png,vpa.esignature3.png,director.esignature4.png,2018-05-12 14:23:32,2021-06-03,6/19/2023 20:14,6/19/2023 20:14
262,268,College of Law,Law Department,2021-2022,2nd Semester,4,Permanent Part-time,Teaching,Additional,Please see attached excess load from the dept.,,,Budgeted,,,2,1,3,0,6,Approved,chair.esignature1.png,dean.esignature2.png,vpa.esignature3.png,director.esignature4.png,2018-10-22 03:18:13,2021-11-13,6/20/2023 12:42,6/20/2023 12:42
263,269,College of Law,Law Department,2022-2023,1st Semester,5,Permanent Part-time,Teaching,Additional,Please see attached excess load from the dept.,,,Budgeted,,,2,2,1,1,6,Completed,chair.esignature1.png,dean.esignature2.png,vpa.esignature3.png,director.esignature4.png,2019-05-28 02:13:14,2022-06-19,6/23/2023 13:45,6/23/2023 13:45
264,270,College of Law,Law Department,2022-2023,2nd Semester,4,Permanent Part-time,Teaching,Additional,Please see attached excess load from the dept.,,,Budgeted,,,2,2,1,0,5,Completed,chair.esignature1.png,dean.esignature2.png,vpa.esignature3.png,director.esignature4.png,2019-10-14 14:28:20,2023-01-06,6/19/2023 20:14,6/19/2023 20:14
265,271,College of Nursing,Nursing Department,2018-2019,1st Semester,2,Contractual Full-time,Teaching,New,Please see attached excess load from the dept.,,,Budgeted,,,3,2,2,2,9,Waiting for Approval,chair.esignature1.png,dean.esignature2.png,vpa.esignature3.png,director.esignature4.png,2020-06-13 04:10:28,2018-07-20,6/20/2023 12:42,6/20/2023 12:42
266,272,College of Nursing,Nursing Department,2018-2019,2nd Semester,5,Contractual Part-time,Teaching,New,Please see attached excess load from the dept.,,,Budgeted,,,2,3,2,0,7,Completed,chair.esignature1.png,dean.esignature2.png,vpa.esignature3.png,director.esignature4.png,2020-11-07 20:29:58,2018-11-07,6/23/2023 13:45,6/23/2023 13:45
267,273,College of Nursing,Nursing Department,2019-2020,1st Semester,6,Contractual Part-time,Teaching,New,Excess units that the current roster of Department can no longer accomodate,,,Budgeted,,,0,3,5,0,8,Waiting for Approval,chair.esignature1.png,dean.esignature2.png,vpa.esignature3.png,director.esignature4.png,2021-05-23 21:50:22,2019-06-05,6/19/2023 20:14,6/19/2023 20:14
268,274,College of Nursing,Nursing Department,2019-2020,2nd Semester,5,Contractual Part-time,Teaching,Replacement,,Transfer,,Budgeted,,,3,2,5,2,12,Completed,chair.esignature1.png,dean.esignature2.png,vpa.esignature3.png,director.esignature4.png,2021-10-18 03:20:29,2020-01-09,6/20/2023 12:42,6/20/2023 12:42
269,275,College of Nursing,Nursing Department,2020-2021,1st Semester,5,Contractual Full-time,Teaching,Additional,Excess units that the current roster of Department can no longer accomodate,,,Budgeted,,,2,3,4,0,9,Waiting for Approval,chair.esignature1.png,dean.esignature2.png,vpa.esignature3.png,director.esignature4.png,2022-05-16 03:58:41,2020-07-23,6/23/2023 13:45,6/23/2023 13:45
270,276,College of Nursing,Nursing Department,2020-2021,2nd Semester,5,Contractual Part-time,Teaching,New,Excess units that the current roster of Department can no longer accomodate,,,Budgeted,,,1,0,1,0,2,Completed,chair.esignature1.png,dean.esignature2.png,vpa.esignature3.png,director.esignature4.png,2022-12-21 08:30:56,2021-01-06,6/19/2023 20:14,6/19/2023 20:14
271,277,College of Nursing,Nursing Department,2021-2022,1st Semester,5,Permanent Full-time,Teaching,New,For possible de loading of our faculty.,,,Budgeted,,,4,2,5,1,12,Completed,chair.esignature1.png,dean.esignature2.png,vpa.esignature3.png,director.esignature4.png,2018-06-12 22:12:15,2021-06-18,6/20/2023 12:42,6/20/2023 12:42
272,278,College of Nursing,Nursing Department,2021-2022,2nd Semester,5,Contractual Full-time,Teaching,Replacement,,Others,For possible de loading of our faculty.,Budgeted,,,4,0,0,2,6,Waiting for Approval,chair.esignature1.png,dean.esignature2.png,vpa.esignature3.png,director.esignature4.png,2018-10-24 16:46:58,2021-11-15,6/23/2023 13:45,6/23/2023 13:45
273,279,College of Nursing,Nursing Department,2022-2023,1st Semester,5,Permanent Full-time,Teaching,Additional,For possible de loading of our faculty.,,,Budgeted,,,4,1,3,1,9,Completed,chair.esignature1.png,dean.esignature2.png,vpa.esignature3.png,director.esignature4.png,2019-05-18 08:42:03,2022-07-10,6/19/2023 20:14,6/19/2023 20:14
274,280,College of Nursing,Nursing Department,2022-2023,2nd Semester,3,Permanent Full-time,Teaching,Additional,For possible de loading of our faculty.,,,Budgeted,,,5,3,3,0,11,Completed,chair.esignature1.png,dean.esignature2.png,vpa.esignature3.png,director.esignature4.png,2020-11-19 13:49:46,2022-11-03,6/20/2023 12:42,6/20/2023 12:42
275,281,College of Pharmacy,Pharmacy Department,2018-2019,1st Semester,3,Permanent Full-time,Teaching,Replacement,,Promotion,,Budgeted,,,3,1,4,2,10,Completed,chair.esignature1.png,dean.esignature2.png,vpa.esignature3.png,director.esignature4.png,2020-06-08 17:01:51,2018-06-24,6/23/2023 13:45,6/23/2023 13:45
276,284,College of Pharmacy,Pharmacy Department,2019-2020,2nd Semester,4,Contractual Full-time,Teaching,Additional,For possible de loading of our faculty.,,,Budgeted,,,3,1,2,1,7,Waiting for Approval,chair.esignature1.png,dean.esignature2.png,vpa.esignature3.png,director.esignature4.png,2021-11-11 12:44:59,2019-12-11,6/23/2023 13:45,6/23/2023 13:45
277,285,College of Pharmacy,Pharmacy Department,2020-2021,1st Semester,4,Permanent Part-time,Teaching,Additional,For possible de loading of our faculty.,,,Budgeted,,,4,2,5,2,13,Completed,chair.esignature1.png,dean.esignature2.png,vpa.esignature3.png,director.esignature4.png,2021-05-26 17:10:45,2020-07-13,6/19/2023 20:14,6/19/2023 20:14
278,286,College of Pharmacy,Pharmacy Department,2020-2021,2nd Semester,4,Permanent Full-time,Teaching,New,Excess units that the current roster of Department can no longer accomodate,,,Budgeted,,,1,0,1,2,4,Completed,chair.esignature1.png,dean.esignature2.png,vpa.esignature3.png,director.esignature4.png,2021-10-12 21:07:03,2020-12-18,6/20/2023 12:42,6/20/2023 12:42
279,287,College of Pharmacy,Pharmacy Department,2021-2022,1st Semester,5,Contractual Part-time,Teaching,Replacement,,Others,For possible de loading of our faculty.,Budgeted,,,4,3,1,2,10,Completed,chair.esignature1.png,dean.esignature2.png,vpa.esignature3.png,director.esignature4.png,2022-05-16 15:23:39,2021-06-09,6/23/2023 13:45,6/23/2023 13:45
280,289,College of Pharmacy,Pharmacy Department,2022-2023,1st Semester,4,Permanent Full-time,Teaching,New,Excess units that the current roster of Department can no longer accomodate,,,Budgeted,,,3,2,4,0,9,Completed,chair.esignature1.png,dean.esignature2.png,vpa.esignature3.png,director.esignature4.png,2022-10-12 21:12:34,2022-07-27,6/20/2023 12:42,6/20/2023 12:42